ISO-10303-21;
HEADER;
FILE_DESCRIPTION(('ViewDefinition[CoordinationView_V2.0, QuantityTakeOffAddOnView]', 'Option [BaseQuantities:On]', 'Option [GridExport:Off]', 'Option [Assemblies:On]', 'Option [Bolts:On]', 'Option [Rebars:On]', 'Option [PourObjects:Off]', 'Option [Welds:Off]', 'Option [SurfaceTreatments:Off]', 'Option [LocationBy:0]', 'Option [ViewColors:Off]', 'Option [SectionedSpine:Off]', 'Option [PropertySets:On]', 'Option [Export all:Off]'),'2;1');
FILE_NAME('30480-3.ifc','2025-11-05T16:23:41',('DANSK-STAAL\\peh'),('Structural Designer'),'IFC Parser Version: 3.13.2','Tekla Structures 2023 Service Pack 9, IFC Export Version: 4.0.0.0 Mar 26 2024','');
FILE_SCHEMA(('IFC2X3'));
ENDSEC;

DATA;
#1= IFCPERSON('DANSK-STAAL\\peh','Undefined',$,$,$,$,$,$);
#2= IFCORGANIZATION($,'Trimble Solutions Corporation',$,$,$);
#3= IFCPERSONANDORGANIZATION(#1,#2,$);
#4= IFCAPPLICATION(#2,'2023 Service Pack 9','Tekla Structures','Multi material modeling');
#5= IFCOWNERHISTORY(#3,#4,$,.NOCHANGE.,$,$,$,1762356220);
#6= IFCCARTESIANPOINT((0.,0.,0.));
#7= IFCDIRECTION((1.,0.,0.));
#8= IFCDIRECTION((0.,1.,0.));
#9= IFCDIRECTION((0.,0.,1.));
#10= IFCAXIS2PLACEMENT3D(#6,#9,#7);
#11= IFCGEOMETRICREPRESENTATIONCONTEXT($,'Model',3,1.E-05,#10,$);
#12= IFCGEOMETRICREPRESENTATIONSUBCONTEXT('Body','Model',*,*,*,*,#11,$,.MODEL_VIEW.,$);
#13= IFCGEOMETRICREPRESENTATIONSUBCONTEXT('Axis','Model',*,*,*,*,#11,$,.GRAPH_VIEW.,$);
#14= IFCSIUNIT(*,.LENGTHUNIT.,.MILLI.,.METRE.);
#15= IFCMEASUREWITHUNIT(IFCRATIOMEASURE(304.8),#14);
#16= IFCDIMENSIONALEXPONENTS(1,0,0,0,0,0,0);
#17= IFCCONVERSIONBASEDUNIT(#16,.LENGTHUNIT.,'FOOT',#15);
#18= IFCSIUNIT(*,.AREAUNIT.,$,.SQUARE_METRE.);
#19= IFCMEASUREWITHUNIT(IFCRATIOMEASURE(0.09290304),#18);
#20= IFCDIMENSIONALEXPONENTS(2,0,0,0,0,0,0);
#21= IFCCONVERSIONBASEDUNIT(#20,.AREAUNIT.,'SQUARE FOOT',#19);
#22= IFCSIUNIT(*,.VOLUMEUNIT.,$,.CUBIC_METRE.);
#23= IFCMEASUREWITHUNIT(IFCRATIOMEASURE(0.028316846592),#22);
#24= IFCDIMENSIONALEXPONENTS(3,0,0,0,0,0,0);
#25= IFCCONVERSIONBASEDUNIT(#24,.VOLUMEUNIT.,'CUBIC FOOT',#23);
#26= IFCSIUNIT(*,.MASSUNIT.,.KILO.,.GRAM.);
#27= IFCSIUNIT(*,.TIMEUNIT.,$,.SECOND.);
#28= IFCSIUNIT(*,.PLANEANGLEUNIT.,$,.RADIAN.);
#29= IFCMEASUREWITHUNIT(IFCRATIOMEASURE(0.0174532925199433),#28);
#30= IFCDIMENSIONALEXPONENTS(0,0,0,0,0,0,0);
#31= IFCCONVERSIONBASEDUNIT(#30,.PLANEANGLEUNIT.,'DEGREE',#29);
#32= IFCSIUNIT(*,.SOLIDANGLEUNIT.,$,.STERADIAN.);
#33= IFCSIUNIT(*,.THERMODYNAMICTEMPERATUREUNIT.,$,.DEGREE_CELSIUS.);
#34= IFCSIUNIT(*,.LUMINOUSINTENSITYUNIT.,$,.LUMEN.);
#35= IFCUNITASSIGNMENT((#14,#18,#22,#26,#27,#28,#32,#33,#34));
#36= IFCPROJECT('0bNJAiQz90tuFobKm$AyXi',#5,'Akkas\S\fter Lager- og vedlikeholdshall',$,$,$,$,(#11),#35);
#37= IFCLOCALPLACEMENT($,#10);
#38= IFCSITE('1G3t5iv$L1bAtmOK88nsbo',#5,'Undefined',$,$,#37,$,$,.ELEMENT.,$,$,$,$,$);
#39= IFCPOSTALADDRESS($,$,$,$,$,$,$,$,$,$);
#40= IFCLOCALPLACEMENT(#37,#10);
#41= IFCBUILDING('0OCjBclg187edQUhSCADSA',#5,'Undefined',$,$,#40,$,$,.ELEMENT.,$,$,#39);
#42= IFCLOCALPLACEMENT(#40,#10);
#43= IFCBUILDINGSTOREY('3zYVMgekL8auUWHVLGPrxM',#5,'Undefined',$,$,#42,$,$,.ELEMENT.,0.);
#44= IFCOWNERHISTORY(#3,#4,$,.NOCHANGE.,$,$,$,1761300000);
#45= IFCOWNERHISTORY(#3,#4,$,.NOCHANGE.,$,$,$,1761732000);
#46= IFCLOCALPLACEMENT(#42,#10);
#47= IFCELEMENTASSEMBLY('3mybelHzvDv9PNTUUec07c',#45,'Drager',$,$,#46,$,'d38',.NOTDEFINED.,.NOTDEFINED.);
#48= IFCPROPERTYSINGLEVALUE('Cast unit type',$,$,$);
#49= IFCPROPERTYSINGLEVALUE('Control number',$,$,$);
#50= IFCPROPERTYSINGLEVALUE('Cast unit rebar weight',$,$,$);
#51= IFCPROPERTYSINGLEVALUE('Assembly/Cast unit weight',$,IFCMASSMEASURE(43.5),$);
#52= IFCPROPERTYSINGLEVALUE('Assembly/Cast unit bottom elevation',$,IFCLABEL(' +2.236'),$);
#53= IFCPROPERTYSINGLEVALUE('Assembly/Cast unit top elevation',$,IFCLABEL(' +2.426'),$);
#54= IFCPROPERTYSINGLEVALUE('Assembly/Cast unit position code',$,IFCLABEL('210-209/<L'),$);
#55= IFCPROPERTYSINGLEVALUE('Assembly/Cast unit Mark',$,IFCLABEL('d38'),$);
#56= IFCPROPERTYSET('0ZJInHCAr1dxQ1ICs_pB2y',#5,'Tekla Assembly','Assembly Properties',(#48,#49,#50,#51,#52,#53,#54,#55));
#57= IFCQUANTITYLENGTH('Width',$,$,190.);
#58= IFCELEMENTQUANTITY('3i7HBqoLvF$BUHc$$PsnDl',#5,'BaseQuantities',$,$,(#57));
#59= IFCCOLOURRGB($,0.698039215686274,0.4,0.);
#60= IFCSURFACESTYLERENDERING(#59,0.,$,$,$,$,IFCNORMALISEDRATIOMEASURE(0.00390625),IFCSPECULAREXPONENT(10.),.NOTDEFINED.);
#61= IFCSURFACESTYLE('8.8',.POSITIVE.,(#60));
#62= IFCPRESENTATIONSTYLEASSIGNMENT((#61));
#63= IFCCOLOURRGB($,0.,0.,0.);
#64= IFCSURFACESTYLERENDERING(#63,0.,$,$,$,$,IFCNORMALISEDRATIOMEASURE(0.00390625),IFCSPECULAREXPONENT(10.),.NOTDEFINED.);
#65= IFCSURFACESTYLE($,.POSITIVE.,(#64));
#66= IFCPRESENTATIONSTYLEASSIGNMENT((#65));
#67= IFCDIRECTION((1.,0.));
#68= IFCCARTESIANPOINT((0.,0.));
#69= IFCAXIS2PLACEMENT2D(#68,#67);
#70= IFCCIRCLEPROFILEDEF(.AREA.,$,#69,10.);
#71= IFCAXIS2PLACEMENT3D(#6,#8,#7);
#72= IFCEXTRUDEDAREASOLID(#70,#71,#9,10.1);
#73= IFCSTYLEDITEM(#72,(#66),$);
#74= IFCCARTESIANPOINT((0.,0.,-32.5));
#75= IFCCARTESIANTRANSFORMATIONOPERATOR3D($,$,#74,$,$);
#76= IFCSHAPEREPRESENTATION(#12,'Body','SweptSolid',(#72));
#77= IFCREPRESENTATIONMAP(#10,#76);
#78= IFCMAPPEDITEM(#77,#75);
#79= IFCCARTESIANPOINT((50.,0.,32.5));
#80= IFCCARTESIANTRANSFORMATIONOPERATOR3D($,$,#79,$,$);
#81= IFCMAPPEDITEM(#77,#80);
#82= IFCSHAPEREPRESENTATION(#12,'Body','MappedRepresentation',(#78,#81));
#83= IFCPRODUCTDEFINITIONSHAPE($,$,(#82));
#84= IFCCARTESIANPOINT((-50309.9990598488,-96808.9996665573,2330.81000000001));
#85= IFCDIRECTION((0.,0.,-1.));
#86= IFCAXIS2PLACEMENT3D(#84,#85,#8);
#87= IFCLOCALPLACEMENT(#46,#86);
#88= IFCMECHANICALFASTENER('2LRc8Yd1jDl8P9ZZ3lu8q8',#44,'Bolt assembly',$,$,#87,#83,'ID956e6222-9c1b-4dbc-8649-8e30efe08d08',20.,10.);
#89= IFCMECHANICALFASTENERTYPE('1c7MIV791F5PDG9SuNG7Lo',#5,'Bolt assembly',$,$,$,$,$,$);
#90= IFCPROPERTYSINGLEVALUE('Washer count',$,IFCINTEGER(0),$);
#91= IFCPROPERTYSINGLEVALUE('Washer diameter',$,IFCLENGTHMEASURE(20.),$);
#92= IFCPROPERTYSINGLEVALUE('Washer type',$,IFCLABEL('7089'),$);
#93= IFCPROPERTYSINGLEVALUE('Washer name',$,IFCLABEL('Underlagsskive M20-NS-ISO 7089'),$);
#94= IFCPROPERTYSINGLEVALUE('Nut count',$,IFCINTEGER(0),$);
#95= IFCPROPERTYSINGLEVALUE('Nut type',$,IFCLABEL('4032'),$);
#96= IFCPROPERTYSINGLEVALUE('Nut name',$,IFCLABEL('6K-mutter M20-NS-ISO 4032'),$);
#97= IFCPROPERTYSINGLEVALUE('Slotted hole y',$,IFCLENGTHMEASURE(0.),$);
#98= IFCPROPERTYSINGLEVALUE('Slotted hole x',$,IFCLENGTHMEASURE(0.),$);
#99= IFCPROPERTYSINGLEVALUE('Bolt hole diameter',$,IFCLENGTHMEASURE(20.),$);
#100= IFCPROPERTYSINGLEVALUE('Location',$,IFCLABEL('Site'),$);
#101= IFCPROPERTYSINGLEVALUE('Bolt count',$,IFCINTEGER(2),$);
#102= IFCPROPERTYSINGLEVALUE('Bolt size',$,IFCLENGTHMEASURE(20.),$);
#103= IFCPROPERTYSINGLEVALUE('Bolt length',$,IFCLENGTHMEASURE(10.),$);
#104= IFCPROPERTYSINGLEVALUE('Bolt standard',$,IFCLABEL('ISO4017'),$);
#105= IFCPROPERTYSINGLEVALUE('Bolt Name',$,IFCLABEL('6K'),$);
#106= IFCPROPERTYSET('05o6ACnIzEKvRGA6mONSGz',#5,'Tekla Bolt','Bolt Properties',(#90,#91,#92,#93,#94,#95,#96,#97,#98,#99,#100,#101,#102,#103,#104,#105));
#107= IFCMATERIAL('8.8');
#108= IFCLOCALPLACEMENT(#42,#10);
#109= IFCELEMENTASSEMBLY('0kOmFg2k57$vR8STBnR37K',#45,'Drager',$,$,#108,$,'d38',.NOTDEFINED.,.NOTDEFINED.);
#110= IFCPROPERTYSINGLEVALUE('Assembly/Cast unit position code',$,IFCLABEL('210-209/L'),$);
#111= IFCPROPERTYSET('3_18CwPt58I8TDHWTNYE_M',#5,'Tekla Assembly','Assembly Properties',(#48,#49,#50,#51,#52,#53,#110,#55));
#112= IFCSHAPEREPRESENTATION(#12,'Body','MappedRepresentation',(#78,#81));
#113= IFCPRODUCTDEFINITIONSHAPE($,$,(#112));
#114= IFCCARTESIANPOINT((-50309.9990598488,-95463.9996665573,2330.81000000001));
#115= IFCAXIS2PLACEMENT3D(#114,#85,#8);
#116= IFCLOCALPLACEMENT(#108,#115);
#117= IFCMECHANICALFASTENER('1YsRfJbf96n8oTr8j6bwx1',#44,'Bolt assembly',$,$,#116,#113,'ID62d9ba53-9692-46c4-8c9d-d48b4697aec1',20.,10.);
#118= IFCCARTESIANPOINT((50.,0.,-32.5));
#119= IFCCARTESIANTRANSFORMATIONOPERATOR3D($,$,#118,$,$);
#120= IFCMAPPEDITEM(#77,#119);
#121= IFCCARTESIANPOINT((0.,0.,32.5));
#122= IFCCARTESIANTRANSFORMATIONOPERATOR3D($,$,#121,$,$);
#123= IFCMAPPEDITEM(#77,#122);
#124= IFCSHAPEREPRESENTATION(#12,'Body','MappedRepresentation',(#120,#123));
#125= IFCPRODUCTDEFINITIONSHAPE($,$,(#124));
#126= IFCCARTESIANPOINT((-52699.9996665573,-96783.9996665573,2305.81));
#127= IFCDIRECTION((0.,-1.,0.));
#128= IFCAXIS2PLACEMENT3D(#126,#127,#9);
#129= IFCLOCALPLACEMENT(#46,#128);
#130= IFCMECHANICALFASTENER('2qigw4qbr6juOlyDR4dQzS',#44,'Bolt assembly',$,$,#129,#125,'IDb4b2ae84-d25d-46b7-862f-f0d6c49daf5c',20.,10.);
#131= IFCSHAPEREPRESENTATION(#12,'Body','MappedRepresentation',(#120,#123));
#132= IFCPRODUCTDEFINITIONSHAPE($,$,(#131));
#133= IFCCARTESIANPOINT((-52699.9996665573,-95438.9996665573,2305.81));
#134= IFCAXIS2PLACEMENT3D(#133,#127,#9);
#135= IFCLOCALPLACEMENT(#108,#134);
#136= IFCMECHANICALFASTENER('1pp_oAoaH75vSTwx3eB$S8',#44,'Bolt assembly',$,$,#135,#132,'ID73cfec8a-ca44-4717-971d-ebb0e82ff708',20.,10.);
#137= IFCOWNERHISTORY(#3,#4,$,.NOCHANGE.,$,$,$,1761649200);
#138= IFCOWNERHISTORY(#3,#4,$,.NOCHANGE.,$,$,$,1762333200);
#139= IFCLOCALPLACEMENT(#42,#10);
#140= IFCELEMENTASSEMBLY('1PzJ3KKurFGfS3kEQaObDr',#138,'Drager',$,$,#139,$,'d40',.NOTDEFINED.,.NOTDEFINED.);
#141= IFCPROPERTYSINGLEVALUE('Assembly/Cast unit weight',$,IFCMASSMEASURE(34.2),$);
#142= IFCPROPERTYSINGLEVALUE('Assembly/Cast unit bottom elevation',$,IFCLABEL(' +3.295'),$);
#143= IFCPROPERTYSINGLEVALUE('Assembly/Cast unit top elevation',$,IFCLABEL(' +3.520'),$);
#144= IFCPROPERTYSINGLEVALUE('Assembly/Cast unit position code',$,IFCLABEL('209/<L'),$);
#145= IFCPROPERTYSINGLEVALUE('Assembly/Cast unit Mark',$,IFCLABEL('d40'),$);
#146= IFCPROPERTYSET('3wBhN98D5EeOCEF0Jsb8BT',#5,'Tekla Assembly','Assembly Properties',(#48,#49,#50,#141,#142,#143,#144,#145));
#147= IFCQUANTITYLENGTH('Width',$,$,225.000047684836);
#148= IFCELEMENTQUANTITY('3WxJM5Sgf9aBtH882ZE3pu',#5,'BaseQuantities',$,$,(#147));
#149= IFCCARTESIANPOINT((57.,0.,32.5));
#150= IFCCARTESIANTRANSFORMATIONOPERATOR3D($,$,#149,$,$);
#151= IFCMAPPEDITEM(#77,#150);
#152= IFCSHAPEREPRESENTATION(#12,'Body','MappedRepresentation',(#78,#151));
#153= IFCPRODUCTDEFINITIONSHAPE($,$,(#152));
#154= IFCCARTESIANPOINT((-50249.9997208036,-95233.9897441251,3319.91));
#155= IFCDIRECTION((-1.,0.,0.));
#156= IFCAXIS2PLACEMENT3D(#154,#155,#9);
#157= IFCLOCALPLACEMENT(#139,#156);
#158= IFCMECHANICALFASTENER('1v1ec8vUL5_A0ynQJij2Oy',#137,'Bolt assembly',$,$,#157,#153,'ID79068988-e5e5-45f8-a03c-c5a4ecb4263c',20.,10.);
#159= IFCLOCALPLACEMENT(#42,#10);
#160= IFCELEMENTASSEMBLY('3whKs2gs9FM8z6V1eS1wcQ',#138,'Drager',$,$,#159,$,'d39',.NOTDEFINED.,.NOTDEFINED.);
#161= IFCPROPERTYSINGLEVALUE('Assembly/Cast unit bottom elevation',$,IFCLABEL(' +2.281'),$);
#162= IFCPROPERTYSINGLEVALUE('Assembly/Cast unit top elevation',$,IFCLABEL(' +2.506'),$);
#163= IFCPROPERTYSINGLEVALUE('Assembly/Cast unit Mark',$,IFCLABEL('d39'),$);
#164= IFCPROPERTYSET('1EU7ndGVHENAkhVVCWnMx1',#5,'Tekla Assembly','Assembly Properties',(#48,#49,#50,#141,#161,#162,#54,#163));
#165= IFCSHAPEREPRESENTATION(#12,'Body','MappedRepresentation',(#78,#151));
#166= IFCPRODUCTDEFINITIONSHAPE($,$,(#165));
#167= IFCCARTESIANPOINT((-52759.9997208036,-95233.9897441251,2305.81));
#168= IFCAXIS2PLACEMENT3D(#167,#155,#9);
#169= IFCLOCALPLACEMENT(#159,#168);
#170= IFCMECHANICALFASTENER('0RHe4g$1f7FQ7XoNdCkAZ2',#44,'Bolt assembly',$,$,#169,#166,'ID1b46812a-fc1a-473d-a1e1-c979ccb8a8c2',20.,10.);
#171= IFCCARTESIANPOINT((57.,0.,-32.5));
#172= IFCCARTESIANTRANSFORMATIONOPERATOR3D($,$,#171,$,$);
#173= IFCMAPPEDITEM(#77,#172);
#174= IFCSHAPEREPRESENTATION(#12,'Body','MappedRepresentation',(#123,#173));
#175= IFCPRODUCTDEFINITIONSHAPE($,$,(#174));
#176= IFCCARTESIANPOINT((-52759.9997208036,-97043.990255875,2305.81));
#177= IFCAXIS2PLACEMENT3D(#176,#155,#9);
#178= IFCLOCALPLACEMENT(#159,#177);
#179= IFCMECHANICALFASTENER('1$6mPgDUvBbAhejOJZdRJa',#44,'Bolt assembly',$,$,#178,#175,'ID7f1b066a-35ee-4b94-aae8-b584e39db4e4',20.,10.);
#180= IFCSHAPEREPRESENTATION(#12,'Body','MappedRepresentation',(#123,#173));
#181= IFCPRODUCTDEFINITIONSHAPE($,$,(#180));
#182= IFCCARTESIANPOINT((-50249.9997208036,-97043.990255875,3319.91));
#183= IFCAXIS2PLACEMENT3D(#182,#155,#9);
#184= IFCLOCALPLACEMENT(#139,#183);
#185= IFCMECHANICALFASTENER('3pS4NPkPb7jgI5OvW4k1TN',#44,'Bolt assembly',$,$,#184,#181,'IDf37045d9-b999-47b6-a485-639804b81757',20.,10.);
#186= IFCLOCALPLACEMENT(#42,#10);
#187= IFCELEMENTASSEMBLY('2MXV9sypXFH8JkvqjYEpuP',#45,'S\S\xjle',$,$,#186,$,'s47',.NOTDEFINED.,.NOTDEFINED.);
#188= IFCPROPERTYSINGLEVALUE('Assembly/Cast unit weight',$,IFCMASSMEASURE(43.7),$);
#189= IFCPROPERTYSINGLEVALUE('Assembly/Cast unit bottom elevation',$,IFCLABEL(' +0.000'),$);
#190= IFCPROPERTYSINGLEVALUE('Assembly/Cast unit top elevation',$,IFCLABEL(' +2.281'),$);
#191= IFCPROPERTYSINGLEVALUE('Assembly/Cast unit Mark',$,IFCLABEL('s47'),$);
#192= IFCPROPERTYSET('2Q355qz5r7RAy4E3AYHdek',#5,'Tekla Assembly','Assembly Properties',(#48,#49,#50,#188,#189,#190,#110,#191));
#193= IFCQUANTITYLENGTH('Width',$,$,139.997809296845);
#194= IFCELEMENTQUANTITY('1ByXJp5db4$P83LQyeNy1K',#5,'BaseQuantities',$,$,(#193));
#195= IFCSHAPEREPRESENTATION(#12,'Body','MappedRepresentation',(#78,#81));
#196= IFCPRODUCTDEFINITIONSHAPE($,$,(#195));
#197= IFCCARTESIANPOINT((-52784.9990598488,-95438.9996665573,2270.81000000001));
#198= IFCAXIS2PLACEMENT3D(#197,#127,#7);
#199= IFCLOCALPLACEMENT(#186,#198);
#200= IFCMECHANICALFASTENER('1IFh0rqp51TBnlqwCcjbwJ',#44,'Bolt assembly',$,$,#199,#196,'ID523eb035-d331-4174-bc6f-d3a326b65e93',20.,10.);
#201= IFCLOCALPLACEMENT(#42,#10);
#202= IFCELEMENTASSEMBLY('3d4ereZAv4OPr3WqhMEMRS',#45,'S\S\xjle',$,$,#201,$,'s49',.NOTDEFINED.,.NOTDEFINED.);
#203= IFCPROPERTYSINGLEVALUE('Assembly/Cast unit weight',$,IFCMASSMEASURE(41.6),$);
#204= IFCPROPERTYSINGLEVALUE('Assembly/Cast unit Mark',$,IFCLABEL('s49'),$);
#205= IFCPROPERTYSET('20GW5GwQn9$O$$_Y63KopW',#5,'Tekla Assembly','Assembly Properties',(#48,#49,#50,#203,#189,#190,#54,#204));
#206= IFCQUANTITYLENGTH('Width',$,$,120.);
#207= IFCELEMENTQUANTITY('2RuJVyAdn8Jg6UD_OKO9Rj',#5,'BaseQuantities',$,$,(#206));
#208= IFCSHAPEREPRESENTATION(#12,'Body','MappedRepresentation',(#78,#81));
#209= IFCPRODUCTDEFINITIONSHAPE($,$,(#208));
#210= IFCCARTESIANPOINT((-52784.9990598488,-96783.9996665573,2270.81000000001));
#211= IFCAXIS2PLACEMENT3D(#210,#127,#7);
#212= IFCLOCALPLACEMENT(#201,#211);
#213= IFCMECHANICALFASTENER('2Sw7o7EZ55_vg7vQOrMkrx',#44,'Bolt assembly',$,$,#212,#209,'ID9ce87c87-3a31-45fb-9a87-e5a6355aed7b',20.,10.);
#214= IFCLOCALPLACEMENT(#42,#10);
#215= IFCELEMENTASSEMBLY('1Jaex0uLvE08qQ3RA1XZRf',#45,'S\S\xjle',$,$,#214,$,'s52',.NOTDEFINED.,.NOTDEFINED.);
#216= IFCPROPERTYSINGLEVALUE('Assembly/Cast unit weight',$,IFCMASSMEASURE(58.7),$);
#217= IFCPROPERTYSINGLEVALUE('Assembly/Cast unit top elevation',$,IFCLABEL(' +3.295'),$);
#218= IFCPROPERTYSINGLEVALUE('Assembly/Cast unit Mark',$,IFCLABEL('s52'),$);
#219= IFCPROPERTYSET('3aNM6gxWP4suhfLVJilrW6',#5,'Tekla Assembly','Assembly Properties',(#48,#49,#50,#216,#189,#217,#144,#218));
#220= IFCSHAPEREPRESENTATION(#12,'Body','MappedRepresentation',(#78,#81));
#221= IFCPRODUCTDEFINITIONSHAPE($,$,(#220));
#222= IFCCARTESIANPOINT((-50274.9990598488,-96783.9996665573,3284.91000000001));
#223= IFCAXIS2PLACEMENT3D(#222,#127,#7);
#224= IFCLOCALPLACEMENT(#214,#223);
#225= IFCMECHANICALFASTENER('1Z$P0EjrLBdvwY3murXwap',#44,'Bolt assembly',$,$,#224,#221,'ID63fd900e-b755-4b9f-9ea2-0f0e3587a933',20.,10.);
#226= IFCLOCALPLACEMENT(#42,#10);
#227= IFCELEMENTASSEMBLY('0aJbrKfUr0ARbjvVDeNyMc',#45,'S\S\xjle',$,$,#226,$,'s53',.NOTDEFINED.,.NOTDEFINED.);
#228= IFCPROPERTYSINGLEVALUE('Assembly/Cast unit weight',$,IFCMASSMEASURE(60.1),$);
#229= IFCPROPERTYSINGLEVALUE('Assembly/Cast unit position code',$,IFCLABEL('209/L'),$);
#230= IFCPROPERTYSINGLEVALUE('Assembly/Cast unit Mark',$,IFCLABEL('s53'),$);
#231= IFCPROPERTYSET('0ImPBDLDL9FQ3lULrrjqbC',#5,'Tekla Assembly','Assembly Properties',(#48,#49,#50,#228,#189,#217,#229,#230));
#232= IFCSHAPEREPRESENTATION(#12,'Body','MappedRepresentation',(#78,#81));
#233= IFCPRODUCTDEFINITIONSHAPE($,$,(#232));
#234= IFCCARTESIANPOINT((-50274.9990598488,-95438.9996665573,3284.91000000001));
#235= IFCAXIS2PLACEMENT3D(#234,#127,#7);
#236= IFCLOCALPLACEMENT(#226,#235);
#237= IFCMECHANICALFASTENER('2wkOtjt3DCIP03HRe7VQM8',#44,'Bolt assembly',$,$,#236,#233,'IDbab98ded-dc33-4c49-9003-45ba077da588',20.,10.);
#238= IFCCARTESIANPOINT((65.,0.,-32.5));
#239= IFCCARTESIANTRANSFORMATIONOPERATOR3D($,$,#238,$,$);
#240= IFCMAPPEDITEM(#77,#239);
#241= IFCSHAPEREPRESENTATION(#12,'Body','MappedRepresentation',(#240,#123));
#242= IFCPRODUCTDEFINITIONSHAPE($,$,(#241));
#243= IFCCARTESIANPOINT((-52759.9990598488,-96751.4996665573,9.99999999999273));
#244= IFCAXIS2PLACEMENT3D(#243,#7,#127);
#245= IFCLOCALPLACEMENT(#201,#244);
#246= IFCMECHANICALFASTENER('0pzWrCYorCSuteC4t$G$3g',#44,'Bolt assembly',$,$,#245,#242,'ID33f60d4c-8b2d-4c73-8de8-304dff43f0ea',20.,10.);
#247= IFCSHAPEREPRESENTATION(#12,'Body','MappedRepresentation',(#240,#123));
#248= IFCPRODUCTDEFINITIONSHAPE($,$,(#247));
#249= IFCCARTESIANPOINT((-52759.9990598488,-95406.4996665573,9.99999999999273));
#250= IFCAXIS2PLACEMENT3D(#249,#7,#127);
#251= IFCLOCALPLACEMENT(#186,#250);
#252= IFCMECHANICALFASTENER('164Fwqe219Murz8Vd_MAtC',#44,'Bolt assembly',$,$,#251,#248,'ID4610feb4-a020-495b-8d7d-21f9fe58adcc',20.,10.);
#253= IFCSHAPEREPRESENTATION(#12,'Body','MappedRepresentation',(#240,#123));
#254= IFCPRODUCTDEFINITIONSHAPE($,$,(#253));
#255= IFCCARTESIANPOINT((-50249.9990598488,-95406.4996665573,9.99999999999273));
#256= IFCAXIS2PLACEMENT3D(#255,#7,#127);
#257= IFCLOCALPLACEMENT(#226,#256);
#258= IFCMECHANICALFASTENER('1qk$5N9mL5O8wQ34nOnVrc',#44,'Bolt assembly',$,$,#257,#254,'ID74bbf157-2705-4560-8e9a-0c4c58c5fd66',20.,10.);
#259= IFCSHAPEREPRESENTATION(#12,'Body','MappedRepresentation',(#240,#123));
#260= IFCPRODUCTDEFINITIONSHAPE($,$,(#259));
#261= IFCCARTESIANPOINT((-50249.9990598488,-96751.4996665573,9.99999999999273));
#262= IFCAXIS2PLACEMENT3D(#261,#7,#127);
#263= IFCLOCALPLACEMENT(#214,#262);
#264= IFCMECHANICALFASTENER('3NPfVC7V18q9ENFo5E7zh8',#44,'Bolt assembly',$,$,#263,#260,'IDd76697cc-1df0-48d0-9397-3f214e1fdac8',20.,10.);
#265= IFCLOCALPLACEMENT(#42,#10);
#266= IFCELEMENTASSEMBLY('0aKmGi45vDUwGiQMR06P0$',#45,'Drager',$,$,#265,$,'d32',.NOTDEFINED.,.NOTDEFINED.);
#267= IFCPROPERTYSINGLEVALUE('Assembly/Cast unit weight',$,IFCMASSMEASURE(83.4),$);
#268= IFCPROPERTYSINGLEVALUE('Assembly/Cast unit bottom elevation',$,IFCLABEL(' +2.280'),$);
#269= IFCPROPERTYSINGLEVALUE('Assembly/Cast unit top elevation',$,IFCLABEL(' +2.380'),$);
#270= IFCPROPERTYSINGLEVALUE('Assembly/Cast unit position code',$,IFCLABEL('217-216/H'),$);
#271= IFCPROPERTYSINGLEVALUE('Assembly/Cast unit Mark',$,IFCLABEL('d32'),$);
#272= IFCPROPERTYSET('0v5nKB2Wf0wONLmD90LHPC',#5,'Tekla Assembly','Assembly Properties',(#48,#49,#50,#267,#268,#269,#270,#271));
#273= IFCQUANTITYLENGTH('Width',$,$,185.);
#274= IFCELEMENTQUANTITY('2KIW67kG55euMd27VCgiDY',#5,'BaseQuantities',$,$,(#273));
#275= IFCCARTESIANPOINT((0.,0.,-25.));
#276= IFCCARTESIANTRANSFORMATIONOPERATOR3D($,$,#275,$,$);
#277= IFCMAPPEDITEM(#77,#276);
#278= IFCCARTESIANPOINT((57.,0.,25.));
#279= IFCCARTESIANTRANSFORMATIONOPERATOR3D($,$,#278,$,$);
#280= IFCMAPPEDITEM(#77,#279);
#281= IFCSHAPEREPRESENTATION(#12,'Body','MappedRepresentation',(#277,#280));
#282= IFCPRODUCTDEFINITIONSHAPE($,$,(#281));
#283= IFCCARTESIANPOINT((-89890.0018233061,-64808.9981766939,2329.99995231517));
#284= IFCAXIS2PLACEMENT3D(#283,#9,#8);
#285= IFCLOCALPLACEMENT(#265,#284);
#286= IFCMECHANICALFASTENER('38j$N1ZJfEi9BSCP4RbPjl',#45,'Bolt assembly',$,$,#285,#282,'IDc8b7f5c1-8d3a-4eb0-92dc-31911b959b6f',20.,10.);
#287= IFCLOCALPLACEMENT(#42,#10);
#288= IFCELEMENTASSEMBLY('2zLNFFt2n71P9CBeU2KAKp',#45,'Drager',$,$,#287,$,'d33',.NOTDEFINED.,.NOTDEFINED.);
#289= IFCPROPERTYSINGLEVALUE('Assembly/Cast unit weight',$,IFCMASSMEASURE(82.8),$);
#290= IFCPROPERTYSINGLEVALUE('Assembly/Cast unit position code',$,IFCLABEL('217-216/H>'),$);
#291= IFCPROPERTYSINGLEVALUE('Assembly/Cast unit Mark',$,IFCLABEL('d33'),$);
#292= IFCPROPERTYSET('0qTJ_J8Ff56xdZC2jW3Unm',#5,'Tekla Assembly','Assembly Properties',(#48,#49,#50,#289,#268,#269,#290,#291));
#293= IFCQUANTITYLENGTH('Width',$,$,145.);
#294= IFCELEMENTQUANTITY('0YBODtuZvCVfP$tryF5fU2',#5,'BaseQuantities',$,$,(#293));
#295= IFCSHAPEREPRESENTATION(#12,'Body','MappedRepresentation',(#277,#280));
#296= IFCPRODUCTDEFINITIONSHAPE($,$,(#295));
#297= IFCCARTESIANPOINT((-89890.0018233061,-63058.9981766939,2329.99995231516));
#298= IFCAXIS2PLACEMENT3D(#297,#85,#127);
#299= IFCLOCALPLACEMENT(#287,#298);
#300= IFCMECHANICALFASTENER('27521mU7XAmvX4GyzpTCrJ',#44,'Bolt assembly',$,$,#299,#296,'ID87142070-7878-4ac3-9844-43cf7374cd53',20.,10.);
#301= IFCSHAPEREPRESENTATION(#12,'Body','MappedRepresentation',(#277,#280));
#302= IFCPRODUCTDEFINITIONSHAPE($,$,(#301));
#303= IFCCARTESIANPOINT((-85110.0018233061,-64808.9981766939,2329.99995231516));
#304= IFCAXIS2PLACEMENT3D(#303,#85,#8);
#305= IFCLOCALPLACEMENT(#265,#304);
#306= IFCMECHANICALFASTENER('1o4ViFuCf57wofStiSVi$B',#44,'Bolt assembly',$,$,#305,#302,'ID7211fb0f-e0ca-451f-aca9-737b1c7ecfcb',20.,10.);
#307= IFCSHAPEREPRESENTATION(#12,'Body','MappedRepresentation',(#277,#280));
#308= IFCPRODUCTDEFINITIONSHAPE($,$,(#307));
#309= IFCCARTESIANPOINT((-85110.0018233061,-63058.9981766939,2329.99995231517));
#310= IFCAXIS2PLACEMENT3D(#309,#9,#127);
#311= IFCLOCALPLACEMENT(#287,#310);
#312= IFCMECHANICALFASTENER('3_RXK6tGjCMhThh_wOqBbS',#44,'Bolt assembly',$,$,#311,#308,'IDfe6e1506-dd0b-4c5a-b76b-afee98d0b95c',20.,10.);
#313= IFCLOCALPLACEMENT(#42,#10);
#314= IFCELEMENTASSEMBLY('2jY1Tcfd5Fihu7D1nStVuA',#138,'Drager',$,$,#313,$,'d35',.NOTDEFINED.,.NOTDEFINED.);
#315= IFCPROPERTYSINGLEVALUE('Assembly/Cast unit top elevation',$,IFCLABEL(' +2.505'),$);
#316= IFCPROPERTYSINGLEVALUE('Assembly/Cast unit position code',$,IFCLABEL('217/H>'),$);
#317= IFCPROPERTYSINGLEVALUE('Assembly/Cast unit Mark',$,IFCLABEL('d35'),$);
#318= IFCPROPERTYSET('0gzYzPowD0uBXooJpF2pRf',#5,'Tekla Assembly','Assembly Properties',(#48,#49,#50,#141,#268,#315,#316,#317));
#319= IFCQUANTITYLENGTH('Width',$,$,110.);
#320= IFCELEMENTQUANTITY('2ULVlZA4L2qAiMkbXSVTvo',#5,'BaseQuantities',$,$,(#319));
#321= IFCSHAPEREPRESENTATION(#12,'Body','MappedRepresentation',(#78,#151));
#322= IFCPRODUCTDEFINITIONSHAPE($,$,(#321));
#323= IFCCARTESIANPOINT((-89949.99567559,-64833.9979444146,2304.99995231516));
#324= IFCAXIS2PLACEMENT3D(#323,#7,#9);
#325= IFCLOCALPLACEMENT(#313,#324);
#326= IFCMECHANICALFASTENER('2T5vJ5Ge1AT9pef4nZGtZS',#137,'Bolt assembly',$,$,#325,#322,'ID9d1794c5-4280-4a74-9ce8-a44c634378dc',20.,10.);
#327= IFCLOCALPLACEMENT(#42,#10);
#328= IFCELEMENTASSEMBLY('0H_7rWTuT1o8gun1eOULqh',#138,'Drager',$,$,#327,$,'d34',.NOTDEFINED.,.NOTDEFINED.);
#329= IFCPROPERTYSINGLEVALUE('Assembly/Cast unit position code',$,IFCLABEL('216/H>'),$);
#330= IFCPROPERTYSINGLEVALUE('Assembly/Cast unit Mark',$,IFCLABEL('d34'),$);
#331= IFCPROPERTYSET('371AJGDrX05BmQXZ6d_Ivk',#5,'Tekla Assembly','Assembly Properties',(#48,#49,#50,#141,#268,#315,#329,#330));
#332= IFCSHAPEREPRESENTATION(#12,'Body','MappedRepresentation',(#173,#123));
#333= IFCPRODUCTDEFINITIONSHAPE($,$,(#332));
#334= IFCCARTESIANPOINT((-85050.0018233061,-64843.9979444146,2304.99995231516));
#335= IFCAXIS2PLACEMENT3D(#334,#155,#9);
#336= IFCLOCALPLACEMENT(#327,#335);
#337= IFCMECHANICALFASTENER('2iMohd6r15RuYkD_i0PY$6',#137,'Bolt assembly',$,$,#336,#333,'IDac5b2ae7-1b50-456f-88ae-37eb00662fc6',20.,10.);
#338= IFCSHAPEREPRESENTATION(#12,'Body','MappedRepresentation',(#173,#123));
#339= IFCPRODUCTDEFINITIONSHAPE($,$,(#338));
#340= IFCCARTESIANPOINT((-89949.99567559,-63024.0020555854,2304.99995231516));
#341= IFCAXIS2PLACEMENT3D(#340,#7,#9);
#342= IFCLOCALPLACEMENT(#313,#341);
#343= IFCMECHANICALFASTENER('1NJ3BJ$Jz9PApvTmczV7IT',#137,'Bolt assembly',$,$,#342,#339,'ID574c32d3-fd3f-4964-acf9-7709bd7c749d',20.,10.);
#344= IFCLOCALPLACEMENT(#42,#10);
#345= IFCELEMENTASSEMBLY('3woPk4H9jAphMGfkGDiDMu',#138,'Drager',$,$,#344,$,'d35',.NOTDEFINED.,.NOTDEFINED.);
#346= IFCPROPERTYSINGLEVALUE('Assembly/Cast unit position code',$,IFCLABEL('212/H>'),$);
#347= IFCPROPERTYSET('2snWEj4afDL9IuByg_8R4z',#5,'Tekla Assembly','Assembly Properties',(#48,#49,#50,#141,#268,#315,#346,#317));
#348= IFCSHAPEREPRESENTATION(#12,'Body','MappedRepresentation',(#78,#151));
#349= IFCPRODUCTDEFINITIONSHAPE($,$,(#348));
#350= IFCCARTESIANPOINT((-64949.99567559,-64833.9979444146,2304.99995231516));
#351= IFCAXIS2PLACEMENT3D(#350,#7,#9);
#352= IFCLOCALPLACEMENT(#344,#351);
#353= IFCMECHANICALFASTENER('0oC75KK0bBLRRn3py6jO4F',#137,'Bolt assembly',$,$,#352,#349,'ID32307154-5009-4b55-b6f1-0f3f06b5810f',20.,10.);
#354= IFCSHAPEREPRESENTATION(#12,'Body','MappedRepresentation',(#173,#123));
#355= IFCPRODUCTDEFINITIONSHAPE($,$,(#354));
#356= IFCCARTESIANPOINT((-64949.99567559,-63024.0020555854,2304.99995231516));
#357= IFCAXIS2PLACEMENT3D(#356,#7,#9);
#358= IFCLOCALPLACEMENT(#344,#357);
#359= IFCMECHANICALFASTENER('1O6vfVt9v1qenF6nwMPhIO',#137,'Bolt assembly',$,$,#358,#355,'ID581b9a5f-dc9e-41d2-8c4f-1b1e9666b498',20.,10.);
#360= IFCSHAPEREPRESENTATION(#12,'Body','MappedRepresentation',(#78,#151));
#361= IFCPRODUCTDEFINITIONSHAPE($,$,(#360));
#362= IFCCARTESIANPOINT((-85050.0018233061,-63034.0020555854,2304.99995231516));
#363= IFCAXIS2PLACEMENT3D(#362,#155,#9);
#364= IFCLOCALPLACEMENT(#327,#363);
#365= IFCMECHANICALFASTENER('1GJaYLzujFsQ0NfNyEAyLu',#44,'Bolt assembly',$,$,#364,#361,'ID504e4895-f78b-4fd9-a017-a57f0e2bc578',20.,10.);
#366= IFCLOCALPLACEMENT(#42,#10);
#367= IFCELEMENTASSEMBLY('2nKh_ypHD75O4yRmQuacwO',#45,'S\S\xjle',$,$,#366,$,'s50',.NOTDEFINED.,.NOTDEFINED.);
#368= IFCPROPERTYSINGLEVALUE('Assembly/Cast unit weight',$,IFCMASSMEASURE(20.3),$);
#369= IFCPROPERTYSINGLEVALUE('Assembly/Cast unit bottom elevation',$,IFCLABEL(' +2.380'),$);
#370= IFCPROPERTYSINGLEVALUE('Assembly/Cast unit top elevation',$,IFCLABEL(' +3.496'),$);
#371= IFCPROPERTYSINGLEVALUE('Assembly/Cast unit Mark',$,IFCLABEL('s50'),$);
#372= IFCPROPERTYSET('37d1$WHyn97gqFOL9AIOx0',#5,'Tekla Assembly','Assembly Properties',(#48,#49,#50,#368,#369,#370,#290,#371));
#373= IFCSHAPEREPRESENTATION(#12,'Body','MappedRepresentation',(#78,#81));
#374= IFCPRODUCTDEFINITIONSHAPE($,$,(#373));
#375= IFCCARTESIANPOINT((-87499.9987494481,-63059.000040931,2389.99995231516));
#376= IFCAXIS2PLACEMENT3D(#375,#7,#127);
#377= IFCLOCALPLACEMENT(#366,#376);
#378= IFCMECHANICALFASTENER('3awIDi4Gb2pAxI_6YJojQu',#44,'Bolt assembly',$,$,#377,#374,'IDe4e9236c-1109-42cc-aed2-f86893cad6b8',20.,10.);
#379= IFCLOCALPLACEMENT(#42,#10);
#380= IFCELEMENTASSEMBLY('2ilqGoVKz3hx3QBBex3qC6',#45,'S\S\xjle',$,$,#379,$,'s50',.NOTDEFINED.,.NOTDEFINED.);
#381= IFCPROPERTYSET('1CYL3tzn1CVeu1RbdB4FIp',#5,'Tekla Assembly','Assembly Properties',(#48,#49,#50,#368,#369,#370,#270,#371));
#382= IFCSHAPEREPRESENTATION(#12,'Body','MappedRepresentation',(#78,#81));
#383= IFCPRODUCTDEFINITIONSHAPE($,$,(#382));
#384= IFCCARTESIANPOINT((-87499.9987494481,-64759.000040931,2389.99995231516));
#385= IFCAXIS2PLACEMENT3D(#384,#7,#127);
#386= IFCLOCALPLACEMENT(#379,#385);
#387= IFCMECHANICALFASTENER('1FwAoDryDAaAZzDSqEGZC8',#44,'Bolt assembly',$,$,#386,#383,'ID4fe8ac8d-d7c3-4a90-a8fd-35cd0e423308',20.,10.);
#388= IFCLOCALPLACEMENT(#42,#10);
#389= IFCELEMENTASSEMBLY('2KVuxPsEn0hf27PZdC$NMh',#45,'Drager',$,$,#388,$,'d36',.NOTDEFINED.,.NOTDEFINED.);
#390= IFCPROPERTYSINGLEVALUE('Assembly/Cast unit weight',$,IFCMASSMEASURE(28.7),$);
#391= IFCPROPERTYSINGLEVALUE('Assembly/Cast unit bottom elevation',$,IFCLABEL(' +3.226'),$);
#392= IFCPROPERTYSINGLEVALUE('Assembly/Cast unit top elevation',$,IFCLABEL(' +3.371'),$);
#393= IFCPROPERTYSINGLEVALUE('Assembly/Cast unit Mark',$,IFCLABEL('d36'),$);
#394= IFCPROPERTYSET('0vL_AjFZX0HPuxF_R90vhk',#5,'Tekla Assembly','Assembly Properties',(#48,#49,#50,#390,#391,#392,#290,#393));
#395= IFCQUANTITYLENGTH('Width',$,$,100.);
#396= IFCELEMENTQUANTITY('0l5Zyx7Vf5nhDEu6lxMESO',#5,'BaseQuantities',$,$,(#395));
#397= IFCSHAPEREPRESENTATION(#12,'Body','MappedRepresentation',(#277,#280));
#398= IFCPRODUCTDEFINITIONSHAPE($,$,(#397));
#399= IFCCARTESIANPOINT((-87500.0018233061,-63144.000040931,3345.69995231516));
#400= IFCAXIS2PLACEMENT3D(#399,#7,#85);
#401= IFCLOCALPLACEMENT(#388,#400);
#402= IFCMECHANICALFASTENER('2AIOXU9BzAWBAkTbnNz90h',#44,'Bolt assembly',$,$,#401,#398,'ID8a49885e-24bf-4a80-b2ae-765c57f4902b',20.,10.);
#403= IFCSHAPEREPRESENTATION(#12,'Body','MappedRepresentation',(#277,#280));
#404= IFCPRODUCTDEFINITIONSHAPE($,$,(#403));
#405= IFCCARTESIANPOINT((-87500.0018233061,-64724.000040931,3345.69995231516));
#406= IFCAXIS2PLACEMENT3D(#405,#155,#85);
#407= IFCLOCALPLACEMENT(#388,#406);
#408= IFCMECHANICALFASTENER('1kz4uoDN90_ebsIfveb6ib',#44,'Bolt assembly',$,$,#407,#404,'ID6ef44e32-3572-40fa-8976-4a9e68946b25',20.,10.);
#409= IFCLOCALPLACEMENT(#42,#10);
#410= IFCELEMENTASSEMBLY('1UKTQ6$hPF6PhFnBHjqnje',#45,'Drager',$,$,#409,$,'d36',.NOTDEFINED.,.NOTDEFINED.);
#411= IFCPROPERTYSINGLEVALUE('Assembly/Cast unit position code',$,IFCLABEL('212-211/H>'),$);
#412= IFCPROPERTYSET('3rztgC6WD04vsPaHCMNqKR',#5,'Tekla Assembly','Assembly Properties',(#48,#49,#50,#390,#391,#392,#411,#393));
#413= IFCSHAPEREPRESENTATION(#12,'Body','MappedRepresentation',(#277,#280));
#414= IFCPRODUCTDEFINITIONSHAPE($,$,(#413));
#415= IFCCARTESIANPOINT((-62500.0018233061,-63144.000040931,3345.69995231516));
#416= IFCAXIS2PLACEMENT3D(#415,#7,#85);
#417= IFCLOCALPLACEMENT(#409,#416);
#418= IFCMECHANICALFASTENER('32accTbNbEVAOm7Pk_Y3Pu',#44,'Bolt assembly',$,$,#417,#414,'IDc292699d-9579-4e7c-a630-1d9bbe883678',20.,10.);
#419= IFCSHAPEREPRESENTATION(#12,'Body','MappedRepresentation',(#277,#280));
#420= IFCPRODUCTDEFINITIONSHAPE($,$,(#419));
#421= IFCCARTESIANPOINT((-62500.0018233061,-64724.000040931,3345.69995231516));
#422= IFCAXIS2PLACEMENT3D(#421,#155,#85);
#423= IFCLOCALPLACEMENT(#409,#422);
#424= IFCMECHANICALFASTENER('0quiRWAKv0HPCPSFqa$Mzg',#44,'Bolt assembly',$,$,#423,#420,'ID34e2c6e0-294e-4045-9319-70fd24fd6f6a',20.,10.);
#425= IFCLOCALPLACEMENT(#42,#10);
#426= IFCELEMENTASSEMBLY('3furdFncX7nOCRqeHTU6sP',#45,'S\S\xjle',$,$,#425,$,'s45',.NOTDEFINED.,.NOTDEFINED.);
#427= IFCPROPERTYSINGLEVALUE('Assembly/Cast unit weight',$,IFCMASSMEASURE(43.6),$);
#428= IFCPROPERTYSINGLEVALUE('Assembly/Cast unit bottom elevation',$,IFCLABEL(' -0.000'),$);
#429= IFCPROPERTYSINGLEVALUE('Assembly/Cast unit top elevation',$,IFCLABEL(' +2.280'),$);
#430= IFCPROPERTYSINGLEVALUE('Assembly/Cast unit position code',$,IFCLABEL('216/H'),$);
#431= IFCPROPERTYSINGLEVALUE('Assembly/Cast unit Mark',$,IFCLABEL('s45'),$);
#432= IFCPROPERTYSET('2yinhS1Lr95QzUL7_Pz2qi',#5,'Tekla Assembly','Assembly Properties',(#48,#49,#50,#427,#428,#429,#430,#431));
#433= IFCSHAPEREPRESENTATION(#12,'Body','MappedRepresentation',(#78,#81));
#434= IFCPRODUCTDEFINITIONSHAPE($,$,(#433));
#435= IFCCARTESIANPOINT((-85074.9987494481,-64629.000040931,2269.99995231517));
#436= IFCAXIS2PLACEMENT3D(#435,#127,#7);
#437= IFCLOCALPLACEMENT(#425,#436);
#438= IFCMECHANICALFASTENER('2bredYHrDFe9bhLpShyRrR',#44,'Bolt assembly',$,$,#437,#434,'IDa5d689e2-4753-4fa0-996b-57372bf1bd5b',20.,10.);
#439= IFCLOCALPLACEMENT(#42,#10);
#440= IFCELEMENTASSEMBLY('1YwoFwflL3c8_8CvsTKTk5',#45,'S\S\xjle',$,$,#439,$,'s48',.NOTDEFINED.,.NOTDEFINED.);
#441= IFCPROPERTYSINGLEVALUE('Assembly/Cast unit position code',$,IFCLABEL('217/H'),$);
#442= IFCPROPERTYSINGLEVALUE('Assembly/Cast unit Mark',$,IFCLABEL('s48'),$);
#443= IFCPROPERTYSET('3W0ayWRKv6aR3Eo222KTEV',#5,'Tekla Assembly','Assembly Properties',(#48,#49,#50,#427,#189,#429,#441,#442));
#444= IFCSHAPEREPRESENTATION(#12,'Body','MappedRepresentation',(#78,#81));
#445= IFCPRODUCTDEFINITIONSHAPE($,$,(#444));
#446= IFCCARTESIANPOINT((-89974.9987494481,-64629.000040931,2269.99995231517));
#447= IFCAXIS2PLACEMENT3D(#446,#127,#7);
#448= IFCLOCALPLACEMENT(#439,#447);
#449= IFCMECHANICALFASTENER('1grvLQDdj7vRTC56Ru3uoB',#44,'Bolt assembly',$,$,#448,#445,'ID6ad7955a-367b-47e5-b74c-1466f80f8c8b',20.,10.);
#450= IFCLOCALPLACEMENT(#42,#10);
#451= IFCELEMENTASSEMBLY('3Np2R7fD55jPfs0Rb4a237',#45,'S\S\xjle',$,$,#450,$,'s49',.NOTDEFINED.,.NOTDEFINED.);
#452= IFCPROPERTYSINGLEVALUE('Assembly/Cast unit weight',$,IFCMASSMEASURE(41.5),$);
#453= IFCPROPERTYSET('3Wnxzc8D9ARBNIgNvFo9Kf',#5,'Tekla Assembly','Assembly Properties',(#48,#49,#50,#452,#189,#429,#316,#204));
#454= IFCSHAPEREPRESENTATION(#12,'Body','MappedRepresentation',(#78,#81));
#455= IFCPRODUCTDEFINITIONSHAPE($,$,(#454));
#456= IFCCARTESIANPOINT((-89974.9987494481,-63294.000040931,2269.99995231517));
#457= IFCAXIS2PLACEMENT3D(#456,#127,#7);
#458= IFCLOCALPLACEMENT(#450,#457);
#459= IFCMECHANICALFASTENER('02gHNcaHDFauo3m3peVAtA',#44,'Bolt assembly',$,$,#458,#455,'ID02a915e6-9113-4f93-8c83-c03ce87cadca',20.,10.);
#460= IFCLOCALPLACEMENT(#42,#10);
#461= IFCELEMENTASSEMBLY('1RKIP$FwDD7R65_f6BlAII',#45,'S\S\xjle',$,$,#460,$,'s49',.NOTDEFINED.,.NOTDEFINED.);
#462= IFCPROPERTYSET('1cjSnm$Wj27uLQ$aN8j8sf',#5,'Tekla Assembly','Assembly Properties',(#48,#49,#50,#452,#428,#429,#329,#204));
#463= IFCSHAPEREPRESENTATION(#12,'Body','MappedRepresentation',(#78,#81));
#464= IFCPRODUCTDEFINITIONSHAPE($,$,(#463));
#465= IFCCARTESIANPOINT((-85074.9987494481,-63294.000040931,2269.99995231517));
#466= IFCAXIS2PLACEMENT3D(#465,#127,#7);
#467= IFCLOCALPLACEMENT(#460,#466);
#468= IFCMECHANICALFASTENER('3Jk6R7VZPFoODoLXrHfQWI',#44,'Bolt assembly',$,$,#467,#464,'IDd3b866c7-7e36-4fc9-8372-561d51a5a812',20.,10.);
#469= IFCSHAPEREPRESENTATION(#12,'Body','MappedRepresentation',(#240,#123));
#470= IFCPRODUCTDEFINITIONSHAPE($,$,(#469));
#471= IFCCARTESIANPOINT((-89949.9987494481,-64596.500040931,9.99999999999273));
#472= IFCAXIS2PLACEMENT3D(#471,#7,#127);
#473= IFCLOCALPLACEMENT(#439,#472);
#474= IFCMECHANICALFASTENER('1mgcQCW9P5wQwNjch10Wpz',#44,'Bolt assembly',$,$,#473,#470,'ID70aa668c-8096-45e9-ae97-b66ac1020cfd',20.,10.);
#475= IFCSHAPEREPRESENTATION(#12,'Body','MappedRepresentation',(#240,#123));
#476= IFCPRODUCTDEFINITIONSHAPE($,$,(#475));
#477= IFCCARTESIANPOINT((-89949.9987494481,-63261.500040931,9.99999999999273));
#478= IFCAXIS2PLACEMENT3D(#477,#7,#127);
#479= IFCLOCALPLACEMENT(#450,#478);
#480= IFCMECHANICALFASTENER('3wDY2c0Ij1YvGWrTAGeuqK',#44,'Bolt assembly',$,$,#479,#476,'IDfa3620a6-012b-418b-9420-d5d290a38d14',20.,10.);
#481= IFCSHAPEREPRESENTATION(#12,'Body','MappedRepresentation',(#240,#123));
#482= IFCPRODUCTDEFINITIONSHAPE($,$,(#481));
#483= IFCCARTESIANPOINT((-85049.9987494481,-64596.500040931,9.99999999999272));
#484= IFCAXIS2PLACEMENT3D(#483,#7,#127);
#485= IFCLOCALPLACEMENT(#425,#484);
#486= IFCMECHANICALFASTENER('2HyrGQe1TDygTWnvm0rpPg',#44,'Bolt assembly',$,$,#485,#482,'ID91f3541a-a017-4df2-a760-c79c00d7366a',20.,10.);
#487= IFCSHAPEREPRESENTATION(#12,'Body','MappedRepresentation',(#240,#123));
#488= IFCPRODUCTDEFINITIONSHAPE($,$,(#487));
#489= IFCCARTESIANPOINT((-85049.9987494481,-63261.500040931,9.99999999999272));
#490= IFCAXIS2PLACEMENT3D(#489,#7,#127);
#491= IFCLOCALPLACEMENT(#460,#490);
#492= IFCMECHANICALFASTENER('2_sDQ9r7TCphLq5DJOmNeB',#44,'Bolt assembly',$,$,#491,#488,'IDbed8d689-d477-4cce-b574-14d4d8c17a0b',20.,10.);
#493= IFCLOCALPLACEMENT(#42,#10);
#494= IFCELEMENTASSEMBLY('06kJZ$46L6$8e1uF22SApU',#45,'Drager',$,$,#493,$,'d32',.NOTDEFINED.,.NOTDEFINED.);
#495= IFCPROPERTYSINGLEVALUE('Assembly/Cast unit position code',$,IFCLABEL('212-211/H'),$);
#496= IFCPROPERTYSET('0ZgNijT$52afVcbEuvY4ug',#5,'Tekla Assembly','Assembly Properties',(#48,#49,#50,#267,#268,#269,#495,#271));
#497= IFCSHAPEREPRESENTATION(#12,'Body','MappedRepresentation',(#277,#280));
#498= IFCPRODUCTDEFINITIONSHAPE($,$,(#497));
#499= IFCCARTESIANPOINT((-64890.0018233061,-64808.9981766939,2329.99995231517));
#500= IFCAXIS2PLACEMENT3D(#499,#9,#8);
#501= IFCLOCALPLACEMENT(#493,#500);
#502= IFCMECHANICALFASTENER('3W1rn7eYnEqvnU62ccfchJ',#44,'Bolt assembly',$,$,#501,#498,'IDe0075c47-a22c-4ed3-9c5e-1829a6a66ad3',20.,10.);
#503= IFCSHAPEREPRESENTATION(#12,'Body','MappedRepresentation',(#277,#280));
#504= IFCPRODUCTDEFINITIONSHAPE($,$,(#503));
#505= IFCCARTESIANPOINT((-60110.0018233061,-64808.9981766939,2329.99995231516));
#506= IFCAXIS2PLACEMENT3D(#505,#85,#8);
#507= IFCLOCALPLACEMENT(#493,#506);
#508= IFCMECHANICALFASTENER('1lGERGeTPBWQ1vystBW4e0',#44,'Bolt assembly',$,$,#507,#504,'ID6f40e6d0-a1d6-4b81-a079-f36dcb804a00',20.,10.);
#509= IFCLOCALPLACEMENT(#42,#10);
#510= IFCELEMENTASSEMBLY('3Z0U0Y1HPF9febdcoqfVvG',#45,'Drager',$,$,#509,$,'d33',.NOTDEFINED.,.NOTDEFINED.);
#511= IFCPROPERTYSET('3DiMi74s1Aqf68HwbiCRIS',#5,'Tekla Assembly','Assembly Properties',(#48,#49,#50,#289,#268,#269,#411,#291));
#512= IFCSHAPEREPRESENTATION(#12,'Body','MappedRepresentation',(#277,#280));
#513= IFCPRODUCTDEFINITIONSHAPE($,$,(#512));
#514= IFCCARTESIANPOINT((-64890.0018233061,-63058.9981766939,2329.99995231516));
#515= IFCAXIS2PLACEMENT3D(#514,#85,#127);
#516= IFCLOCALPLACEMENT(#509,#515);
#517= IFCMECHANICALFASTENER('3oPS98lCPCvu4dGBn$HDmR',#44,'Bolt assembly',$,$,#516,#513,'IDf265c248-bcc6-4ce7-8127-40bc7f44dc1b',20.,10.);
#518= IFCSHAPEREPRESENTATION(#12,'Body','MappedRepresentation',(#277,#280));
#519= IFCPRODUCTDEFINITIONSHAPE($,$,(#518));
#520= IFCCARTESIANPOINT((-60110.0018233061,-63058.9981766939,2329.99995231517));
#521= IFCAXIS2PLACEMENT3D(#520,#9,#127);
#522= IFCLOCALPLACEMENT(#509,#521);
#523= IFCMECHANICALFASTENER('0Q_jkhtSrFCAmM7gAeapq3',#44,'Bolt assembly',$,$,#522,#519,'ID1afadbab-ddcd-4f30-ac16-1ea2a8933d03',20.,10.);
#524= IFCLOCALPLACEMENT(#42,#10);
#525= IFCELEMENTASSEMBLY('2K226pbnz8NfQo4ftevud8',#45,'S\S\xjle',$,$,#524,$,'s50',.NOTDEFINED.,.NOTDEFINED.);
#526= IFCPROPERTYSET('2r_cj_zvr8W8Fl4i$7HJX5',#5,'Tekla Assembly','Assembly Properties',(#48,#49,#50,#368,#369,#370,#495,#371));
#527= IFCSHAPEREPRESENTATION(#12,'Body','MappedRepresentation',(#78,#81));
#528= IFCPRODUCTDEFINITIONSHAPE($,$,(#527));
#529= IFCCARTESIANPOINT((-62499.9987494481,-64759.000040931,2389.99995231516));
#530= IFCAXIS2PLACEMENT3D(#529,#7,#127);
#531= IFCLOCALPLACEMENT(#524,#530);
#532= IFCMECHANICALFASTENER('0hN$DWmG1D3hNEwBy7$8O2',#44,'Bolt assembly',$,$,#531,#528,'ID2b5ff360-c100-4d0e-b5ce-e8bf07fc8602',20.,10.);
#533= IFCLOCALPLACEMENT(#42,#10);
#534= IFCELEMENTASSEMBLY('2nXsfxBg9BA9ZBgvoGRsJn',#45,'S\S\xjle',$,$,#533,$,'s50',.NOTDEFINED.,.NOTDEFINED.);
#535= IFCPROPERTYSET('1Zfd6WU8b3rPBIcuqvN11_',#5,'Tekla Assembly','Assembly Properties',(#48,#49,#50,#368,#369,#370,#411,#371));
#536= IFCSHAPEREPRESENTATION(#12,'Body','MappedRepresentation',(#78,#81));
#537= IFCPRODUCTDEFINITIONSHAPE($,$,(#536));
#538= IFCCARTESIANPOINT((-62499.9987494481,-63059.000040931,2389.99995231516));
#539= IFCAXIS2PLACEMENT3D(#538,#7,#127);
#540= IFCLOCALPLACEMENT(#533,#539);
#541= IFCMECHANICALFASTENER('2Va3i02zz6tPtb1bFOJaeX',#44,'Bolt assembly',$,$,#540,#537,'ID9f903b00-0bdf-46dd-9de5-0653d84e4a21',20.,10.);
#542= IFCLOCALPLACEMENT(#42,#10);
#543= IFCELEMENTASSEMBLY('1$5Qg9F2n9kOH0zrG2AGKS',#138,'Drager',$,$,#542,$,'d34',.NOTDEFINED.,.NOTDEFINED.);
#544= IFCPROPERTYSINGLEVALUE('Assembly/Cast unit position code',$,IFCLABEL('211/H>'),$);
#545= IFCPROPERTYSET('3bIXp_Pfv8Uv6DyWgyNLwy',#5,'Tekla Assembly','Assembly Properties',(#48,#49,#50,#141,#268,#315,#544,#330));
#546= IFCSHAPEREPRESENTATION(#12,'Body','MappedRepresentation',(#173,#123));
#547= IFCPRODUCTDEFINITIONSHAPE($,$,(#546));
#548= IFCCARTESIANPOINT((-60050.0018233061,-64843.9979444146,2304.99995231516));
#549= IFCAXIS2PLACEMENT3D(#548,#155,#9);
#550= IFCLOCALPLACEMENT(#542,#549);
#551= IFCMECHANICALFASTENER('2qLw8alGDEawNcC9DyqMJO',#137,'Bolt assembly',$,$,#550,#547,'IDb457a224-bd03-4e93-a5e6-30937cd164d8',20.,10.);
#552= IFCSHAPEREPRESENTATION(#12,'Body','MappedRepresentation',(#78,#151));
#553= IFCPRODUCTDEFINITIONSHAPE($,$,(#552));
#554= IFCCARTESIANPOINT((-60050.0018233061,-63034.0020555854,2304.99995231516));
#555= IFCAXIS2PLACEMENT3D(#554,#155,#9);
#556= IFCLOCALPLACEMENT(#542,#555);
#557= IFCMECHANICALFASTENER('2IgLk7zwHAdxPCgUrD4TB$',#44,'Bolt assembly',$,$,#556,#553,'ID92a95b87-f7a4-4a9f-b64c-a9ed4d11d2ff',20.,10.);
#558= IFCLOCALPLACEMENT(#42,#10);
#559= IFCELEMENTASSEMBLY('3JnVHRuADDxeLdg1W9akHU',#45,'S\S\xjle',$,$,#558,$,'s45',.NOTDEFINED.,.NOTDEFINED.);
#560= IFCPROPERTYSINGLEVALUE('Assembly/Cast unit position code',$,IFCLABEL('211/H'),$);
#561= IFCPROPERTYSET('2rRaFk7R9FB9k5oQzEJ9$5',#5,'Tekla Assembly','Assembly Properties',(#48,#49,#50,#427,#189,#429,#560,#431));
#562= IFCSHAPEREPRESENTATION(#12,'Body','MappedRepresentation',(#78,#81));
#563= IFCPRODUCTDEFINITIONSHAPE($,$,(#562));
#564= IFCCARTESIANPOINT((-60074.9987494481,-64629.000040931,2269.99995231517));
#565= IFCAXIS2PLACEMENT3D(#564,#127,#7);
#566= IFCLOCALPLACEMENT(#558,#565);
#567= IFCMECHANICALFASTENER('2DzuS14Vn2EPjHRqVJPOtR',#44,'Bolt assembly',$,$,#566,#563,'ID8df78701-11fc-4239-9b51-6f47d3658ddb',20.,10.);
#568= IFCLOCALPLACEMENT(#42,#10);
#569= IFCELEMENTASSEMBLY('1jnOdxLyfDRwZAamQhR9Jj',#45,'S\S\xjle',$,$,#568,$,'s46',.NOTDEFINED.,.NOTDEFINED.);
#570= IFCPROPERTYSINGLEVALUE('Assembly/Cast unit position code',$,IFCLABEL('212/H'),$);
#571= IFCPROPERTYSINGLEVALUE('Assembly/Cast unit Mark',$,IFCLABEL('s46'),$);
#572= IFCPROPERTYSET('2YR8dJLT17xh27KKi_eHwA',#5,'Tekla Assembly','Assembly Properties',(#48,#49,#50,#427,#189,#429,#570,#571));
#573= IFCSHAPEREPRESENTATION(#12,'Body','MappedRepresentation',(#78,#81));
#574= IFCPRODUCTDEFINITIONSHAPE($,$,(#573));
#575= IFCCARTESIANPOINT((-64974.9987494481,-64629.000040931,2269.99995231517));
#576= IFCAXIS2PLACEMENT3D(#575,#127,#7);
#577= IFCLOCALPLACEMENT(#568,#576);
#578= IFCMECHANICALFASTENER('3Pyx6lAOjF7hXjX6paGVCW',#44,'Bolt assembly',$,$,#577,#574,'IDd9f3b1af-298b-4f1e-b86d-846ce441f320',20.,10.);
#579= IFCLOCALPLACEMENT(#42,#10);
#580= IFCELEMENTASSEMBLY('2bCsrv7XDFnAm8j1zhauZa',#45,'S\S\xjle',$,$,#579,$,'s49',.NOTDEFINED.,.NOTDEFINED.);
#581= IFCPROPERTYSET('2sSma6HUP7Hw21SrrM7um_',#5,'Tekla Assembly','Assembly Properties',(#48,#49,#50,#452,#189,#429,#346,#204));
#582= IFCSHAPEREPRESENTATION(#12,'Body','MappedRepresentation',(#78,#81));
#583= IFCPRODUCTDEFINITIONSHAPE($,$,(#582));
#584= IFCCARTESIANPOINT((-64974.9987494481,-63294.000040931,2269.99995231517));
#585= IFCAXIS2PLACEMENT3D(#584,#127,#7);
#586= IFCLOCALPLACEMENT(#579,#585);
#587= IFCMECHANICALFASTENER('2uOdgmmjXFogRym6YnkaVg',#44,'Bolt assembly',$,$,#586,#583,'IDb8627ab0-c2d8-4fca-a6fc-c068b1ba47ea',20.,10.);
#588= IFCLOCALPLACEMENT(#42,#10);
#589= IFCELEMENTASSEMBLY('2Rw131x2b5tOf3il0nP5jk',#45,'S\S\xjle',$,$,#588,$,'s49',.NOTDEFINED.,.NOTDEFINED.);
#590= IFCPROPERTYSET('088d1$58D57wi1UdMbYQxM',#5,'Tekla Assembly','Assembly Properties',(#48,#49,#50,#452,#189,#429,#544,#204));
#591= IFCSHAPEREPRESENTATION(#12,'Body','MappedRepresentation',(#78,#81));
#592= IFCPRODUCTDEFINITIONSHAPE($,$,(#591));
#593= IFCCARTESIANPOINT((-60074.9987494481,-63294.000040931,2269.99995231517));
#594= IFCAXIS2PLACEMENT3D(#593,#127,#7);
#595= IFCLOCALPLACEMENT(#588,#594);
#596= IFCMECHANICALFASTENER('3T8Y44Unv9Tv2b_Wzia3xX',#44,'Bolt assembly',$,$,#595,#592,'IDdd222104-7b1e-4977-90a5-fa0f6c903ee1',20.,10.);
#597= IFCSHAPEREPRESENTATION(#12,'Body','MappedRepresentation',(#240,#123));
#598= IFCPRODUCTDEFINITIONSHAPE($,$,(#597));
#599= IFCCARTESIANPOINT((-64949.9987494481,-63261.500040931,9.99999999999273));
#600= IFCAXIS2PLACEMENT3D(#599,#7,#127);
#601= IFCLOCALPLACEMENT(#579,#600);
#602= IFCMECHANICALFASTENER('2NIANHK9X8LAMEsLHxwpxR',#44,'Bolt assembly',$,$,#601,#598,'ID9748a5d1-5098-4854-a58e-d9547beb3edb',20.,10.);
#603= IFCSHAPEREPRESENTATION(#12,'Body','MappedRepresentation',(#240,#123));
#604= IFCPRODUCTDEFINITIONSHAPE($,$,(#603));
#605= IFCCARTESIANPOINT((-64949.9987494481,-64596.500040931,9.99999999999273));
#606= IFCAXIS2PLACEMENT3D(#605,#7,#127);
#607= IFCLOCALPLACEMENT(#568,#606);
#608= IFCMECHANICALFASTENER('0PXQgT1zj5tAkR7BcIwR4R',#44,'Bolt assembly',$,$,#607,#604,'ID1985aa9d-07db-45dc-ab9b-1cb992e9b11b',20.,10.);
#609= IFCSHAPEREPRESENTATION(#12,'Body','MappedRepresentation',(#240,#123));
#610= IFCPRODUCTDEFINITIONSHAPE($,$,(#609));
#611= IFCCARTESIANPOINT((-60049.9987494481,-64596.500040931,9.99999999999273));
#612= IFCAXIS2PLACEMENT3D(#611,#7,#127);
#613= IFCLOCALPLACEMENT(#558,#612);
#614= IFCMECHANICALFASTENER('1vBPgLrQr3UQG$HM2TfXxt',#44,'Bolt assembly',$,$,#613,#610,'ID792d9a95-d5ad-4379-a43f-45609da61ef7',20.,10.);
#615= IFCSHAPEREPRESENTATION(#12,'Body','MappedRepresentation',(#240,#123));
#616= IFCPRODUCTDEFINITIONSHAPE($,$,(#615));
#617= IFCCARTESIANPOINT((-60049.9987494481,-63261.500040931,9.99999999999273));
#618= IFCAXIS2PLACEMENT3D(#617,#7,#127);
#619= IFCLOCALPLACEMENT(#588,#618);
#620= IFCMECHANICALFASTENER('2I_BCKAI9BARRTeFoUjOlo',#44,'Bolt assembly',$,$,#619,#616,'ID92f8b314-2922-4b29-b6dd-a0fc9eb58bf2',20.,10.);
#621= IFCLOCALPLACEMENT(#42,#10);
#622= IFCELEMENTASSEMBLY('0TwtLN1vn4DwVqr8vvpYBi',#138,'Drager',$,$,#621,$,'d39',.NOTDEFINED.,.NOTDEFINED.);
#623= IFCPROPERTYSINGLEVALUE('Assembly/Cast unit position code',$,IFCLABEL('204/H>'),$);
#624= IFCPROPERTYSET('0wfRW5Ke56Le8OcYHGpXBh',#5,'Tekla Assembly','Assembly Properties',(#48,#49,#50,#141,#161,#162,#623,#163));
#625= IFCSHAPEREPRESENTATION(#12,'Body','MappedRepresentation',(#173,#123));
#626= IFCPRODUCTDEFINITIONSHAPE($,$,(#625));
#627= IFCCARTESIANPOINT((-25250.0018233061,-64843.9779444146,2305.99995231516));
#628= IFCAXIS2PLACEMENT3D(#627,#155,#9);
#629= IFCLOCALPLACEMENT(#621,#628);
#630= IFCMECHANICALFASTENER('2eSJjLc4n46OP1sIClgODD',#44,'Bolt assembly',$,$,#629,#626,'IDa8713b55-984c-4419-8641-d9232fa9834d',20.,10.);
#631= IFCLOCALPLACEMENT(#42,#10);
#632= IFCELEMENTASSEMBLY('1XakXmUPb72AvLMkUFixfc',#138,'Drager',$,$,#631,$,'d40',.NOTDEFINED.,.NOTDEFINED.);
#633= IFCPROPERTYSINGLEVALUE('Assembly/Cast unit position code',$,IFCLABEL('205-204/H>'),$);
#634= IFCPROPERTYSET('0E3mV9PQ10x8QXLoq4unRX',#5,'Tekla Assembly','Assembly Properties',(#48,#49,#50,#141,#142,#143,#633,#145));
#635= IFCSHAPEREPRESENTATION(#12,'Body','MappedRepresentation',(#173,#123));
#636= IFCPRODUCTDEFINITIONSHAPE($,$,(#635));
#637= IFCCARTESIANPOINT((-27760.0018233061,-64843.9779444146,3319.99995231516));
#638= IFCAXIS2PLACEMENT3D(#637,#155,#9);
#639= IFCLOCALPLACEMENT(#631,#638);
#640= IFCMECHANICALFASTENER('1MzZ66gn9FavHDMEXr0fT6',#44,'Bolt assembly',$,$,#639,#636,'ID56f63186-ab12-4f93-944d-58e875029746',20.,10.);
#641= IFCSHAPEREPRESENTATION(#12,'Body','MappedRepresentation',(#78,#151));
#642= IFCPRODUCTDEFINITIONSHAPE($,$,(#641));
#643= IFCCARTESIANPOINT((-27760.0018233061,-63034.0020555854,3319.99995231516));
#644= IFCAXIS2PLACEMENT3D(#643,#155,#9);
#645= IFCLOCALPLACEMENT(#631,#644);
#646= IFCMECHANICALFASTENER('1It13EEMn6SOsjMf4VhRxp',#44,'Bolt assembly',$,$,#645,#642,'ID52dc10ce-396c-4671-8dad-5a911fadbef3',20.,10.);
#647= IFCSHAPEREPRESENTATION(#12,'Body','MappedRepresentation',(#78,#151));
#648= IFCPRODUCTDEFINITIONSHAPE($,$,(#647));
#649= IFCCARTESIANPOINT((-25250.0018233061,-63034.0020555854,2305.99995231516));
#650= IFCAXIS2PLACEMENT3D(#649,#155,#9);
#651= IFCLOCALPLACEMENT(#621,#650);
#652= IFCMECHANICALFASTENER('3nDBfAmq9FuRU8xpmMCJaq',#44,'Bolt assembly',$,$,#651,#648,'IDf134ba4a-c342-4fe1-b788-ef3c16313934',20.,10.);
#653= IFCLOCALPLACEMENT(#42,#10);
#654= IFCELEMENTASSEMBLY('0qJU_JnInANP_pRHnc41N8',#45,'S\S\xjle',$,$,#653,$,'s49',.NOTDEFINED.,.NOTDEFINED.);
#655= IFCPROPERTYSET('1ypMFFQwfDzOLaBebsHLSf',#5,'Tekla Assembly','Assembly Properties',(#48,#49,#50,#203,#189,#190,#623,#204));
#656= IFCSHAPEREPRESENTATION(#12,'Body','MappedRepresentation',(#240,#123));
#657= IFCPRODUCTDEFINITIONSHAPE($,$,(#656));
#658= IFCCARTESIANPOINT((-25249.9987494481,-63251.500040931,9.99999999999272));
#659= IFCAXIS2PLACEMENT3D(#658,#7,#127);
#660= IFCLOCALPLACEMENT(#653,#659);
#661= IFCMECHANICALFASTENER('0A_e_OCE51F9aeZOwKfspS',#44,'Bolt assembly',$,$,#660,#657,'ID0afa8f98-30e1-413c-9928-8d8e94a76cdc',20.,10.);
#662= IFCLOCALPLACEMENT(#42,#10);
#663= IFCELEMENTASSEMBLY('0tKnLm1eH0g9YWX0f6Wjn4',#45,'S\S\xjle',$,$,#662,$,'s47',.NOTDEFINED.,.NOTDEFINED.);
#664= IFCPROPERTYSINGLEVALUE('Assembly/Cast unit position code',$,IFCLABEL('204/H'),$);
#665= IFCPROPERTYSET('0L53CCMwrCVuMOZJ36a2Oq',#5,'Tekla Assembly','Assembly Properties',(#48,#49,#50,#188,#189,#190,#664,#191));
#666= IFCQUANTITYLENGTH('Width',$,$,139.999999999985);
#667= IFCELEMENTQUANTITY('30tuO4Kb98ewIKJC5bJlG8',#5,'BaseQuantities',$,$,(#666));
#668= IFCSHAPEREPRESENTATION(#12,'Body','MappedRepresentation',(#240,#123));
#669= IFCPRODUCTDEFINITIONSHAPE($,$,(#668));
#670= IFCCARTESIANPOINT((-25249.9987494481,-64596.500040931,9.99999999999272));
#671= IFCAXIS2PLACEMENT3D(#670,#7,#127);
#672= IFCLOCALPLACEMENT(#662,#671);
#673= IFCMECHANICALFASTENER('3arEUrAGPCeR1zVAHHiJxi',#44,'Bolt assembly',$,$,#672,#669,'IDe4d4e7b5-2906-4ca1-b07d-7ca451b13eec',20.,10.);
#674= IFCLOCALPLACEMENT(#42,#10);
#675= IFCELEMENTASSEMBLY('1pQJaOgaP7txIJG8LFQkNg',#45,'S\S\xjle',$,$,#674,$,'s51',.NOTDEFINED.,.NOTDEFINED.);
#676= IFCPROPERTYSINGLEVALUE('Assembly/Cast unit weight',$,IFCMASSMEASURE(60.8),$);
#677= IFCPROPERTYSINGLEVALUE('Assembly/Cast unit position code',$,IFCLABEL('205-204/H'),$);
#678= IFCPROPERTYSINGLEVALUE('Assembly/Cast unit Mark',$,IFCLABEL('s51'),$);
#679= IFCPROPERTYSET('3CtR6RI1bD_g$XctC$uB3l',#5,'Tekla Assembly','Assembly Properties',(#48,#49,#50,#676,#189,#217,#677,#678));
#680= IFCQUANTITYLENGTH('Width',$,$,139.997498896126);
#681= IFCELEMENTQUANTITY('2nuGb8jSP7pBWCZ4us33SL',#5,'BaseQuantities',$,$,(#680));
#682= IFCSHAPEREPRESENTATION(#12,'Body','MappedRepresentation',(#240,#123));
#683= IFCPRODUCTDEFINITIONSHAPE($,$,(#682));
#684= IFCCARTESIANPOINT((-27759.9987494481,-64596.500040931,9.99999999999272));
#685= IFCAXIS2PLACEMENT3D(#684,#7,#127);
#686= IFCLOCALPLACEMENT(#674,#685);
#687= IFCMECHANICALFASTENER('1nn2Un_T5BQ8KfCk7rdYFA',#44,'Bolt assembly',$,$,#686,#683,'ID71c427b1-f9d1-4b68-8529-32e1f59e23ca',20.,10.);
#688= IFCLOCALPLACEMENT(#42,#10);
#689= IFCELEMENTASSEMBLY('1xoWCJnZTALwwe1m4XMtYN',#45,'S\S\xjle',$,$,#688,$,'s52',.NOTDEFINED.,.NOTDEFINED.);
#690= IFCPROPERTYSET('3SyxCdKszAFAXdRlNNX_1a',#5,'Tekla Assembly','Assembly Properties',(#48,#49,#50,#216,#189,#217,#633,#218));
#691= IFCSHAPEREPRESENTATION(#12,'Body','MappedRepresentation',(#240,#123));
#692= IFCPRODUCTDEFINITIONSHAPE($,$,(#691));
#693= IFCCARTESIANPOINT((-27759.9987494481,-63251.500040931,9.99999999999272));
#694= IFCAXIS2PLACEMENT3D(#693,#7,#127);
#695= IFCLOCALPLACEMENT(#688,#694);
#696= IFCMECHANICALFASTENER('3uyB8riAvBiAQ5qGZL0pdW',#44,'Bolt assembly',$,$,#695,#692,'IDf8f0b235-b0ae-4bb0-a685-d108d50339e0',20.,10.);
#697= IFCSHAPEREPRESENTATION(#12,'Body','MappedRepresentation',(#78,#81));
#698= IFCPRODUCTDEFINITIONSHAPE($,$,(#697));
#699= IFCCARTESIANPOINT((-27784.9987494481,-64629.000040931,3284.99995231517));
#700= IFCAXIS2PLACEMENT3D(#699,#127,#7);
#701= IFCLOCALPLACEMENT(#674,#700);
#702= IFCMECHANICALFASTENER('2WF0F86Z5AEv3fIpjjgu7u',#44,'Bolt assembly',$,$,#701,#698,'IDa03c03c8-1a31-4a3b-90e9-4b3b6dab81f8',20.,10.);
#703= IFCSHAPEREPRESENTATION(#12,'Body','MappedRepresentation',(#78,#81));
#704= IFCPRODUCTDEFINITIONSHAPE($,$,(#703));
#705= IFCCARTESIANPOINT((-27784.9987494481,-63284.000040931,3284.99995231517));
#706= IFCAXIS2PLACEMENT3D(#705,#127,#7);
#707= IFCLOCALPLACEMENT(#688,#706);
#708= IFCMECHANICALFASTENER('0xfTTPvmH93hQ$TvzDj8k4',#44,'Bolt assembly',$,$,#707,#704,'ID3ba5d759-e704-490e-b6bf-779f4db48b84',20.,10.);
#709= IFCSHAPEREPRESENTATION(#12,'Body','MappedRepresentation',(#78,#81));
#710= IFCPRODUCTDEFINITIONSHAPE($,$,(#709));
#711= IFCCARTESIANPOINT((-25274.9987494481,-64629.000040931,2270.99995231517));
#712= IFCAXIS2PLACEMENT3D(#711,#127,#7);
#713= IFCLOCALPLACEMENT(#662,#712);
#714= IFCMECHANICALFASTENER('3VhfAdkbPBzfYiixUQR_r4',#44,'Bolt assembly',$,$,#713,#710,'IDdfae92a7-ba56-4bf6-98ac-b3b79a6fed44',20.,10.);
#715= IFCSHAPEREPRESENTATION(#12,'Body','MappedRepresentation',(#78,#81));
#716= IFCPRODUCTDEFINITIONSHAPE($,$,(#715));
#717= IFCCARTESIANPOINT((-25274.9987494481,-63284.000040931,2270.99995231517));
#718= IFCAXIS2PLACEMENT3D(#717,#127,#7);
#719= IFCLOCALPLACEMENT(#653,#718);
#720= IFCMECHANICALFASTENER('2ImAy8H999Lv6uwtUr7kzl',#44,'Bolt assembly',$,$,#719,#716,'ID92c0af08-4492-4957-91b8-eb77b51eef6f',20.,10.);
#721= IFCLOCALPLACEMENT(#42,#10);
#722= IFCELEMENTASSEMBLY('1rhF9CF_5AKR9PS7U6cC$h',#45,'Drager',$,$,#721,$,'d38',.NOTDEFINED.,.NOTDEFINED.);
#723= IFCPROPERTYSET('0uwTCJikf1Dgd6gNy8i27d',#5,'Tekla Assembly','Assembly Properties',(#48,#49,#50,#51,#52,#53,#677,#55));
#724= IFCQUANTITYLENGTH('Width',$,$,250.);
#725= IFCELEMENTQUANTITY('2vx$FxYNbEtuzmaZW6rHG3',#5,'BaseQuantities',$,$,(#724));
#726= IFCSHAPEREPRESENTATION(#12,'Body','MappedRepresentation',(#120,#123));
#727= IFCPRODUCTDEFINITIONSHAPE($,$,(#726));
#728= IFCCARTESIANPOINT((-25310.0018233061,-64628.9981766939,2355.99995231516));
#729= IFCAXIS2PLACEMENT3D(#728,#127,#85);
#730= IFCLOCALPLACEMENT(#721,#729);
#731= IFCMECHANICALFASTENER('1B1Y7H$Tz4ye_uVgmPpOwV',#44,'Bolt assembly',$,$,#730,#727,'ID4b0621d1-fddf-44f2-8fb8-7eac19cd8e9f',20.,10.);
#732= IFCSHAPEREPRESENTATION(#12,'Body','MappedRepresentation',(#78,#81));
#733= IFCPRODUCTDEFINITIONSHAPE($,$,(#732));
#734= IFCCARTESIANPOINT((-27699.9987494481,-64603.9981766939,2330.99995231518));
#735= IFCAXIS2PLACEMENT3D(#734,#85,#127);
#736= IFCLOCALPLACEMENT(#721,#735);
#737= IFCMECHANICALFASTENER('3P89XPDuv50xSEbkNqZWiO',#44,'Bolt assembly',$,$,#736,#733,'IDd9209859-378e-4503-b70e-96e5f48e0b18',20.,10.);
#738= IFCLOCALPLACEMENT(#42,#10);
#739= IFCELEMENTASSEMBLY('0P8_fsN3r9xOfUYPhW5Dz6',#45,'Drager',$,$,#738,$,'d38',.NOTDEFINED.,.NOTDEFINED.);
#740= IFCPROPERTYSET('2G55A$9OzCvv_tJ66Pm1gH',#5,'Tekla Assembly','Assembly Properties',(#48,#49,#50,#51,#52,#53,#633,#55));
#741= IFCSHAPEREPRESENTATION(#12,'Body','MappedRepresentation',(#120,#123));
#742= IFCPRODUCTDEFINITIONSHAPE($,$,(#741));
#743= IFCCARTESIANPOINT((-25310.0018233061,-63283.9981766939,2355.99995231516));
#744= IFCAXIS2PLACEMENT3D(#743,#127,#85);
#745= IFCLOCALPLACEMENT(#738,#744);
#746= IFCMECHANICALFASTENER('23iQ8PSkvBrPzcNDUDMYjT',#44,'Bolt assembly',$,$,#745,#742,'ID83b1a219-72ee-4bd5-9f66-5cd78d5a2b5d',20.,10.);
#747= IFCSHAPEREPRESENTATION(#12,'Body','MappedRepresentation',(#78,#81));
#748= IFCPRODUCTDEFINITIONSHAPE($,$,(#747));
#749= IFCCARTESIANPOINT((-27699.9987494481,-63258.9981766939,2330.99995231518));
#750= IFCAXIS2PLACEMENT3D(#749,#85,#127);
#751= IFCLOCALPLACEMENT(#738,#750);
#752= IFCMECHANICALFASTENER('3WG0m3dW5EMw4Rjk65ryu_',#44,'Bolt assembly',$,$,#751,#748,'IDe0400c03-9e01-4e5b-a11b-b6e185d7ce3e',20.,10.);
#753= IFCOWNERHISTORY(#3,#4,$,.NOCHANGE.,$,$,$,1761825600);
#754= IFCLOCALPLACEMENT(#42,#10);
#755= IFCELEMENTASSEMBLY('1bl9oJAxfEyAdnz0K9r73j',#753,'S\S\xjle',$,$,#754,$,'s44',.NOTDEFINED.,.NOTDEFINED.);
#756= IFCPROPERTYSINGLEVALUE('Assembly/Cast unit weight',$,IFCMASSMEASURE(22.7),$);
#757= IFCPROPERTYSINGLEVALUE('Assembly/Cast unit top elevation',$,IFCLABEL(' +1.015'),$);
#758= IFCPROPERTYSINGLEVALUE('Assembly/Cast unit position code',$,IFCLABEL('208/L'),$);
#759= IFCPROPERTYSINGLEVALUE('Assembly/Cast unit Mark',$,IFCLABEL('s44'),$);
#760= IFCPROPERTYSET('3QQRJ6u5b4wgoMNUR3fgJo',#5,'Tekla Assembly','Assembly Properties',(#48,#49,#50,#756,#189,#757,#758,#759));
#761= IFCQUANTITYLENGTH('Width',$,$,200.);
#762= IFCELEMENTQUANTITY('1P6XIxMqTA0hIHr_N0Zivd',#5,'BaseQuantities',$,$,(#761));
#763= IFCCIRCLEPROFILEDEF(.AREA.,$,#69,5.);
#764= IFCCARTESIANPOINT((0.,0.00250376585722023,0.));
#765= IFCAXIS2PLACEMENT3D(#764,#8,#7);
#766= IFCEXTRUDEDAREASOLID(#763,#765,#9,5.26);
#767= IFCSTYLEDITEM(#766,(#66),$);
#768= IFCCARTESIANTRANSFORMATIONOPERATOR3D($,$,#6,$,$);
#769= IFCSHAPEREPRESENTATION(#12,'Body','SweptSolid',(#766));
#770= IFCREPRESENTATIONMAP(#10,#769);
#771= IFCMAPPEDITEM(#770,#768);
#772= IFCSHAPEREPRESENTATION(#12,'Body','MappedRepresentation',(#771));
#773= IFCPRODUCTDEFINITIONSHAPE($,$,(#772));
#774= IFCCARTESIANPOINT((-44683.7213810253,-94683.8918273068,995.));
#775= IFCAXIS2PLACEMENT3D(#774,#127,#85);
#776= IFCLOCALPLACEMENT(#754,#775);
#777= IFCMECHANICALFASTENER('05_B$idRP6NxcBA5KLqrk0',#753,'Bolt assembly',$,$,#776,#773,'ID05f8bfec-9db6-465f-b98b-285515d35b80',10.,5.15826225280762);
#778= IFCPROPERTYSINGLEVALUE('Washer diameter',$,IFCLENGTHMEASURE(10.),$);
#779= IFCPROPERTYSINGLEVALUE('Washer name',$,IFCLABEL('Underlagsskive M10-NS-ISO 7089'),$);
#780= IFCPROPERTYSINGLEVALUE('Nut name',$,IFCLABEL('6K-mutter M10-NS-ISO 4032'),$);
#781= IFCPROPERTYSINGLEVALUE('Bolt hole diameter',$,IFCLENGTHMEASURE(10.),$);
#782= IFCPROPERTYSINGLEVALUE('Bolt count',$,IFCINTEGER(1),$);
#783= IFCPROPERTYSINGLEVALUE('Bolt size',$,IFCLENGTHMEASURE(10.),$);
#784= IFCPROPERTYSINGLEVALUE('Bolt length',$,IFCLENGTHMEASURE(5.2),$);
#785= IFCPROPERTYSET('3qeVjBRsvE$x1jUuneAbZG',#5,'Tekla Bolt','Bolt Properties',(#90,#778,#92,#779,#94,#95,#780,#97,#98,#781,#100,#782,#783,#784,#104,#105));
#786= IFCCARTESIANPOINT((0.,0.00148509101690308,0.));
#787= IFCAXIS2PLACEMENT3D(#786,#8,#7);
#788= IFCEXTRUDEDAREASOLID(#763,#787,#9,5.26);
#789= IFCSTYLEDITEM(#788,(#66),$);
#790= IFCSHAPEREPRESENTATION(#12,'Body','SweptSolid',(#788));
#791= IFCREPRESENTATIONMAP(#10,#790);
#792= IFCMAPPEDITEM(#791,#768);
#793= IFCSHAPEREPRESENTATION(#12,'Body','MappedRepresentation',(#792));
#794= IFCPRODUCTDEFINITIONSHAPE($,$,(#793));
#795= IFCCARTESIANPOINT((-44599.5727063561,-94599.739498024,995.));
#796= IFCAXIS2PLACEMENT3D(#795,#155,#85);
#797= IFCLOCALPLACEMENT(#754,#796);
#798= IFCMECHANICALFASTENER('0CensQAqvDGuMAa27HnDZC',#753,'Bolt assembly',$,$,#797,#794,'ID0ca31d9a-2b4e-4d43-858a-9021d1c4d8cc',10.,5.15826225280762);
#799= IFCCARTESIANPOINT((0.,-0.00101867483981977,0.));
#800= IFCAXIS2PLACEMENT3D(#799,#8,#7);
#801= IFCEXTRUDEDAREASOLID(#763,#800,#9,5.26);
#802= IFCSTYLEDITEM(#801,(#66),$);
#803= IFCSHAPEREPRESENTATION(#12,'Body','SweptSolid',(#801));
#804= IFCREPRESENTATIONMAP(#10,#803);
#805= IFCMAPPEDITEM(#804,#768);
#806= IFCSHAPEREPRESENTATION(#12,'Body','MappedRepresentation',(#805));
#807= IFCPRODUCTDEFINITIONSHAPE($,$,(#806));
#808= IFCCARTESIANPOINT((-44515.4203770733,-94683.8881726933,995.));
#809= IFCAXIS2PLACEMENT3D(#808,#8,#85);
#810= IFCLOCALPLACEMENT(#754,#809);
#811= IFCMECHANICALFASTENER('2X2bMLbyn7mOd9x0rvg1Cq',#753,'Bolt assembly',$,$,#810,#807,'IDa10a5595-97cc-47c1-89c9-ec0d79a81334',10.,5.15826225280762);
#812= IFCEXTRUDEDAREASOLID(#763,#71,#9,5.26);
#813= IFCSTYLEDITEM(#812,(#66),$);
#814= IFCSHAPEREPRESENTATION(#12,'Body','SweptSolid',(#812));
#815= IFCREPRESENTATIONMAP(#10,#814);
#816= IFCMAPPEDITEM(#815,#768);
#817= IFCSHAPEREPRESENTATION(#12,'Body','MappedRepresentation',(#816));
#818= IFCPRODUCTDEFINITIONSHAPE($,$,(#817));
#819= IFCCARTESIANPOINT((-44599.5690517426,-94768.040501976,995.));
#820= IFCAXIS2PLACEMENT3D(#819,#7,#85);
#821= IFCLOCALPLACEMENT(#754,#820);
#822= IFCMECHANICALFASTENER('0g5n_1cEf3PukQ9r9vQGmQ',#753,'Bolt assembly',$,$,#821,#818,'ID2a171f81-98ea-4367-8b9a-275279690c1a',10.,5.15826225280762);
#823= IFCCARTESIANPOINT((0.,-10.,0.));
#824= IFCAXIS2PLACEMENT3D(#823,#8,#7);
#825= IFCEXTRUDEDAREASOLID(#70,#824,#9,10.1);
#826= IFCSTYLEDITEM(#825,(#66),$);
#827= IFCSHAPEREPRESENTATION(#12,'Body','SweptSolid',(#825));
#828= IFCREPRESENTATIONMAP(#10,#827);
#829= IFCMAPPEDITEM(#828,#768);
#830= IFCCARTESIANPOINT((140.,0.,0.));
#831= IFCCARTESIANTRANSFORMATIONOPERATOR3D($,$,#830,$,$);
#832= IFCMAPPEDITEM(#828,#831);
#833= IFCSHAPEREPRESENTATION(#12,'Body','MappedRepresentation',(#829,#832));
#834= IFCPRODUCTDEFINITIONSHAPE($,$,(#833));
#835= IFCCARTESIANPOINT((-44529.5690517426,-94683.890501976,0.));
#836= IFCAXIS2PLACEMENT3D(#835,#127,#155);
#837= IFCLOCALPLACEMENT(#754,#836);
#838= IFCMECHANICALFASTENER('1QtGAcq3z4kfefkyb7yted',#753,'Bolt assembly',$,$,#837,#834,'ID5add02a6-d03f-44ba-9a29-bbc947f37a27',20.,10.);
#839= IFCSHAPEREPRESENTATION(#12,'Body','MappedRepresentation',(#829,#832));
#840= IFCPRODUCTDEFINITIONSHAPE($,$,(#839));
#841= IFCCARTESIANPOINT((-44599.5690517426,-94753.890501976,10.));
#842= IFCAXIS2PLACEMENT3D(#841,#7,#8);
#843= IFCLOCALPLACEMENT(#754,#842);
#844= IFCMECHANICALFASTENER('1z3OJkt8zCchQGgXraZkrI',#753,'Bolt assembly',$,$,#843,#840,'ID7d0d84ee-dc8f-4c9a-b690-aa1d648eed52',20.,10.);
#845= IFCLOCALPLACEMENT(#42,#10);
#846= IFCELEMENTASSEMBLY('30GZGeeh5Eefj4arbjn5gO',#753,'S\S\xjle',$,$,#845,$,'s44',.NOTDEFINED.,.NOTDEFINED.);
#847= IFCPROPERTYSINGLEVALUE('Assembly/Cast unit position code',$,IFCLABEL('207/L'),$);
#848= IFCPROPERTYSET('0NT81_oSv7GOQespd2XKK6',#5,'Tekla Assembly','Assembly Properties',(#48,#49,#50,#756,#189,#757,#847,#759));
#849= IFCSHAPEREPRESENTATION(#12,'Body','MappedRepresentation',(#771));
#850= IFCPRODUCTDEFINITIONSHAPE($,$,(#849));
#851= IFCCARTESIANPOINT((-40483.7213817406,-94683.8919522381,995.));
#852= IFCAXIS2PLACEMENT3D(#851,#127,#85);
#853= IFCLOCALPLACEMENT(#845,#852);
#854= IFCMECHANICALFASTENER('2NoHueVpT4owT2dNzcoxqv',#753,'Bolt assembly',$,$,#853,#850,'ID97c91e28-7f37-44cb-a742-9d7f66cbbd39',10.,5.15826225280762);
#855= IFCSHAPEREPRESENTATION(#12,'Body','MappedRepresentation',(#792));
#856= IFCPRODUCTDEFINITIONSHAPE($,$,(#855));
#857= IFCCARTESIANPOINT((-40399.5727070713,-94599.7396229553,995.));
#858= IFCAXIS2PLACEMENT3D(#857,#155,#85);
#859= IFCLOCALPLACEMENT(#845,#858);
#860= IFCMECHANICALFASTENER('2klOHG1UTD5Bs7AQkbrwpZ',#753,'Bolt assembly',$,$,#859,#856,'IDaebd8450-05e7-4d14-bd87-29aba5d7ace3',10.,5.15826225280762);
#861= IFCSHAPEREPRESENTATION(#12,'Body','MappedRepresentation',(#805));
#862= IFCPRODUCTDEFINITIONSHAPE($,$,(#861));
#863= IFCCARTESIANPOINT((-40315.4203777885,-94683.8882976246,995.));
#864= IFCAXIS2PLACEMENT3D(#863,#8,#85);
#865= IFCLOCALPLACEMENT(#845,#864);
#866= IFCMECHANICALFASTENER('2s$_Xg7tHEnvNVBuumYHoq',#753,'Bolt assembly',$,$,#865,#862,'IDb6ffe86a-1f74-4ec7-95df-2f8e30891cb4',10.,5.15826225280762);
#867= IFCSHAPEREPRESENTATION(#12,'Body','MappedRepresentation',(#816));
#868= IFCPRODUCTDEFINITIONSHAPE($,$,(#867));
#869= IFCCARTESIANPOINT((-40399.5690524578,-94768.0406269073,995.));
#870= IFCAXIS2PLACEMENT3D(#869,#7,#85);
#871= IFCLOCALPLACEMENT(#845,#870);
#872= IFCMECHANICALFASTENER('3A9jNiDG98Zgt5C2NwWwOz',#753,'Bolt assembly',$,$,#871,#868,'IDca26d5ec-3502-488e-adc5-3025fa83a63d',10.,5.15826225280762);
#873= IFCSHAPEREPRESENTATION(#12,'Body','MappedRepresentation',(#829,#832));
#874= IFCPRODUCTDEFINITIONSHAPE($,$,(#873));
#875= IFCCARTESIANPOINT((-40329.5690524578,-94683.8906269073,0.));
#876= IFCAXIS2PLACEMENT3D(#875,#127,#155);
#877= IFCLOCALPLACEMENT(#845,#876);
#878= IFCMECHANICALFASTENER('07rsqMuOTFzQ60p$wOUElB',#753,'Bolt assembly',$,$,#877,#874,'ID07d76d16-e187-4ff5-a180-cffe9878ebcb',20.,10.);
#879= IFCSHAPEREPRESENTATION(#12,'Body','MappedRepresentation',(#829,#832));
#880= IFCPRODUCTDEFINITIONSHAPE($,$,(#879));
#881= IFCCARTESIANPOINT((-40399.5690524578,-94753.8906269073,10.));
#882= IFCAXIS2PLACEMENT3D(#881,#7,#8);
#883= IFCLOCALPLACEMENT(#845,#882);
#884= IFCMECHANICALFASTENER('0TF5JsEDn9YOWwXnTWSsO7',#753,'Bolt assembly',$,$,#883,#880,'ID1d3c54f6-38dc-4989-883a-871760736607',20.,10.);
#885= IFCLOCALPLACEMENT(#42,#10);
#886= IFCELEMENTASSEMBLY('0T2v4F7xb9OPL8OpcYxBce',#753,'S\S\xjle',$,$,#885,$,'s44',.NOTDEFINED.,.NOTDEFINED.);
#887= IFCPROPERTYSINGLEVALUE('Assembly/Cast unit position code',$,IFCLABEL('206/L'),$);
#888= IFCPROPERTYSET('3n_a5tuTr0RBoVn3zvolf_',#5,'Tekla Assembly','Assembly Properties',(#48,#49,#50,#756,#189,#757,#887,#759));
#889= IFCSHAPEREPRESENTATION(#12,'Body','MappedRepresentation',(#771));
#890= IFCPRODUCTDEFINITIONSHAPE($,$,(#889));
#891= IFCCARTESIANPOINT((-34683.7213815021,-94683.8921267605,995.));
#892= IFCAXIS2PLACEMENT3D(#891,#127,#85);
#893= IFCLOCALPLACEMENT(#885,#892);
#894= IFCMECHANICALFASTENER('2nDI_GZ0D6$8yuv47A0Z_3',#753,'Bolt assembly',$,$,#893,#890,'IDb1352f90-8c03-46fc-8f38-e441ca023f83',10.,5.15826225280762);
#895= IFCSHAPEREPRESENTATION(#12,'Body','MappedRepresentation',(#792));
#896= IFCPRODUCTDEFINITIONSHAPE($,$,(#895));
#897= IFCCARTESIANPOINT((-34599.5727068329,-94599.7397974777,995.));
#898= IFCAXIS2PLACEMENT3D(#897,#155,#85);
#899= IFCLOCALPLACEMENT(#885,#898);
#900= IFCMECHANICALFASTENER('29GQ$DvD51RxAOHD1C5_bV',#753,'Bolt assembly',$,$,#899,#896,'ID8941afcd-e4d1-416f-b298-44d04c17e95f',10.,5.15826225280762);
#901= IFCSHAPEREPRESENTATION(#12,'Body','MappedRepresentation',(#805));
#902= IFCPRODUCTDEFINITIONSHAPE($,$,(#901));
#903= IFCCARTESIANPOINT((-34515.4203775501,-94683.888472147,995.));
#904= IFCAXIS2PLACEMENT3D(#903,#8,#85);
#905= IFCLOCALPLACEMENT(#885,#904);
#906= IFCMECHANICALFASTENER('1hP0ja2dz0DuvT3UYpOFcu',#753,'Bolt assembly',$,$,#905,#902,'ID6b640b64-0a7f-4037-8e5d-0de8b360f9b8',10.,5.15826225280762);
#907= IFCSHAPEREPRESENTATION(#12,'Body','MappedRepresentation',(#816));
#908= IFCPRODUCTDEFINITIONSHAPE($,$,(#907));
#909= IFCCARTESIANPOINT((-34599.5690522194,-94768.0408014297,995.));
#910= IFCAXIS2PLACEMENT3D(#909,#7,#85);
#911= IFCLOCALPLACEMENT(#885,#910);
#912= IFCMECHANICALFASTENER('3vtCLIw1f6t9X2j$ENvN6K',#753,'Bolt assembly',$,$,#911,#908,'IDf9dcc552-e81a-46dc-9842-b7f397e57194',10.,5.15826225280762);
#913= IFCSHAPEREPRESENTATION(#12,'Body','MappedRepresentation',(#829,#832));
#914= IFCPRODUCTDEFINITIONSHAPE($,$,(#913));
#915= IFCCARTESIANPOINT((-34529.5690522194,-94683.8908014297,0.));
#916= IFCAXIS2PLACEMENT3D(#915,#127,#155);
#917= IFCLOCALPLACEMENT(#885,#916);
#918= IFCMECHANICALFASTENER('3JHBWqMcz6BQS08ksgJ6bP',#753,'Bolt assembly',$,$,#917,#914,'IDd344b834-5a6f-462d-a700-22edaa4c6959',20.,10.);
#919= IFCSHAPEREPRESENTATION(#12,'Body','MappedRepresentation',(#829,#832));
#920= IFCPRODUCTDEFINITIONSHAPE($,$,(#919));
#921= IFCCARTESIANPOINT((-34599.5690522194,-94753.8908014297,10.));
#922= IFCAXIS2PLACEMENT3D(#921,#7,#8);
#923= IFCLOCALPLACEMENT(#885,#922);
#924= IFCMECHANICALFASTENER('3QBYCDN9bFfhkTgYAprJqc',#753,'Bolt assembly',$,$,#923,#920,'IDda2e230d-5c99-4fa6-bb9d-aa22b3d53d26',20.,10.);
#925= IFCLOCALPLACEMENT(#42,#10);
#926= IFCELEMENTASSEMBLY('2Zwexvnhv6Jw7SIfXxSAyQ',#753,'S\S\xjle',$,$,#925,$,'s44',.NOTDEFINED.,.NOTDEFINED.);
#927= IFCPROPERTYSINGLEVALUE('Assembly/Cast unit position code',$,IFCLABEL('205/L'),$);
#928= IFCPROPERTYSET('3GTERkioj9TAKAeWyiAYM2',#5,'Tekla Assembly','Assembly Properties',(#48,#49,#50,#756,#189,#757,#927,#759));
#929= IFCSHAPEREPRESENTATION(#12,'Body','MappedRepresentation',(#771));
#930= IFCPRODUCTDEFINITIONSHAPE($,$,(#929));
#931= IFCCARTESIANPOINT((-30483.7213815021,-94683.8922526455,995.));
#932= IFCAXIS2PLACEMENT3D(#931,#127,#85);
#933= IFCLOCALPLACEMENT(#925,#932);
#934= IFCMECHANICALFASTENER('1gRoDps1z6WO5kXCTNCBfn',#753,'Bolt assembly',$,$,#933,#930,'ID6a6f2373-d81f-4681-816e-84c75730ba71',10.,5.15826225280762);
#935= IFCSHAPEREPRESENTATION(#12,'Body','MappedRepresentation',(#792));
#936= IFCPRODUCTDEFINITIONSHAPE($,$,(#935));
#937= IFCCARTESIANPOINT((-30399.5727068329,-94599.7399233627,995.));
#938= IFCAXIS2PLACEMENT3D(#937,#155,#85);
#939= IFCLOCALPLACEMENT(#925,#938);
#940= IFCMECHANICALFASTENER('2lYCvYirv5HuX9qeCouMHf',#753,'Bolt assembly',$,$,#939,#936,'IDaf88ce62-b35e-4547-8849-d28332e16469',10.,5.15826225280762);
#941= IFCSHAPEREPRESENTATION(#12,'Body','MappedRepresentation',(#805));
#942= IFCPRODUCTDEFINITIONSHAPE($,$,(#941));
#943= IFCCARTESIANPOINT((-30315.4203775501,-94683.888598032,995.));
#944= IFCAXIS2PLACEMENT3D(#943,#8,#85);
#945= IFCLOCALPLACEMENT(#925,#944);
#946= IFCMECHANICALFASTENER('1w5STliLT6nwTQZK2EUH1T',#753,'Bolt assembly',$,$,#945,#942,'ID7a15c76f-b157-46c7-a75a-8d408e79105d',10.,5.15826225280762);
#947= IFCSHAPEREPRESENTATION(#12,'Body','MappedRepresentation',(#816));
#948= IFCPRODUCTDEFINITIONSHAPE($,$,(#947));
#949= IFCCARTESIANPOINT((-30399.5690522194,-94768.0409273148,995.));
#950= IFCAXIS2PLACEMENT3D(#949,#7,#85);
#951= IFCLOCALPLACEMENT(#925,#950);
#952= IFCMECHANICALFASTENER('1ZhpfJVQj3LRNqGrmv6j10',#753,'Bolt assembly',$,$,#951,#948,'ID63af3a53-7dab-4355-b5f4-435c391ad040',10.,5.15826225280762);
#953= IFCSHAPEREPRESENTATION(#12,'Body','MappedRepresentation',(#829,#832));
#954= IFCPRODUCTDEFINITIONSHAPE($,$,(#953));
#955= IFCCARTESIANPOINT((-30329.5690522194,-94683.8909273148,0.));
#956= IFCAXIS2PLACEMENT3D(#955,#127,#155);
#957= IFCLOCALPLACEMENT(#925,#956);
#958= IFCMECHANICALFASTENER('0r5A6tC3X3UvjwoQRMhtTr',#753,'Bolt assembly',$,$,#957,#954,'ID3514a1b7-3038-437b-9b7a-c9a6d6af7775',20.,10.);
#959= IFCSHAPEREPRESENTATION(#12,'Body','MappedRepresentation',(#829,#832));
#960= IFCPRODUCTDEFINITIONSHAPE($,$,(#959));
#961= IFCCARTESIANPOINT((-30399.5690522194,-94753.8909273148,10.));
#962= IFCAXIS2PLACEMENT3D(#961,#7,#8);
#963= IFCLOCALPLACEMENT(#925,#962);
#964= IFCMECHANICALFASTENER('3sfaGdLwTALRwvFo0I$ycQ',#753,'Bolt assembly',$,$,#963,#960,'IDf6a64427-57a7-4a55-beb9-3f2012ffc99a',20.,10.);
#965= IFCLOCALPLACEMENT(#42,#10);
#966= IFCELEMENTASSEMBLY('1NFYtgN6PDmv5p5DfhvYzz',#753,'S\S\xjle',$,$,#965,$,'s44',.NOTDEFINED.,.NOTDEFINED.);
#967= IFCPROPERTYSINGLEVALUE('Assembly/Cast unit position code',$,IFCLABEL('203-202/L'),$);
#968= IFCPROPERTYSET('2GFQ2NcYb7dvy8Wd$X4EIv',#5,'Tekla Assembly','Assembly Properties',(#48,#49,#50,#756,#189,#757,#967,#759));
#969= IFCSHAPEREPRESENTATION(#12,'Body','MappedRepresentation',(#771));
#970= IFCPRODUCTDEFINITIONSHAPE($,$,(#969));
#971= IFCCARTESIANPOINT((-17483.7213810253,-94683.8926407909,995.));
#972= IFCAXIS2PLACEMENT3D(#971,#127,#85);
#973= IFCLOCALPLACEMENT(#965,#972);
#974= IFCMECHANICALFASTENER('1gVGE4M8TDQQmekSWB1aJ0',#753,'Bolt assembly',$,$,#973,#970,'ID6a7d0384-5887-4d69-ac28-b9c80b0644c0',10.,5.15826225280762);
#975= IFCSHAPEREPRESENTATION(#12,'Body','MappedRepresentation',(#792));
#976= IFCPRODUCTDEFINITIONSHAPE($,$,(#975));
#977= IFCCARTESIANPOINT((-17399.5727063561,-94599.7403115082,995.));
#978= IFCAXIS2PLACEMENT3D(#977,#155,#85);
#979= IFCLOCALPLACEMENT(#965,#978);
#980= IFCMECHANICALFASTENER('3WPExPoU50kOP6aPn0ac9Y',#753,'Bolt assembly',$,$,#979,#976,'IDe064eed9-c9e1-40b9-8646-919c40926262',10.,5.15826225280762);
#981= IFCSHAPEREPRESENTATION(#12,'Body','MappedRepresentation',(#805));
#982= IFCPRODUCTDEFINITIONSHAPE($,$,(#981));
#983= IFCCARTESIANPOINT((-17315.4203770733,-94683.8889861775,995.));
#984= IFCAXIS2PLACEMENT3D(#983,#8,#85);
#985= IFCLOCALPLACEMENT(#965,#984);
#986= IFCMECHANICALFASTENER('3HEtdroGr6qO2Imt3hUGWC',#753,'Bolt assembly',$,$,#985,#982,'IDd13b79f5-c90d-46d1-8092-c370eb79080c',10.,5.15826225280762);
#987= IFCSHAPEREPRESENTATION(#12,'Body','MappedRepresentation',(#816));
#988= IFCPRODUCTDEFINITIONSHAPE($,$,(#987));
#989= IFCCARTESIANPOINT((-17399.5690517426,-94768.0413154602,995.));
#990= IFCAXIS2PLACEMENT3D(#989,#7,#85);
#991= IFCLOCALPLACEMENT(#965,#990);
#992= IFCMECHANICALFASTENER('38nuL$9MTFqBi6c8hKYfBS',#753,'Bolt assembly',$,$,#991,#988,'IDc8c7857f-2567-4fd0-bb06-988ad48a92dc',10.,5.15826225280762);
#993= IFCSHAPEREPRESENTATION(#12,'Body','MappedRepresentation',(#829,#832));
#994= IFCPRODUCTDEFINITIONSHAPE($,$,(#993));
#995= IFCCARTESIANPOINT((-17329.5690517426,-94683.8913154602,0.));
#996= IFCAXIS2PLACEMENT3D(#995,#127,#155);
#997= IFCLOCALPLACEMENT(#965,#996);
#998= IFCMECHANICALFASTENER('1yAYYPJFXERv2KPJs5K5XQ',#753,'Bolt assembly',$,$,#997,#994,'ID7c2a2899-4cf8-4e6f-9094-653d8550585a',20.,10.);
#999= IFCSHAPEREPRESENTATION(#12,'Body','MappedRepresentation',(#829,#832));
#1000= IFCPRODUCTDEFINITIONSHAPE($,$,(#999));
#1001= IFCCARTESIANPOINT((-17399.5690517426,-94753.8913154602,10.));
#1002= IFCAXIS2PLACEMENT3D(#1001,#7,#8);
#1003= IFCLOCALPLACEMENT(#965,#1002);
#1004= IFCMECHANICALFASTENER('2fWF_s6Tj9vefyIiBt8_dA',#753,'Bolt assembly',$,$,#1003,#1000,'IDa980ffb6-19db-49e6-8a7c-4ac2f723e9ca',20.,10.);
#1005= IFCLOCALPLACEMENT(#42,#10);
#1006= IFCELEMENTASSEMBLY('19UJHv0PzFqe1ayajSTk0l',#753,'S\S\xjle',$,$,#1005,$,'s44',.NOTDEFINED.,.NOTDEFINED.);
#1007= IFCPROPERTYSINGLEVALUE('Assembly/Cast unit position code',$,IFCLABEL('202-201/L'),$);
#1008= IFCPROPERTYSET('3Zy6_x1N99kQfGFiPNw6c3',#5,'Tekla Assembly','Assembly Properties',(#48,#49,#50,#756,#189,#757,#1007,#759));
#1009= IFCSHAPEREPRESENTATION(#12,'Body','MappedRepresentation',(#771));
#1010= IFCPRODUCTDEFINITIONSHAPE($,$,(#1009));
#1011= IFCCARTESIANPOINT((-12683.7213815021,-94683.8927847958,995.));
#1012= IFCAXIS2PLACEMENT3D(#1011,#127,#85);
#1013= IFCLOCALPLACEMENT(#1005,#1012);
#1014= IFCMECHANICALFASTENER('3bIFNSydPBcO3G17gwp47D',#753,'Bolt assembly',$,$,#1013,#1010,'IDe548f5dc-f276-4b99-80d0-047abacc41cd',10.,5.15826225280762);
#1015= IFCSHAPEREPRESENTATION(#12,'Body','MappedRepresentation',(#792));
#1016= IFCPRODUCTDEFINITIONSHAPE($,$,(#1015));
#1017= IFCCARTESIANPOINT((-12599.5727068329,-94599.740455513,995.));
#1018= IFCAXIS2PLACEMENT3D(#1017,#155,#85);
#1019= IFCLOCALPLACEMENT(#1005,#1018);
#1020= IFCMECHANICALFASTENER('1LLe7yUzT2zhCBGqDklwDD',#753,'Bolt assembly',$,$,#1019,#1016,'ID555681fc-7bd7-42f6-b30b-43436ebfa34d',10.,5.15826225280762);
#1021= IFCSHAPEREPRESENTATION(#12,'Body','MappedRepresentation',(#805));
#1022= IFCPRODUCTDEFINITIONSHAPE($,$,(#1021));
#1023= IFCCARTESIANPOINT((-12515.4203775501,-94683.8891301823,995.));
#1024= IFCAXIS2PLACEMENT3D(#1023,#8,#85);
#1025= IFCLOCALPLACEMENT(#1005,#1024);
#1026= IFCMECHANICALFASTENER('2ABN_xvtn409$82CW$ZKmV',#753,'Bolt assembly',$,$,#1025,#1022,'ID8a2d7fbb-e77c-4400-9fc8-08c83f8d4c1f',10.,5.15826225280762);
#1027= IFCSHAPEREPRESENTATION(#12,'Body','MappedRepresentation',(#816));
#1028= IFCPRODUCTDEFINITIONSHAPE($,$,(#1027));
#1029= IFCCARTESIANPOINT((-12599.5690522194,-94768.041459465,995.));
#1030= IFCAXIS2PLACEMENT3D(#1029,#7,#85);
#1031= IFCLOCALPLACEMENT(#1005,#1030);
#1032= IFCMECHANICALFASTENER('0LQm5gsgb6IeDe_EbjSdNt',#753,'Bolt assembly',$,$,#1031,#1028,'ID156b016a-daa9-464a-8368-f8e96d7275f7',10.,5.15826225280762);
#1033= IFCSHAPEREPRESENTATION(#12,'Body','MappedRepresentation',(#829,#832));
#1034= IFCPRODUCTDEFINITIONSHAPE($,$,(#1033));
#1035= IFCCARTESIANPOINT((-12529.5690522194,-94683.891459465,0.));
#1036= IFCAXIS2PLACEMENT3D(#1035,#127,#155);
#1037= IFCLOCALPLACEMENT(#1005,#1036);
#1038= IFCMECHANICALFASTENER('3R4tjJMQb8IRPYvrRzyyXt',#753,'Bolt assembly',$,$,#1037,#1034,'IDdb137b53-59a9-4849-b662-e756fdf3c877',20.,10.);
#1039= IFCSHAPEREPRESENTATION(#12,'Body','MappedRepresentation',(#829,#832));
#1040= IFCPRODUCTDEFINITIONSHAPE($,$,(#1039));
#1041= IFCCARTESIANPOINT((-12599.5690522194,-94753.891459465,10.));
#1042= IFCAXIS2PLACEMENT3D(#1041,#7,#8);
#1043= IFCLOCALPLACEMENT(#1005,#1042);
#1044= IFCMECHANICALFASTENER('3_VpMfJL10shMT9GmV4KaZ',#753,'Bolt assembly',$,$,#1043,#1040,'IDfe7f35a9-4d50-40da-b59d-250c1f114923',20.,10.);
#1045= IFCLOCALPLACEMENT(#42,#10);
#1046= IFCELEMENTASSEMBLY('3$oKlaQq5DvPc_SdLN64ZA',#753,'S\S\xjle',$,$,#1045,$,'s44',.NOTDEFINED.,.NOTDEFINED.);
#1047= IFCPROPERTYSINGLEVALUE('Assembly/Cast unit position code',$,IFCLABEL('201/L-K'),$);
#1048= IFCPROPERTYSET('0ApUcmeT999AdsxnZyxs3F',#5,'Tekla Assembly','Assembly Properties',(#48,#49,#50,#756,#189,#757,#1047,#759));
#1049= IFCSHAPEREPRESENTATION(#12,'Body','MappedRepresentation',(#771));
#1050= IFCPRODUCTDEFINITIONSHAPE($,$,(#1049));
#1051= IFCCARTESIANPOINT((-10349.5702247238,-89549.7391988468,995.));
#1052= IFCAXIS2PLACEMENT3D(#1051,#155,#85);
#1053= IFCLOCALPLACEMENT(#1045,#1052);
#1054= IFCMECHANICALFASTENER('2VCtKdQM56$wqcrJ9RAq76',#753,'Bolt assembly',$,$,#1053,#1050,'ID9f337527-6961-46ff-ad26-d5325b2b41c6',10.,5.15826225280762);
#1055= IFCSHAPEREPRESENTATION(#12,'Body','MappedRepresentation',(#792));
#1056= IFCPRODUCTDEFINITIONSHAPE($,$,(#1055));
#1057= IFCCARTESIANPOINT((-10265.4178954411,-89633.8878735161,995.));
#1058= IFCAXIS2PLACEMENT3D(#1057,#8,#85);
#1059= IFCLOCALPLACEMENT(#1045,#1058);
#1060= IFCMECHANICALFASTENER('2A46VcflnEbOsfaJ1RR4Mz',#753,'Bolt assembly',$,$,#1059,#1056,'ID8a1067e6-a6fc-4e95-8da9-91305b6c45bd',10.,5.15826225280762);
#1061= IFCSHAPEREPRESENTATION(#12,'Body','MappedRepresentation',(#805));
#1062= IFCPRODUCTDEFINITIONSHAPE($,$,(#1061));
#1063= IFCCARTESIANPOINT((-10349.5665701103,-89718.0402027988,995.));
#1064= IFCAXIS2PLACEMENT3D(#1063,#7,#85);
#1065= IFCLOCALPLACEMENT(#1045,#1064);
#1066= IFCMECHANICALFASTENER('1XRwA$mkHAPvU6sNpacxPJ',#753,'Bolt assembly',$,$,#1065,#1062,'ID616fa2bf-c2e4-4a67-9786-d97ce49bb653',10.,5.15826225280762);
#1067= IFCSHAPEREPRESENTATION(#12,'Body','MappedRepresentation',(#816));
#1068= IFCPRODUCTDEFINITIONSHAPE($,$,(#1067));
#1069= IFCCARTESIANPOINT((-10433.7188993931,-89633.8915281296,995.));
#1070= IFCAXIS2PLACEMENT3D(#1069,#127,#85);
#1071= IFCLOCALPLACEMENT(#1045,#1070);
#1072= IFCMECHANICALFASTENER('1cg6Z0SHjFGR7rl4mxN9XB',#753,'Bolt assembly',$,$,#1071,#1068,'ID66a868c0-711b-4f41-b1f5-bc4c3b5c984b',10.,5.15826225280762);
#1073= IFCSHAPEREPRESENTATION(#12,'Body','MappedRepresentation',(#829,#832));
#1074= IFCPRODUCTDEFINITIONSHAPE($,$,(#1073));
#1075= IFCCARTESIANPOINT((-10349.5688993931,-89703.8915281296,0.));
#1076= IFCAXIS2PLACEMENT3D(#1075,#155,#8);
#1077= IFCLOCALPLACEMENT(#1045,#1076);
#1078= IFCMECHANICALFASTENER('0NSmastlj1Wx_BMwRToWa$',#753,'Bolt assembly',$,$,#1077,#1074,'ID17730936-defb-4183-bf8b-5ba6ddca093f',20.,10.);
#1079= IFCSHAPEREPRESENTATION(#12,'Body','MappedRepresentation',(#829,#832));
#1080= IFCPRODUCTDEFINITIONSHAPE($,$,(#1079));
#1081= IFCCARTESIANPOINT((-10419.5688993931,-89633.8915281296,10.));
#1082= IFCAXIS2PLACEMENT3D(#1081,#127,#7);
#1083= IFCLOCALPLACEMENT(#1045,#1082);
#1084= IFCMECHANICALFASTENER('2J52rsL1X3UPaREjJoZLc5',#753,'Bolt assembly',$,$,#1083,#1080,'ID93142d76-5418-4379-991b-3ad4f28d5985',20.,10.);
#1085= IFCLOCALPLACEMENT(#42,#10);
#1086= IFCELEMENTASSEMBLY('3sfmtsYNn7YByrG65dW_X_',#753,'S\S\xjle',$,$,#1085,$,'s44',.NOTDEFINED.,.NOTDEFINED.);
#1087= IFCPROPERTYSINGLEVALUE('Assembly/Cast unit position code',$,IFCLABEL('201/K'),$);
#1088= IFCPROPERTYSET('0tu5JtvtrE7PP4o$oOhcOZ',#5,'Tekla Assembly','Assembly Properties',(#48,#49,#50,#756,#189,#757,#1087,#759));
#1089= IFCSHAPEREPRESENTATION(#12,'Body','MappedRepresentation',(#771));
#1090= IFCPRODUCTDEFINITIONSHAPE($,$,(#1089));
#1091= IFCCARTESIANPOINT((-10349.5700990772,-85349.7391988468,995.));
#1092= IFCAXIS2PLACEMENT3D(#1091,#155,#85);
#1093= IFCLOCALPLACEMENT(#1085,#1092);
#1094= IFCMECHANICALFASTENER('2TGoPU3o5DHQik760303O9',#753,'Bolt assembly',$,$,#1093,#1090,'ID9d43265e-0f21-4d45-ab2e-1c6003003609',10.,5.15826225280762);
#1095= IFCSHAPEREPRESENTATION(#12,'Body','MappedRepresentation',(#792));
#1096= IFCPRODUCTDEFINITIONSHAPE($,$,(#1095));
#1097= IFCCARTESIANPOINT((-10265.4177697945,-85433.8878735161,995.));
#1098= IFCAXIS2PLACEMENT3D(#1097,#8,#85);
#1099= IFCLOCALPLACEMENT(#1085,#1098);
#1100= IFCMECHANICALFASTENER('1jtzinSPPBMuGUpKVL3QDR',#753,'Bolt assembly',$,$,#1099,#1096,'ID6ddfdb31-7196-4b5b-841e-cd47d50da35b',10.,5.15826225280762);
#1101= IFCSHAPEREPRESENTATION(#12,'Body','MappedRepresentation',(#805));
#1102= IFCPRODUCTDEFINITIONSHAPE($,$,(#1101));
#1103= IFCCARTESIANPOINT((-10349.5664444637,-85518.0402027988,995.));
#1104= IFCAXIS2PLACEMENT3D(#1103,#7,#85);
#1105= IFCLOCALPLACEMENT(#1085,#1104);
#1106= IFCMECHANICALFASTENER('39biZOnpfDpfs41dBTCQLj',#753,'Bolt assembly',$,$,#1105,#1102,'IDc996c8d8-c73a-4dce-9d84-0672dd31a56d',10.,5.15826225280762);
#1107= IFCSHAPEREPRESENTATION(#12,'Body','MappedRepresentation',(#816));
#1108= IFCPRODUCTDEFINITIONSHAPE($,$,(#1107));
#1109= IFCCARTESIANPOINT((-10433.7187737465,-85433.8915281296,995.));
#1110= IFCAXIS2PLACEMENT3D(#1109,#127,#85);
#1111= IFCLOCALPLACEMENT(#1085,#1110);
#1112= IFCMECHANICALFASTENER('0XVDurSSXFCw_pNZ2qUBkG',#753,'Bolt assembly',$,$,#1111,#1108,'ID217cde35-71c8-4f33-afb3-5e30b478bb90',10.,5.15826225280762);
#1113= IFCSHAPEREPRESENTATION(#12,'Body','MappedRepresentation',(#829,#832));
#1114= IFCPRODUCTDEFINITIONSHAPE($,$,(#1113));
#1115= IFCCARTESIANPOINT((-10349.5687737465,-85503.8915281296,0.));
#1116= IFCAXIS2PLACEMENT3D(#1115,#155,#8);
#1117= IFCLOCALPLACEMENT(#1085,#1116);
#1118= IFCMECHANICALFASTENER('2h$_y7mY93uQI9baIdXMjJ',#753,'Bolt assembly',$,$,#1117,#1114,'IDabffef07-c222-43e1-a489-9644a7856b53',20.,10.);
#1119= IFCSHAPEREPRESENTATION(#12,'Body','MappedRepresentation',(#829,#832));
#1120= IFCPRODUCTDEFINITIONSHAPE($,$,(#1119));
#1121= IFCCARTESIANPOINT((-10419.5687737465,-85433.8915281296,10.));
#1122= IFCAXIS2PLACEMENT3D(#1121,#127,#7);
#1123= IFCLOCALPLACEMENT(#1085,#1122);
#1124= IFCMECHANICALFASTENER('21XFRV8nz60e4j$6z68nEm',#753,'Bolt assembly',$,$,#1123,#1120,'ID8184f6df-231f-4602-812d-fc6f462313b0',20.,10.);
#1125= IFCLOCALPLACEMENT(#42,#10);
#1126= IFCELEMENTASSEMBLY('0ZEX$7MUj8XeoI80sQFr0S',#753,'S\S\xjle',$,$,#1125,$,'s44',.NOTDEFINED.,.NOTDEFINED.);
#1127= IFCPROPERTYSINGLEVALUE('Assembly/Cast unit position code',$,IFCLABEL('201/I'),$);
#1128= IFCPROPERTYSET('0GrEHI4NfFouEn$WF$UorD',#5,'Tekla Assembly','Assembly Properties',(#48,#49,#50,#756,#189,#757,#1127,#759));
#1129= IFCSHAPEREPRESENTATION(#12,'Body','MappedRepresentation',(#771));
#1130= IFCPRODUCTDEFINITIONSHAPE($,$,(#1129));
#1131= IFCCARTESIANPOINT((-10349.567125597,-74718.0438574123,995.));
#1132= IFCAXIS2PLACEMENT3D(#1131,#7,#85);
#1133= IFCLOCALPLACEMENT(#1125,#1132);
#1134= IFCMECHANICALFASTENER('1afXK0y712HOYHhpzwwBmR',#753,'Bolt assembly',$,$,#1133,#1130,'ID64a61500-f070-4245-8891-af3f7ae8bc1b',10.,5.15826225280762);
#1135= IFCSHAPEREPRESENTATION(#12,'Body','MappedRepresentation',(#792));
#1136= IFCPRODUCTDEFINITIONSHAPE($,$,(#1135));
#1137= IFCCARTESIANPOINT((-10433.7194548797,-74633.8951827431,995.));
#1138= IFCAXIS2PLACEMENT3D(#1137,#127,#85);
#1139= IFCLOCALPLACEMENT(#1125,#1138);
#1140= IFCMECHANICALFASTENER('2ptpwCQcj2Rf8lfBUoPsZK',#753,'Bolt assembly',$,$,#1139,#1136,'IDb3df3e8c-6a6b-426e-922f-a4b7b26768d4',10.,5.15826225280762);
#1141= IFCSHAPEREPRESENTATION(#12,'Body','MappedRepresentation',(#805));
#1142= IFCPRODUCTDEFINITIONSHAPE($,$,(#1141));
#1143= IFCCARTESIANPOINT((-10349.5707802105,-74549.7428534603,995.));
#1144= IFCAXIS2PLACEMENT3D(#1143,#155,#85);
#1145= IFCLOCALPLACEMENT(#1125,#1144);
#1146= IFCMECHANICALFASTENER('3vhlp3NhL5iP9nNmdLxq6N',#753,'Bolt assembly',$,$,#1145,#1142,'IDf9aefcc3-5eb5-45b1-9271-5f09d5ef4197',10.,5.15826225280762);
#1147= IFCSHAPEREPRESENTATION(#12,'Body','MappedRepresentation',(#816));
#1148= IFCPRODUCTDEFINITIONSHAPE($,$,(#1147));
#1149= IFCCARTESIANPOINT((-10265.4184509277,-74633.8915281296,995.));
#1150= IFCAXIS2PLACEMENT3D(#1149,#8,#85);
#1151= IFCLOCALPLACEMENT(#1125,#1150);
#1152= IFCMECHANICALFASTENER('2GaSyspKn3v8M60o35IPn9',#753,'Bolt assembly',$,$,#1151,#1148,'ID9091cf36-cd4c-43e4-8586-0320c5499c49',10.,5.15826225280762);
#1153= IFCSHAPEREPRESENTATION(#12,'Body','MappedRepresentation',(#829,#832));
#1154= IFCPRODUCTDEFINITIONSHAPE($,$,(#1153));
#1155= IFCCARTESIANPOINT((-10349.5684509277,-74563.8915281296,0.));
#1156= IFCAXIS2PLACEMENT3D(#1155,#7,#127);
#1157= IFCLOCALPLACEMENT(#1125,#1156);
#1158= IFCMECHANICALFASTENER('0M8lXV3Qz8UB0RXPeuPZqn',#753,'Bolt assembly',$,$,#1157,#1154,'ID1622f85f-0daf-4878-b01b-859a38663d31',20.,10.);
#1159= IFCSHAPEREPRESENTATION(#12,'Body','MappedRepresentation',(#829,#832));
#1160= IFCPRODUCTDEFINITIONSHAPE($,$,(#1159));
#1161= IFCCARTESIANPOINT((-10279.5684509277,-74633.8915281296,10.));
#1162= IFCAXIS2PLACEMENT3D(#1161,#8,#155);
#1163= IFCLOCALPLACEMENT(#1125,#1162);
#1164= IFCMECHANICALFASTENER('24G4uOG7LAzePwSUfE8Q3c',#753,'Bolt assembly',$,$,#1163,#1160,'ID84404e18-4075-4af6-867a-71ea4e21a0e6',20.,10.);
#1165= IFCLOCALPLACEMENT(#42,#10);
#1166= IFCELEMENTASSEMBLY('13GaFG8LrBcvu8oNOxP96N',#753,'S\S\xjle',$,$,#1165,$,'s44',.NOTDEFINED.,.NOTDEFINED.);
#1167= IFCPROPERTYSINGLEVALUE('Assembly/Cast unit position code',$,IFCLABEL('201/I-H'),$);
#1168= IFCPROPERTYSET('1KXzAC_Ej4AAeXcTr6iHPL',#5,'Tekla Assembly','Assembly Properties',(#48,#49,#50,#756,#189,#757,#1167,#759));
#1169= IFCSHAPEREPRESENTATION(#12,'Body','MappedRepresentation',(#771));
#1170= IFCPRODUCTDEFINITIONSHAPE($,$,(#1169));
#1171= IFCCARTESIANPOINT((-10349.566999712,-70518.0438574123,995.));
#1172= IFCAXIS2PLACEMENT3D(#1171,#7,#85);
#1173= IFCLOCALPLACEMENT(#1165,#1172);
#1174= IFCMECHANICALFASTENER('36PqmQgvrDRgBUf3ort1gF',#753,'Bolt assembly',$,$,#1173,#1170,'IDc6674c1a-ab9d-4d6e-a2de-a43cb5dc1a8f',10.,5.15826225280762);
#1175= IFCSHAPEREPRESENTATION(#12,'Body','MappedRepresentation',(#792));
#1176= IFCPRODUCTDEFINITIONSHAPE($,$,(#1175));
#1177= IFCCARTESIANPOINT((-10433.7193289947,-70433.8951827431,995.));
#1178= IFCAXIS2PLACEMENT3D(#1177,#127,#85);
#1179= IFCLOCALPLACEMENT(#1165,#1178);
#1180= IFCMECHANICALFASTENER('3VVT2Gubj3xRibFC2Pne5s',#753,'Bolt assembly',$,$,#1179,#1176,'IDdf7dd090-e25b-43ed-bb25-3cc099c68176',10.,5.15826225280762);
#1181= IFCSHAPEREPRESENTATION(#12,'Body','MappedRepresentation',(#805));
#1182= IFCPRODUCTDEFINITIONSHAPE($,$,(#1181));
#1183= IFCCARTESIANPOINT((-10349.5706543255,-70349.7428534603,995.));
#1184= IFCAXIS2PLACEMENT3D(#1183,#155,#85);
#1185= IFCLOCALPLACEMENT(#1165,#1184);
#1186= IFCMECHANICALFASTENER('3$JGsS735AahacuR0iULfV',#753,'Bolt assembly',$,$,#1185,#1182,'IDff4d0d9c-1c31-4a92-b926-e1b02c795a5f',10.,5.15826225280762);
#1187= IFCSHAPEREPRESENTATION(#12,'Body','MappedRepresentation',(#816));
#1188= IFCPRODUCTDEFINITIONSHAPE($,$,(#1187));
#1189= IFCCARTESIANPOINT((-10265.4183250427,-70433.8915281296,995.));
#1190= IFCAXIS2PLACEMENT3D(#1189,#8,#85);
#1191= IFCLOCALPLACEMENT(#1165,#1190);
#1192= IFCMECHANICALFASTENER('0rB9J7c$5FnP$6EfWDXfBr',#753,'Bolt assembly',$,$,#1191,#1188,'ID352c94c7-9bf1-4fc5-9fc6-3a980d8692f5',10.,5.15826225280762);
#1193= IFCSHAPEREPRESENTATION(#12,'Body','MappedRepresentation',(#829,#832));
#1194= IFCPRODUCTDEFINITIONSHAPE($,$,(#1193));
#1195= IFCCARTESIANPOINT((-10349.5683250427,-70363.8915281296,0.));
#1196= IFCAXIS2PLACEMENT3D(#1195,#7,#127);
#1197= IFCLOCALPLACEMENT(#1165,#1196);
#1198= IFCMECHANICALFASTENER('3cYaM0izDAGRjKsze55akF',#753,'Bolt assembly',$,$,#1197,#1194,'IDe68a4580-b3d3-4a41-bb54-dbda05164b8f',20.,10.);
#1199= IFCSHAPEREPRESENTATION(#12,'Body','MappedRepresentation',(#829,#832));
#1200= IFCPRODUCTDEFINITIONSHAPE($,$,(#1199));
#1201= IFCCARTESIANPOINT((-10279.5683250427,-70433.8915281296,10.));
#1202= IFCAXIS2PLACEMENT3D(#1201,#8,#155);
#1203= IFCLOCALPLACEMENT(#1165,#1202);
#1204= IFCMECHANICALFASTENER('1UXbwJuPP9SQ$OaUZ$QGhS',#753,'Bolt assembly',$,$,#1203,#1200,'ID5e865e93-e196-4971-afd8-91e8ff690adc',20.,10.);
#1205= IFCLOCALPLACEMENT(#42,#10);
#1206= IFCELEMENTASSEMBLY('2cO80D1If7F8TsP4BKxNkE',#753,'S\S\xjle',$,$,#1205,$,'s44',.NOTDEFINED.,.NOTDEFINED.);
#1207= IFCPROPERTYSINGLEVALUE('Assembly/Cast unit position code',$,IFCLABEL('202-201/H'),$);
#1208= IFCPROPERTYSET('26fNj38h59MOR3q8c_uoze',#5,'Tekla Assembly','Assembly Properties',(#48,#49,#50,#756,#189,#757,#1207,#759));
#1209= IFCSHAPEREPRESENTATION(#12,'Body','MappedRepresentation',(#771));
#1210= IFCPRODUCTDEFINITIONSHAPE($,$,(#1209));
#1211= IFCCARTESIANPOINT((-12683.7205017376,-65383.8927838421,995.));
#1212= IFCAXIS2PLACEMENT3D(#1211,#127,#85);
#1213= IFCLOCALPLACEMENT(#1205,#1212);
#1214= IFCMECHANICALFASTENER('1JuFmMKMv5GeNHkVHM0c8y',#753,'Bolt assembly',$,$,#1213,#1210,'ID53e0fc16-516e-4542-85d1-b9f45602623c',10.,5.15826225280762);
#1215= IFCSHAPEREPRESENTATION(#12,'Body','MappedRepresentation',(#792));
#1216= IFCPRODUCTDEFINITIONSHAPE($,$,(#1215));
#1217= IFCCARTESIANPOINT((-12599.5718270683,-65299.7404545593,995.));
#1218= IFCAXIS2PLACEMENT3D(#1217,#155,#85);
#1219= IFCLOCALPLACEMENT(#1205,#1218);
#1220= IFCMECHANICALFASTENER('2jyCHx8tbCvOlo4BvFUFfL',#753,'Bolt assembly',$,$,#1219,#1216,'IDadf0c47b-2379-4ce5-8bf2-10be4f78fa55',10.,5.15826225280762);
#1221= IFCSHAPEREPRESENTATION(#12,'Body','MappedRepresentation',(#805));
#1222= IFCPRODUCTDEFINITIONSHAPE($,$,(#1221));
#1223= IFCCARTESIANPOINT((-12515.4194977856,-65383.8891292286,995.));
#1224= IFCAXIS2PLACEMENT3D(#1223,#8,#85);
#1225= IFCLOCALPLACEMENT(#1205,#1224);
#1226= IFCMECHANICALFASTENER('0CatbGspDBf85v9b20nny$',#753,'Bolt assembly',$,$,#1225,#1222,'ID0c937950-db33-4ba4-8179-265080c71f3f',10.,5.15826225280762);
#1227= IFCSHAPEREPRESENTATION(#12,'Body','MappedRepresentation',(#816));
#1228= IFCPRODUCTDEFINITIONSHAPE($,$,(#1227));
#1229= IFCCARTESIANPOINT((-12599.5681724548,-65468.0414585113,995.));
#1230= IFCAXIS2PLACEMENT3D(#1229,#7,#85);
#1231= IFCLOCALPLACEMENT(#1205,#1230);
#1232= IFCMECHANICALFASTENER('0RsJ5ztETCMQla69cNYb4M',#753,'Bolt assembly',$,$,#1231,#1228,'ID1bd9317d-dce7-4c59-abe4-1899978a5116',10.,5.15826225280762);
#1233= IFCSHAPEREPRESENTATION(#12,'Body','MappedRepresentation',(#829,#832));
#1234= IFCPRODUCTDEFINITIONSHAPE($,$,(#1233));
#1235= IFCCARTESIANPOINT((-12529.5681724548,-65383.8914585114,0.));
#1236= IFCAXIS2PLACEMENT3D(#1235,#127,#155);
#1237= IFCLOCALPLACEMENT(#1205,#1236);
#1238= IFCMECHANICALFASTENER('29hwqX2nX6nub13UyVmjC4',#753,'Bolt assembly',$,$,#1237,#1234,'ID89afad21-0b18-46c7-8941-0def1fc2d304',20.,10.);
#1239= IFCSHAPEREPRESENTATION(#12,'Body','MappedRepresentation',(#829,#832));
#1240= IFCPRODUCTDEFINITIONSHAPE($,$,(#1239));
#1241= IFCCARTESIANPOINT((-12599.5681724548,-65453.8914585114,10.));
#1242= IFCAXIS2PLACEMENT3D(#1241,#7,#8);
#1243= IFCLOCALPLACEMENT(#1205,#1242);
#1244= IFCMECHANICALFASTENER('0Cifd06WH2Aw8Nd4D05OJs',#753,'Bolt assembly',$,$,#1243,#1240,'ID0cb299c0-1a04-422b-a217-9c43401584f6',20.,10.);
#1245= IFCLOCALPLACEMENT(#42,#10);
#1246= IFCELEMENTASSEMBLY('3zec9RI7bELwVtBZ$mumWv',#753,'S\S\xjle',$,$,#1245,$,'s44',.NOTDEFINED.,.NOTDEFINED.);
#1247= IFCPROPERTYSINGLEVALUE('Assembly/Cast unit position code',$,IFCLABEL('203-202/H'),$);
#1248= IFCPROPERTYSET('0KZdguOVn0RAP4hvuC0o5S',#5,'Tekla Assembly','Assembly Properties',(#48,#49,#50,#756,#189,#757,#1247,#759));
#1249= IFCSHAPEREPRESENTATION(#12,'Body','MappedRepresentation',(#771));
#1250= IFCPRODUCTDEFINITIONSHAPE($,$,(#1249));
#1251= IFCCARTESIANPOINT((-17483.720501976,-65383.8926417446,995.));
#1252= IFCAXIS2PLACEMENT3D(#1251,#127,#85);
#1253= IFCLOCALPLACEMENT(#1245,#1252);
#1254= IFCMECHANICALFASTENER('2D6QVcrufFLxG$2vsTT3Kt',#753,'Bolt assembly',$,$,#1253,#1250,'ID8d19a7e6-d78a-4f57-b43f-0b9d9d743537',10.,5.15826225280762);
#1255= IFCSHAPEREPRESENTATION(#12,'Body','MappedRepresentation',(#792));
#1256= IFCPRODUCTDEFINITIONSHAPE($,$,(#1255));
#1257= IFCCARTESIANPOINT((-17399.5718273068,-65299.7403124619,995.));
#1258= IFCAXIS2PLACEMENT3D(#1257,#155,#85);
#1259= IFCLOCALPLACEMENT(#1245,#1258);
#1260= IFCMECHANICALFASTENER('2p3uNKQa554AxYo8EPYowQ',#753,'Bolt assembly',$,$,#1259,#1256,'IDb30f85d4-6a41-4510-aee2-c883998b2e9a',10.,5.15826225280762);
#1261= IFCSHAPEREPRESENTATION(#12,'Body','MappedRepresentation',(#805));
#1262= IFCPRODUCTDEFINITIONSHAPE($,$,(#1261));
#1263= IFCCARTESIANPOINT((-17315.419498024,-65383.8889871311,995.));
#1264= IFCAXIS2PLACEMENT3D(#1263,#8,#85);
#1265= IFCLOCALPLACEMENT(#1245,#1264);
#1266= IFCMECHANICALFASTENER('2x_7hLZ1H17gfj5E8v2SOC',#753,'Bolt assembly',$,$,#1265,#1262,'IDbbf87ad5-8c14-411e-aa6d-14e23909c60c',10.,5.15826225280762);
#1267= IFCSHAPEREPRESENTATION(#12,'Body','MappedRepresentation',(#816));
#1268= IFCPRODUCTDEFINITIONSHAPE($,$,(#1267));
#1269= IFCCARTESIANPOINT((-17399.5681726933,-65468.0413164139,995.));
#1270= IFCAXIS2PLACEMENT3D(#1269,#7,#85);
#1271= IFCLOCALPLACEMENT(#1245,#1270);
#1272= IFCMECHANICALFASTENER('3zRnudxqDFsu_8Af76f2WH',#753,'Bolt assembly',$,$,#1271,#1268,'IDfd6f1e27-ef43-4fdb-8f88-2a91c6a42811',10.,5.15826225280762);
#1273= IFCSHAPEREPRESENTATION(#12,'Body','MappedRepresentation',(#829,#832));
#1274= IFCPRODUCTDEFINITIONSHAPE($,$,(#1273));
#1275= IFCCARTESIANPOINT((-17329.5681726933,-65383.8913164139,0.));
#1276= IFCAXIS2PLACEMENT3D(#1275,#127,#155);
#1277= IFCLOCALPLACEMENT(#1245,#1276);
#1278= IFCMECHANICALFASTENER('0beYzms9XAlx3WtRU1x37t',#753,'Bolt assembly',$,$,#1277,#1274,'ID25a22f70-d898-4abf-b0e0-ddb781ec31f7',20.,10.);
#1279= IFCSHAPEREPRESENTATION(#12,'Body','MappedRepresentation',(#829,#832));
#1280= IFCPRODUCTDEFINITIONSHAPE($,$,(#1279));
#1281= IFCCARTESIANPOINT((-17399.5681726933,-65453.8913164139,10.));
#1282= IFCAXIS2PLACEMENT3D(#1281,#7,#8);
#1283= IFCLOCALPLACEMENT(#1245,#1282);
#1284= IFCMECHANICALFASTENER('2fvhi6nSf6mBhONt4mT0M5',#753,'Bolt assembly',$,$,#1283,#1280,'IDa9e6bb06-c5ca-46c0-bad8-5f7130740585',20.,10.);
#1285= IFCLOCALPLACEMENT(#42,#10);
#1286= IFCELEMENTASSEMBLY('3ADssSoQ1EX96sPpQBPFW1',#753,'S\S\xjle',$,$,#1285,$,'s44',.NOTDEFINED.,.NOTDEFINED.);
#1287= IFCPROPERTYSINGLEVALUE('Assembly/Cast unit position code',$,IFCLABEL('205/H'),$);
#1288= IFCPROPERTYSET('00tVlaBKPEwAX4PIGrAhsA',#5,'Tekla Assembly','Assembly Properties',(#48,#49,#50,#756,#189,#757,#1287,#759));
#1289= IFCSHAPEREPRESENTATION(#12,'Body','MappedRepresentation',(#771));
#1290= IFCPRODUCTDEFINITIONSHAPE($,$,(#1289));
#1291= IFCCARTESIANPOINT((-30483.7205017376,-65383.8922516918,995.));
#1292= IFCAXIS2PLACEMENT3D(#1291,#127,#85);
#1293= IFCLOCALPLACEMENT(#1285,#1292);
#1294= IFCMECHANICALFASTENER('14ovHWRjj2HhCkUP1cuoPK',#753,'Bolt assembly',$,$,#1293,#1290,'ID44cb9460-6edb-4246-b32e-799066e32654',10.,5.15826225280762);
#1295= IFCSHAPEREPRESENTATION(#12,'Body','MappedRepresentation',(#792));
#1296= IFCPRODUCTDEFINITIONSHAPE($,$,(#1295));
#1297= IFCCARTESIANPOINT((-30399.5718270683,-65299.7399224091,995.));
#1298= IFCAXIS2PLACEMENT3D(#1297,#155,#85);
#1299= IFCLOCALPLACEMENT(#1285,#1298);
#1300= IFCMECHANICALFASTENER('1F8Nz4zFjAEftvjtpH3aLO',#753,'Bolt assembly',$,$,#1299,#1296,'ID4f217f44-f4fb-4a3a-9df9-b77cd10e4558',10.,5.15826225280762);
#1301= IFCSHAPEREPRESENTATION(#12,'Body','MappedRepresentation',(#805));
#1302= IFCPRODUCTDEFINITIONSHAPE($,$,(#1301));
#1303= IFCCARTESIANPOINT((-30315.4194977856,-65383.8885970783,995.));
#1304= IFCAXIS2PLACEMENT3D(#1303,#8,#85);
#1305= IFCLOCALPLACEMENT(#1285,#1304);
#1306= IFCMECHANICALFASTENER('3aqS$GAfH8seU$WuF7GhrU',#753,'Bolt assembly',$,$,#1305,#1302,'IDe4d1cfd0-2a94-48da-87bf-8383c742bd5e',10.,5.15826225280762);
#1307= IFCSHAPEREPRESENTATION(#12,'Body','MappedRepresentation',(#816));
#1308= IFCPRODUCTDEFINITIONSHAPE($,$,(#1307));
#1309= IFCCARTESIANPOINT((-30399.5681724548,-65468.0409263611,995.));
#1310= IFCAXIS2PLACEMENT3D(#1309,#7,#85);
#1311= IFCLOCALPLACEMENT(#1285,#1310);
#1312= IFCMECHANICALFASTENER('2YLGUZuID7kP4MogbA$E$x',#753,'Bolt assembly',$,$,#1311,#1308,'IDa25507a3-e123-47b9-9116-caa94afceffb',10.,5.15826225280762);
#1313= IFCSHAPEREPRESENTATION(#12,'Body','MappedRepresentation',(#829,#832));
#1314= IFCPRODUCTDEFINITIONSHAPE($,$,(#1313));
#1315= IFCCARTESIANPOINT((-30329.5681724548,-65383.8909263611,0.));
#1316= IFCAXIS2PLACEMENT3D(#1315,#127,#155);
#1317= IFCLOCALPLACEMENT(#1285,#1316);
#1318= IFCMECHANICALFASTENER('3BvnYjXbv7cud_QKck7WXq',#753,'Bolt assembly',$,$,#1317,#1314,'IDcbe718ad-865e-479b-89fe-6949ae1e0874',20.,10.);
#1319= IFCSHAPEREPRESENTATION(#12,'Body','MappedRepresentation',(#829,#832));
#1320= IFCPRODUCTDEFINITIONSHAPE($,$,(#1319));
#1321= IFCCARTESIANPOINT((-30399.5681724548,-65453.8909263611,10.));
#1322= IFCAXIS2PLACEMENT3D(#1321,#7,#8);
#1323= IFCLOCALPLACEMENT(#1285,#1322);
#1324= IFCMECHANICALFASTENER('2yWFxmDQ1D1gI9a5iU1aiM',#753,'Bolt assembly',$,$,#1323,#1320,'IDbc80fef0-35a0-4d06-a489-905b1e064b16',20.,10.);
#1325= IFCLOCALPLACEMENT(#42,#10);
#1326= IFCELEMENTASSEMBLY('1tOEjbhBP0rPFvjZS15E0U',#753,'S\S\xjle',$,$,#1325,$,'s44',.NOTDEFINED.,.NOTDEFINED.);
#1327= IFCPROPERTYSINGLEVALUE('Assembly/Cast unit position code',$,IFCLABEL('206/H'),$);
#1328= IFCPROPERTYSET('1Rz37NXzTCSwBire24NYP0',#5,'Tekla Assembly','Assembly Properties',(#48,#49,#50,#756,#189,#757,#1327,#759));
#1329= IFCSHAPEREPRESENTATION(#12,'Body','MappedRepresentation',(#771));
#1330= IFCPRODUCTDEFINITIONSHAPE($,$,(#1329));
#1331= IFCCARTESIANPOINT((-34683.7205022144,-65383.8921258068,995.));
#1332= IFCAXIS2PLACEMENT3D(#1331,#127,#85);
#1333= IFCLOCALPLACEMENT(#1325,#1332);
#1334= IFCMECHANICALFASTENER('1xeshIN11A4hXQzvle0Nk_',#753,'Bolt assembly',$,$,#1333,#1330,'ID7ba36ad2-5c10-4a12-b85a-f79be8017bbe',10.,5.15826225280762);
#1335= IFCSHAPEREPRESENTATION(#12,'Body','MappedRepresentation',(#792));
#1336= IFCPRODUCTDEFINITIONSHAPE($,$,(#1335));
#1337= IFCCARTESIANPOINT((-34599.5718275452,-65299.7397965241,995.));
#1338= IFCAXIS2PLACEMENT3D(#1337,#155,#85);
#1339= IFCLOCALPLACEMENT(#1325,#1338);
#1340= IFCMECHANICALFASTENER('2CUzJ9OjT0V9gKLiCSH53w',#753,'Bolt assembly',$,$,#1339,#1336,'ID8c7bd4c9-62d7-407c-9a94-56c31c4450fa',10.,5.15826225280762);
#1341= IFCSHAPEREPRESENTATION(#12,'Body','MappedRepresentation',(#805));
#1342= IFCPRODUCTDEFINITIONSHAPE($,$,(#1341));
#1343= IFCCARTESIANPOINT((-34515.4194982624,-65383.8884711933,995.));
#1344= IFCAXIS2PLACEMENT3D(#1343,#8,#85);
#1345= IFCLOCALPLACEMENT(#1325,#1344);
#1346= IFCMECHANICALFASTENER('30O90uvoT0FeH0T4tKOV2o',#753,'Bolt assembly',$,$,#1345,#1342,'IDc0609038-e727-403e-8440-744dd461f0b2',10.,5.15826225280762);
#1347= IFCSHAPEREPRESENTATION(#12,'Body','MappedRepresentation',(#816));
#1348= IFCPRODUCTDEFINITIONSHAPE($,$,(#1347));
#1349= IFCCARTESIANPOINT((-34599.5681729317,-65468.0408004761,995.));
#1350= IFCAXIS2PLACEMENT3D(#1349,#7,#85);
#1351= IFCLOCALPLACEMENT(#1325,#1350);
#1352= IFCMECHANICALFASTENER('1tCKGethP6_f6rMj_7KHBO',#753,'Bolt assembly',$,$,#1351,#1348,'ID77314428-deb6-46fa-91b5-5adf875112d8',10.,5.15826225280762);
#1353= IFCSHAPEREPRESENTATION(#12,'Body','MappedRepresentation',(#829,#832));
#1354= IFCPRODUCTDEFINITIONSHAPE($,$,(#1353));
#1355= IFCCARTESIANPOINT((-34529.5681729317,-65383.8908004761,0.));
#1356= IFCAXIS2PLACEMENT3D(#1355,#127,#155);
#1357= IFCLOCALPLACEMENT(#1325,#1356);
#1358= IFCMECHANICALFASTENER('0WStmH3pz7JgocpzOh5oqP',#753,'Bolt assembly',$,$,#1357,#1354,'ID20737c11-0f3f-474e-aca6-cfd62b172d19',20.,10.);
#1359= IFCSHAPEREPRESENTATION(#12,'Body','MappedRepresentation',(#829,#832));
#1360= IFCPRODUCTDEFINITIONSHAPE($,$,(#1359));
#1361= IFCCARTESIANPOINT((-34599.5681729317,-65453.8908004761,10.));
#1362= IFCAXIS2PLACEMENT3D(#1361,#7,#8);
#1363= IFCLOCALPLACEMENT(#1325,#1362);
#1364= IFCMECHANICALFASTENER('0q$BvvsWLAmxHk0aeGEN7H',#753,'Bolt assembly',$,$,#1363,#1360,'ID34fcbe79-da05-4ac3-b46e-024a103971d1',20.,10.);
#1365= IFCLOCALPLACEMENT(#42,#10);
#1366= IFCELEMENTASSEMBLY('1Z4BhFlA9FJe$qcWKz5nzu',#753,'S\S\xjle',$,$,#1365,$,'s44',.NOTDEFINED.,.NOTDEFINED.);
#1367= IFCPROPERTYSINGLEVALUE('Assembly/Cast unit position code',$,IFCLABEL('207/H'),$);
#1368= IFCPROPERTYSET('2anspM3818kvZtBjJsNDF1',#5,'Tekla Assembly','Assembly Properties',(#48,#49,#50,#756,#189,#757,#1367,#759));
#1369= IFCSHAPEREPRESENTATION(#12,'Body','MappedRepresentation',(#771));
#1370= IFCPRODUCTDEFINITIONSHAPE($,$,(#1369));
#1371= IFCCARTESIANPOINT((-40483.7205022144,-65383.8919522381,995.));
#1372= IFCAXIS2PLACEMENT3D(#1371,#127,#85);
#1373= IFCLOCALPLACEMENT(#1365,#1372);
#1374= IFCMECHANICALFASTENER('2udLu$rbn4QxDdiJSyFIHu',#753,'Bolt assembly',$,$,#1373,#1370,'IDb89d5e3f-d65c-446b-b367-b1373c3d2478',10.,5.15826225280762);
#1375= IFCSHAPEREPRESENTATION(#12,'Body','MappedRepresentation',(#792));
#1376= IFCPRODUCTDEFINITIONSHAPE($,$,(#1375));
#1377= IFCCARTESIANPOINT((-40399.5718275452,-65299.7396229553,995.));
#1378= IFCAXIS2PLACEMENT3D(#1377,#155,#85);
#1379= IFCLOCALPLACEMENT(#1365,#1378);
#1380= IFCMECHANICALFASTENER('0Sch_g86zAkR9WvdKmwzv$',#753,'Bolt assembly',$,$,#1379,#1376,'ID1c9abfaa-206f-4ab9-b260-e67530ebde7f',10.,5.15826225280762);
#1381= IFCSHAPEREPRESENTATION(#12,'Body','MappedRepresentation',(#805));
#1382= IFCPRODUCTDEFINITIONSHAPE($,$,(#1381));
#1383= IFCCARTESIANPOINT((-40315.4194982624,-65383.8882976246,995.));
#1384= IFCAXIS2PLACEMENT3D(#1383,#8,#85);
#1385= IFCLOCALPLACEMENT(#1365,#1384);
#1386= IFCMECHANICALFASTENER('2tOQMak4v7mReO$eXPyIf9',#753,'Bolt assembly',$,$,#1385,#1382,'IDb761a5a4-b84e-47c1-ba18-fe8859f12a49',10.,5.15826225280762);
#1387= IFCSHAPEREPRESENTATION(#12,'Body','MappedRepresentation',(#816));
#1388= IFCPRODUCTDEFINITIONSHAPE($,$,(#1387));
#1389= IFCCARTESIANPOINT((-40399.5681729317,-65468.0406269073,995.));
#1390= IFCAXIS2PLACEMENT3D(#1389,#7,#85);
#1391= IFCLOCALPLACEMENT(#1365,#1390);
#1392= IFCMECHANICALFASTENER('16iBkhHTf1ZRN4MvEOFeZi',#753,'Bolt assembly',$,$,#1391,#1388,'ID46b0bbab-45da-418d-b5c4-5b93983e88ec',10.,5.15826225280762);
#1393= IFCSHAPEREPRESENTATION(#12,'Body','MappedRepresentation',(#829,#832));
#1394= IFCPRODUCTDEFINITIONSHAPE($,$,(#1393));
#1395= IFCCARTESIANPOINT((-40329.5681729317,-65383.8906269073,0.));
#1396= IFCAXIS2PLACEMENT3D(#1395,#127,#155);
#1397= IFCLOCALPLACEMENT(#1365,#1396);
#1398= IFCMECHANICALFASTENER('2ymvrFSiL9B8PHsizPHOGX',#753,'Bolt assembly',$,$,#1397,#1394,'IDbcc39d4f-72c5-492c-8651-dacf59458421',20.,10.);
#1399= IFCSHAPEREPRESENTATION(#12,'Body','MappedRepresentation',(#829,#832));
#1400= IFCPRODUCTDEFINITIONSHAPE($,$,(#1399));
#1401= IFCCARTESIANPOINT((-40399.5681729317,-65453.8906269073,10.));
#1402= IFCAXIS2PLACEMENT3D(#1401,#7,#8);
#1403= IFCLOCALPLACEMENT(#1365,#1402);
#1404= IFCMECHANICALFASTENER('0rnxuaZubEHRA_99V8XdTY',#753,'Bolt assembly',$,$,#1403,#1400,'ID35c7be24-8f89-4e45-b2be-2497c8867762',20.,10.);
#1405= IFCLOCALPLACEMENT(#42,#10);
#1406= IFCELEMENTASSEMBLY('3WzAifcyj2iQgCXDpPuHfk',#753,'S\S\xjle',$,$,#1405,$,'s44',.NOTDEFINED.,.NOTDEFINED.);
#1407= IFCPROPERTYSINGLEVALUE('Assembly/Cast unit position code',$,IFCLABEL('208/H'),$);
#1408= IFCPROPERTYSET('3foD6zHZD9OR5NYZJxpvQm',#5,'Tekla Assembly','Assembly Properties',(#48,#49,#50,#756,#189,#757,#1407,#759));
#1409= IFCSHAPEREPRESENTATION(#12,'Body','MappedRepresentation',(#771));
#1410= IFCPRODUCTDEFINITIONSHAPE($,$,(#1409));
#1411= IFCCARTESIANPOINT((-44683.720501976,-65383.8918273068,995.));
#1412= IFCAXIS2PLACEMENT3D(#1411,#127,#85);
#1413= IFCLOCALPLACEMENT(#1405,#1412);
#1414= IFCMECHANICALFASTENER('12uxqWx6j4PvwV1JnvjZuf',#753,'Bolt assembly',$,$,#1413,#1410,'ID42e3bd20-ec6b-4467-9e9f-053c79b63e29',10.,5.15826225280762);
#1415= IFCSHAPEREPRESENTATION(#12,'Body','MappedRepresentation',(#792));
#1416= IFCPRODUCTDEFINITIONSHAPE($,$,(#1415));
#1417= IFCCARTESIANPOINT((-44599.5718273068,-65299.739498024,995.));
#1418= IFCAXIS2PLACEMENT3D(#1417,#155,#85);
#1419= IFCLOCALPLACEMENT(#1405,#1418);
#1420= IFCMECHANICALFASTENER('0ChVts$0L1R9J9QMOI8Db8',#753,'Bolt assembly',$,$,#1419,#1416,'ID0cadfdf6-fc05-416c-94c9-69661220d948',10.,5.15826225280762);
#1421= IFCSHAPEREPRESENTATION(#12,'Body','MappedRepresentation',(#805));
#1422= IFCPRODUCTDEFINITIONSHAPE($,$,(#1421));
#1423= IFCCARTESIANPOINT((-44515.419498024,-65383.8881726933,995.));
#1424= IFCAXIS2PLACEMENT3D(#1423,#8,#85);
#1425= IFCLOCALPLACEMENT(#1405,#1424);
#1426= IFCMECHANICALFASTENER('2XlTxMR0z7kOojJN41DRDb',#753,'Bolt assembly',$,$,#1425,#1422,'IDa1bdded6-6c0f-47b9-8cad-4d710135b365',10.,5.15826225280762);
#1427= IFCSHAPEREPRESENTATION(#12,'Body','MappedRepresentation',(#816));
#1428= IFCPRODUCTDEFINITIONSHAPE($,$,(#1427));
#1429= IFCCARTESIANPOINT((-44599.5681726933,-65468.040501976,995.));
#1430= IFCAXIS2PLACEMENT3D(#1429,#7,#85);
#1431= IFCLOCALPLACEMENT(#1405,#1430);
#1432= IFCMECHANICALFASTENER('2nV1U3RPrD6eXBXW55mY76',#753,'Bolt assembly',$,$,#1431,#1428,'IDb17c1783-6d9d-4d1a-884b-860145c221c6',10.,5.15826225280762);
#1433= IFCSHAPEREPRESENTATION(#12,'Body','MappedRepresentation',(#829,#832));
#1434= IFCPRODUCTDEFINITIONSHAPE($,$,(#1433));
#1435= IFCCARTESIANPOINT((-44529.5681726933,-65383.890501976,0.));
#1436= IFCAXIS2PLACEMENT3D(#1435,#127,#155);
#1437= IFCLOCALPLACEMENT(#1405,#1436);
#1438= IFCMECHANICALFASTENER('0Zg2XWj_r32fQxNvn9gNl9',#753,'Bolt assembly',$,$,#1437,#1434,'ID23a82860-b7ed-430a-96bb-5f9c49a97bc9',20.,10.);
#1439= IFCSHAPEREPRESENTATION(#12,'Body','MappedRepresentation',(#829,#832));
#1440= IFCPRODUCTDEFINITIONSHAPE($,$,(#1439));
#1441= IFCCARTESIANPOINT((-44599.5681726933,-65453.890501976,10.));
#1442= IFCAXIS2PLACEMENT3D(#1441,#7,#8);
#1443= IFCLOCALPLACEMENT(#1405,#1442);
#1444= IFCMECHANICALFASTENER('1Bwx2JrpL0hgv5ot6Wx44x',#753,'Bolt assembly',$,$,#1443,#1440,'ID4bebb093-d735-40ae-ae45-cb71a0ec413b',20.,10.);
#1445= IFCCOLOURRGB('Light Red',0.905882352941176,0.325490196078431,0.36078431372549);
#1446= IFCSURFACESTYLERENDERING(#1445,0.,$,$,$,$,IFCNORMALISEDRATIOMEASURE(0.00390625),IFCSPECULAREXPONENT(10.),.NOTDEFINED.);
#1447= IFCSURFACESTYLE('STEEL/S355J2',.POSITIVE.,(#1446));
#1448= IFCPRESENTATIONSTYLEASSIGNMENT((#1447));
#1449= IFCDIRECTION((-1.,5.45679057497348E-12));
#1450= IFCCARTESIANPOINT((79.999999999709,79.9999999995634));
#1451= IFCAXIS2PLACEMENT2D(#1450,#1449);
#1452= IFCCIRCLE(#1451,80.);
#1453= IFCTRIMMEDCURVE(#1452,(IFCPARAMETERVALUE(0.)),(IFCPARAMETERVALUE(1.57079632680399)),.T.,.PARAMETER.);
#1454= IFCCOMPOSITECURVESEGMENT(.CONTINUOUS.,.T.,#1453);
#1455= IFCCARTESIANPOINT((80.,-1.30739863379858E-12));
#1456= IFCPOLYLINE((#1455,#1455));
#1457= IFCCOMPOSITECURVESEGMENT(.CONTINUOUS.,.T.,#1456);
#1458= IFCDIRECTION((5.72999425683036E-12,-1.));
#1459= IFCAXIS2PLACEMENT2D(#1450,#1458);
#1460= IFCCIRCLE(#1459,80.);
#1461= IFCTRIMMEDCURVE(#1460,(IFCPARAMETERVALUE(0.)),(IFCPARAMETERVALUE(1.57079632678516)),.T.,.PARAMETER.);
#1462= IFCCOMPOSITECURVESEGMENT(.CONTINUOUS.,.T.,#1461);
#1463= IFCCARTESIANPOINT((160.,80.));
#1464= IFCPOLYLINE((#1463,#1463));
#1465= IFCCOMPOSITECURVESEGMENT(.CONTINUOUS.,.T.,#1464);
#1466= IFCAXIS2PLACEMENT2D(#1450,#67);
#1467= IFCCIRCLE(#1466,80.);
#1468= IFCTRIMMEDCURVE(#1467,(IFCPARAMETERVALUE(0.)),(IFCPARAMETERVALUE(1.57079632680399)),.T.,.PARAMETER.);
#1469= IFCCOMPOSITECURVESEGMENT(.CONTINUOUS.,.T.,#1468);
#1470= IFCCARTESIANPOINT((80.,160.000000000001));
#1471= IFCPOLYLINE((#1470,#1470));
#1472= IFCCOMPOSITECURVESEGMENT(.CONTINUOUS.,.T.,#1471);
#1473= IFCDIRECTION((-6.09361450185192E-12,1.));
#1474= IFCAXIS2PLACEMENT2D(#1450,#1473);
#1475= IFCCIRCLE(#1474,80.);
#1476= IFCTRIMMEDCURVE(#1475,(IFCPARAMETERVALUE(0.)),(IFCPARAMETERVALUE(1.57079632678444)),.T.,.PARAMETER.);
#1477= IFCCOMPOSITECURVESEGMENT(.CONTINUOUS.,.T.,#1476);
#1478= IFCCARTESIANPOINT((0.,80.));
#1479= IFCPOLYLINE((#1478,#1478));
#1480= IFCCOMPOSITECURVESEGMENT(.CONTINUOUS.,.T.,#1479);
#1481= IFCCOMPOSITECURVE((#1454,#1457,#1462,#1465,#1469,#1472,#1477,#1480),.T.);
#1482= IFCARBITRARYCLOSEDPROFILEDEF(.AREA.,'FL5*160',#1481);
#1483= IFCCARTESIANPOINT((0.,0.,-2.5));
#1484= IFCAXIS2PLACEMENT3D(#1483,#9,#7);
#1485= IFCEXTRUDEDAREASOLID(#1482,#1484,#9,5.);
#1486= IFCSHAPEREPRESENTATION(#12,'Body','SweptSolid',(#1485));
#1487= IFCSTYLEDITEM(#1485,(#1448),$);
#1488= IFCPRODUCTDEFINITIONSHAPE($,$,(#1486));
#1489= IFCCARTESIANPOINT((-44519.5690517426,-94603.890501976,1012.5));
#1490= IFCAXIS2PLACEMENT3D(#1489,#9,#155);
#1491= IFCLOCALPLACEMENT(#754,#1490);
#1492= IFCPLATE('0ftrOIgL15GRgndyKLgkbK',#753,'Plade','FL5*160',$,#1491,#1488,'ID29df5612-a950-4541-bab1-9fc515aae954');
#1493= IFCPLATETYPE('3kmlh21V9ErfVn$Oxrhra0',#5,'FL5*160',$,$,$,$,$,$,.NOTDEFINED.);
#1494= IFCPROPERTYSINGLEVALUE('DS_r_Layering',$,$,$);
#1495= IFCPROPERTYSET('2cxoUqZjf6YupSIOQYD0b$',#5,'DS IFC Properties',$,(#1494));
#1496= IFCPROPERTYSINGLEVALUE('Finish',$,IFCLABEL(''),$);
#1497= IFCPROPERTYSINGLEVALUE('Bottom elevation',$,IFCLABEL(' +1.010'),$);
#1498= IFCPROPERTYSINGLEVALUE('Top elevation',$,IFCLABEL(' +1.015'),$);
#1499= IFCPROPERTYSINGLEVALUE('Initial GUID',$,$,$);
#1500= IFCPROPERTYSINGLEVALUE('Preliminary mark',$,IFCLABEL(''),$);
#1501= IFCPROPERTYSINGLEVALUE('Phase',$,IFCINTEGER(3),$);
#1502= IFCPROPERTYSINGLEVALUE('Class',$,IFCLABEL('2'),$);
#1503= IFCPROPERTYSET('2e4vqHxPv9187itsKaXyHW',#5,'Tekla Common','Common Properties to Shared building elements',(#1496,#1497,#1498,#1499,#1500,#1501,#1502));
#1504= IFCPROPERTYSINGLEVALUE('Weight',$,IFCMASSMEASURE(0.77),$);
#1505= IFCPROPERTYSINGLEVALUE('Volume',$,IFCVOLUMEMEASURE(0.),$);
#1506= IFCPROPERTYSINGLEVALUE('Gross footprint area',$,IFCAREAMEASURE(0.02),$);
#1507= IFCPROPERTYSINGLEVALUE('Area per tons',$,IFCAREAMEASURE(54.203),$);
#1508= IFCPROPERTYSINGLEVALUE('Net surface area',$,IFCAREAMEASURE(0.042),$);
#1509= IFCPROPERTYSINGLEVALUE('Height',$,IFCLENGTHMEASURE(160.),$);
#1510= IFCPROPERTYSINGLEVALUE('Width',$,IFCLENGTHMEASURE(5.),$);
#1511= IFCPROPERTYSINGLEVALUE('Length',$,IFCLENGTHMEASURE(160.),$);
#1512= IFCPROPERTYSET('1FAj2qYzP7y92sM56wy1mU',#5,'Tekla Quantity','Quantity Properties to Shared building elements',(#1504,#1505,#1506,#1507,#1508,#1509,#1510,#1511));
#1513= IFCPROPERTYSINGLEVALUE('LoadBearing',$,IFCBOOLEAN(.F.),$);
#1514= IFCPROPERTYSINGLEVALUE('Reference',$,IFCIDENTIFIER('C24'),$);
#1515= IFCPROPERTYSET('1pO5b0h0v9pPbSZ5Hq$hvQ',#5,'Pset_PlateCommon','Common Properties to plate elements',(#1513,#1514));
#1516= IFCQUANTITYLENGTH('Width',$,$,160.);
#1517= IFCQUANTITYAREA('NetArea',$,$,0.0416839395959916);
#1518= IFCQUANTITYAREA('GrossArea',$,$,0.0256);
#1519= IFCQUANTITYAREA('CrossSectionArea',$,$,2.5E-05);
#1520= IFCQUANTITYVOLUME('NetVolume',$,$,9.79669586854629E-05);
#1521= IFCQUANTITYVOLUME('GrossVolume',$,$,9.79669586854629E-05);
#1522= IFCELEMENTQUANTITY('12ykYUpXb5Bup2QVgbList',#5,'BaseQuantities',$,$,(#1516,#1517,#1518,#1519,#1520,#1521));
#1523= IFCMATERIAL('STEEL/S355J2');
#1524= IFCSHAPEREPRESENTATION(#12,'Body','SweptSolid',(#1485));
#1525= IFCPRODUCTDEFINITIONSHAPE($,$,(#1524));
#1526= IFCCARTESIANPOINT((-40319.5690524578,-94603.8906269073,1012.5));
#1527= IFCAXIS2PLACEMENT3D(#1526,#9,#155);
#1528= IFCLOCALPLACEMENT(#845,#1527);
#1529= IFCPLATE('1WX_UAsbPAMeeKNHOOB3W1',#753,'Plade','FL5*160',$,#1528,#1525,'ID6087e78a-da56-4a5a-8a14-5d16182c3801');
#1530= IFCSHAPEREPRESENTATION(#12,'Body','SweptSolid',(#1485));
#1531= IFCPRODUCTDEFINITIONSHAPE($,$,(#1530));
#1532= IFCCARTESIANPOINT((-34519.5690522194,-94603.8908014297,1012.5));
#1533= IFCAXIS2PLACEMENT3D(#1532,#9,#155);
#1534= IFCLOCALPLACEMENT(#885,#1533);
#1535= IFCPLATE('2o4fcDHm59VRaABziIin6j',#753,'Plade','FL5*160',$,#1534,#1531,'IDb212998d-4701-497d-b90a-2fdb12b311ad');
#1536= IFCSHAPEREPRESENTATION(#12,'Body','SweptSolid',(#1485));
#1537= IFCPRODUCTDEFINITIONSHAPE($,$,(#1536));
#1538= IFCCARTESIANPOINT((-30319.5690522194,-94603.8909273148,1012.5));
#1539= IFCAXIS2PLACEMENT3D(#1538,#9,#155);
#1540= IFCLOCALPLACEMENT(#925,#1539);
#1541= IFCPLATE('0kN951WZjAHgJ06PfvR1yZ',#753,'Plade','FL5*160',$,#1540,#1537,'ID2e5c9141-823b-4a46-a4c0-199a796c1f23');
#1542= IFCSHAPEREPRESENTATION(#12,'Body','SweptSolid',(#1485));
#1543= IFCPRODUCTDEFINITIONSHAPE($,$,(#1542));
#1544= IFCCARTESIANPOINT((-17319.5690517426,-94603.8913154602,1012.5));
#1545= IFCAXIS2PLACEMENT3D(#1544,#9,#155);
#1546= IFCLOCALPLACEMENT(#965,#1545);
#1547= IFCPLATE('1tg45wg555vuZOCumJBjlq',#753,'Plade','FL5*160',$,#1546,#1543,'ID77a8417a-a851-45e7-88d8-338c132edbf4');
#1548= IFCSHAPEREPRESENTATION(#12,'Body','SweptSolid',(#1485));
#1549= IFCPRODUCTDEFINITIONSHAPE($,$,(#1548));
#1550= IFCCARTESIANPOINT((-12519.5690522194,-94603.891459465,1012.5));
#1551= IFCAXIS2PLACEMENT3D(#1550,#9,#155);
#1552= IFCLOCALPLACEMENT(#1005,#1551);
#1553= IFCPLATE('1OuiCH8KD6twYJ$0y9aDp7',#753,'Plade','FL5*160',$,#1552,#1549,'ID58e2c311-2143-46df-a893-fc0f0990dcc7');
#1554= IFCSHAPEREPRESENTATION(#12,'Body','SweptSolid',(#1485));
#1555= IFCPRODUCTDEFINITIONSHAPE($,$,(#1554));
#1556= IFCCARTESIANPOINT((-10269.5688993931,-89713.8915281296,1012.5));
#1557= IFCAXIS2PLACEMENT3D(#1556,#9,#8);
#1558= IFCLOCALPLACEMENT(#1045,#1557);
#1559= IFCPLATE('3NDkoOWNb5XOyiUknukzEL',#753,'Plade','FL5*160',$,#1558,#1555,'IDd736ec98-8179-4585-8f2c-7aec78bbd395');
#1560= IFCSHAPEREPRESENTATION(#12,'Body','SweptSolid',(#1485));
#1561= IFCPRODUCTDEFINITIONSHAPE($,$,(#1560));
#1562= IFCCARTESIANPOINT((-10269.5687737465,-85513.8915281296,1012.5));
#1563= IFCAXIS2PLACEMENT3D(#1562,#9,#8);
#1564= IFCLOCALPLACEMENT(#1085,#1563);
#1565= IFCPLATE('1oMt3ATz17awyZ0bLSiIY_',#753,'Plade','FL5*160',$,#1564,#1561,'ID725b70ca-77d0-4793-af23-02555cb128be');
#1566= IFCSHAPEREPRESENTATION(#12,'Body','SweptSolid',(#1485));
#1567= IFCPRODUCTDEFINITIONSHAPE($,$,(#1566));
#1568= IFCCARTESIANPOINT((-10429.5684509277,-74553.8915281296,1012.5));
#1569= IFCAXIS2PLACEMENT3D(#1568,#9,#127);
#1570= IFCLOCALPLACEMENT(#1125,#1569);
#1571= IFCPLATE('3dfCxoAiH8WPLqqOitjY8R',#753,'Plade','FL5*160',$,#1570,#1567,'IDe7a4cef2-2ac4-4881-9574-d18b37b6221b');
#1572= IFCSHAPEREPRESENTATION(#12,'Body','SweptSolid',(#1485));
#1573= IFCPRODUCTDEFINITIONSHAPE($,$,(#1572));
#1574= IFCCARTESIANPOINT((-10429.5683250427,-70353.8915281296,1012.5));
#1575= IFCAXIS2PLACEMENT3D(#1574,#9,#127);
#1576= IFCLOCALPLACEMENT(#1165,#1575);
#1577= IFCPLATE('3064lQMavAhQN$X_YqE89n',#753,'Plade','FL5*160',$,#1576,#1573,'IDc0184bda-5a4e-4aad-a5ff-87e8b4388271');
#1578= IFCSHAPEREPRESENTATION(#12,'Body','SweptSolid',(#1485));
#1579= IFCPRODUCTDEFINITIONSHAPE($,$,(#1578));
#1580= IFCCARTESIANPOINT((-12519.5681724548,-65303.8914585114,1012.5));
#1581= IFCAXIS2PLACEMENT3D(#1580,#9,#155);
#1582= IFCLOCALPLACEMENT(#1205,#1581);
#1583= IFCPLATE('2ZeC4BC6vC59iGkW0R_o5m',#753,'Plade','FL5*160',$,#1582,#1579,'IDa3a0c10b-306e-4c14-9b10-ba001bfb2170');
#1584= IFCSHAPEREPRESENTATION(#12,'Body','SweptSolid',(#1485));
#1585= IFCPRODUCTDEFINITIONSHAPE($,$,(#1584));
#1586= IFCCARTESIANPOINT((-17319.5681726933,-65303.8913164139,1012.5));
#1587= IFCAXIS2PLACEMENT3D(#1586,#9,#155);
#1588= IFCLOCALPLACEMENT(#1245,#1587);
#1589= IFCPLATE('2ICyzCLYn6eepwdrf0omUK',#753,'Plade','FL5*160',$,#1588,#1585,'ID9233cf4c-562c-46a2-8cfa-9f5a40cb0794');
#1590= IFCSHAPEREPRESENTATION(#12,'Body','SweptSolid',(#1485));
#1591= IFCPRODUCTDEFINITIONSHAPE($,$,(#1590));
#1592= IFCCARTESIANPOINT((-44519.5681726933,-65303.890501976,1012.5));
#1593= IFCAXIS2PLACEMENT3D(#1592,#9,#155);
#1594= IFCLOCALPLACEMENT(#1405,#1593);
#1595= IFCPLATE('2zSlCrqXD5fQZYy62RCoI7',#753,'Plade','FL5*160',$,#1594,#1591,'IDbd72f335-d213-45a5-a8e2-f0609b332487');
#1596= IFCSHAPEREPRESENTATION(#12,'Body','SweptSolid',(#1485));
#1597= IFCPRODUCTDEFINITIONSHAPE($,$,(#1596));
#1598= IFCCARTESIANPOINT((-40319.5681729317,-65303.8906269073,1012.5));
#1599= IFCAXIS2PLACEMENT3D(#1598,#9,#155);
#1600= IFCLOCALPLACEMENT(#1365,#1599);
#1601= IFCPLATE('0vat$1YKP1Ce8NkhDqUHhe',#753,'Plade','FL5*160',$,#1600,#1597,'ID39937fc1-8946-4132-8217-bab374791ae8');
#1602= IFCSHAPEREPRESENTATION(#12,'Body','SweptSolid',(#1485));
#1603= IFCPRODUCTDEFINITIONSHAPE($,$,(#1602));
#1604= IFCCARTESIANPOINT((-30319.5681724548,-65303.8909263611,1012.5));
#1605= IFCAXIS2PLACEMENT3D(#1604,#9,#155);
#1606= IFCLOCALPLACEMENT(#1285,#1605);
#1607= IFCPLATE('16zbCmYBr8_8n_csuMjOJ0',#753,'Plade','FL5*160',$,#1606,#1603,'ID46f65330-88bd-48f8-8c7e-9b6e16b584c0');
#1608= IFCSURFACESTYLE('Stahl',.POSITIVE.,(#60));
#1609= IFCPRESENTATIONSTYLEASSIGNMENT((#1608));
#1610= IFCEXTRUDEDAREASOLID(#70,#71,#9,10.1);
#1611= IFCSTYLEDITEM(#1610,(#66),$);
#1612= IFCCARTESIANPOINT((12.,-6.92820323027551));
#1613= IFCCARTESIANPOINT((12.,6.92820323027551));
#1614= IFCCARTESIANPOINT((8.48460190979926E-16,13.856406460551));
#1615= IFCCARTESIANPOINT((-12.,6.92820323027551));
#1616= IFCCARTESIANPOINT((-12.,-6.9282032302755));
#1617= IFCCARTESIANPOINT((-1.48523417657946E-14,-13.856406460551));
#1618= IFCPOLYLINE((#1612,#1613,#1614,#1615,#1616,#1617,#1612));
#1619= IFCARBITRARYCLOSEDPROFILEDEF(.AREA.,$,#1618);
#1620= IFCCARTESIANPOINT((0.,-10.56,0.));
#1621= IFCAXIS2PLACEMENT3D(#1620,#8,#7);
#1622= IFCEXTRUDEDAREASOLID(#1619,#1621,#9,10.56);
#1623= IFCSTYLEDITEM(#1622,(#1609),$);
#1624= IFCCIRCLEPROFILEDEF(.AREA.,$,#69,8.);
#1625= IFCEXTRUDEDAREASOLID(#1624,#71,#9,100.);
#1626= IFCSTYLEDITEM(#1625,(#1609),$);
#1627= IFCCIRCLEPROFILEDEF(.AREA.,$,#69,0.5);
#1628= IFCCARTESIANPOINT((0.,10.,0.));
#1629= IFCAXIS2PLACEMENT3D(#1628,#8,#7);
#1630= IFCEXTRUDEDAREASOLID(#1627,#1629,#9,1.);
#1631= IFCSTYLEDITEM(#1630,(#1609),$);
#1632= IFCCARTESIANPOINT((0.5,-0.288675134594813));
#1633= IFCCARTESIANPOINT((0.5,0.288675134594813));
#1634= IFCCARTESIANPOINT((3.53525079574969E-17,0.577350269189626));
#1635= IFCCARTESIANPOINT((-0.5,0.288675134594813));
#1636= IFCCARTESIANPOINT((-0.5,-0.288675134594813));
#1637= IFCCARTESIANPOINT((-6.18847573574774E-16,-0.577350269189626));
#1638= IFCPOLYLINE((#1632,#1633,#1634,#1635,#1636,#1637,#1632));
#1639= IFCARBITRARYCLOSEDPROFILEDEF(.AREA.,$,#1638);
#1640= IFCCARTESIANPOINT((0.,11.,0.));
#1641= IFCAXIS2PLACEMENT3D(#1640,#8,#7);
#1642= IFCEXTRUDEDAREASOLID(#1639,#1641,#9,1.);
#1643= IFCSTYLEDITEM(#1642,(#1609),$);
#1644= IFCCARTESIANPOINT((0.,0.,-100.));
#1645= IFCCARTESIANTRANSFORMATIONOPERATOR3D($,$,#1644,$,$);
#1646= IFCSHAPEREPRESENTATION(#12,'Body','SweptSolid',(#1610,#1622,#1625,#1630,#1642));
#1647= IFCREPRESENTATIONMAP(#10,#1646);
#1648= IFCMAPPEDITEM(#1647,#1645);
#1649= IFCCARTESIANPOINT((100.,0.,-100.));
#1650= IFCCARTESIANTRANSFORMATIONOPERATOR3D($,$,#1649,$,$);
#1651= IFCMAPPEDITEM(#1647,#1650);
#1652= IFCCARTESIANPOINT((0.,0.,100.));
#1653= IFCCARTESIANTRANSFORMATIONOPERATOR3D($,$,#1652,$,$);
#1654= IFCMAPPEDITEM(#1647,#1653);
#1655= IFCCARTESIANPOINT((100.,0.,100.));
#1656= IFCCARTESIANTRANSFORMATIONOPERATOR3D($,$,#1655,$,$);
#1657= IFCMAPPEDITEM(#1647,#1656);
#1658= IFCSHAPEREPRESENTATION(#12,'Body','MappedRepresentation',(#1648,#1651,#1654,#1657));
#1659= IFCPRODUCTDEFINITIONSHAPE($,$,(#1658));
#1660= IFCCARTESIANPOINT((-44549.5690517426,-94683.890501976,10.));
#1661= IFCAXIS2PLACEMENT3D(#1660,#127,#155);
#1662= IFCLOCALPLACEMENT(#754,#1661);
#1663= IFCMECHANICALFASTENER('2G5kN7lvXEQ9UKIORY$71L',#753,'Bolt assembly',$,$,#1662,#1659,'ID9016e5c7-bf98-4e68-9794-4986e2fc7055',16.,100.);
#1664= IFCPROPERTYSINGLEVALUE('Washer count',$,IFCINTEGER(4),$);
#1665= IFCPROPERTYSINGLEVALUE('Washer diameter',$,IFCLENGTHMEASURE(16.),$);
#1666= IFCPROPERTYSINGLEVALUE('Washer type',$,IFCLABEL('DUMMY_S'),$);
#1667= IFCPROPERTYSINGLEVALUE('Washer name',$,IFCLABEL('DUMMY_S16'),$);
#1668= IFCPROPERTYSINGLEVALUE('Nut count',$,IFCINTEGER(4),$);
#1669= IFCPROPERTYSINGLEVALUE('Nut type',$,IFCLABEL('DUMMY_M'),$);
#1670= IFCPROPERTYSINGLEVALUE('Nut name',$,IFCLABEL('DUMMY_M16'),$);
#1671= IFCPROPERTYSINGLEVALUE('Bolt count',$,IFCINTEGER(4),$);
#1672= IFCPROPERTYSINGLEVALUE('Bolt size',$,IFCLENGTHMEASURE(16.),$);
#1673= IFCPROPERTYSINGLEVALUE('Bolt length',$,IFCLENGTHMEASURE(100.),$);
#1674= IFCPROPERTYSINGLEVALUE('Bolt standard',$,IFCLABEL('HILTI'),$);
#1675= IFCPROPERTYSINGLEVALUE('Bolt Name',$,IFCLABEL('16X100 15/_ #2333579'),$);
#1676= IFCPROPERTYSET('2Q$YilbZvBxeW2z66Xkmn3',#5,'Tekla Bolt','Bolt Properties',(#1664,#1665,#1666,#1667,#1668,#1669,#1670,#97,#98,#99,#100,#1671,#1672,#1673,#1674,#1675));
#1677= IFCMATERIAL('Stahl');
#1678= IFCSHAPEREPRESENTATION(#12,'Body','MappedRepresentation',(#1648,#1651,#1654,#1657));
#1679= IFCPRODUCTDEFINITIONSHAPE($,$,(#1678));
#1680= IFCCARTESIANPOINT((-40349.5690524578,-94683.8906269073,10.));
#1681= IFCAXIS2PLACEMENT3D(#1680,#127,#155);
#1682= IFCLOCALPLACEMENT(#845,#1681);
#1683= IFCMECHANICALFASTENER('1r_nKq5SXAPg8HJY2AkTzT',#753,'Bolt assembly',$,$,#1682,#1679,'ID75fb1534-15c8-4a66-a211-4e208ab9df5d',16.,100.);
#1684= IFCSHAPEREPRESENTATION(#12,'Body','MappedRepresentation',(#1648,#1651,#1654,#1657));
#1685= IFCPRODUCTDEFINITIONSHAPE($,$,(#1684));
#1686= IFCCARTESIANPOINT((-34549.5690522194,-94683.8908014297,10.));
#1687= IFCAXIS2PLACEMENT3D(#1686,#127,#155);
#1688= IFCLOCALPLACEMENT(#885,#1687);
#1689= IFCMECHANICALFASTENER('2Vp6sq$h1AAPosJTHAbMB$',#753,'Bolt assembly',$,$,#1688,#1685,'ID9fcc6db4-feb0-4a29-9cb6-4dd44a9562ff',16.,100.);
#1690= IFCSHAPEREPRESENTATION(#12,'Body','MappedRepresentation',(#1648,#1651,#1654,#1657));
#1691= IFCPRODUCTDEFINITIONSHAPE($,$,(#1690));
#1692= IFCCARTESIANPOINT((-30349.5690522194,-94683.8909273148,10.));
#1693= IFCAXIS2PLACEMENT3D(#1692,#127,#155);
#1694= IFCLOCALPLACEMENT(#925,#1693);
#1695= IFCMECHANICALFASTENER('3lJE9q5vD5dw8nbEGFaIj4',#753,'Bolt assembly',$,$,#1694,#1691,'IDef4ce274-1793-459f-a231-94e40f912b44',16.,100.);
#1696= IFCSHAPEREPRESENTATION(#12,'Body','MappedRepresentation',(#1648,#1651,#1654,#1657));
#1697= IFCPRODUCTDEFINITIONSHAPE($,$,(#1696));
#1698= IFCCARTESIANPOINT((-12549.5690522194,-94683.891459465,10.));
#1699= IFCAXIS2PLACEMENT3D(#1698,#127,#155);
#1700= IFCLOCALPLACEMENT(#1005,#1699);
#1701= IFCMECHANICALFASTENER('1BqBgzxNH3dPtCLfTTX_RG',#753,'Bolt assembly',$,$,#1700,#1697,'ID4bd0babd-ed74-439d-9dcc-56975d87e6d0',16.,100.);
#1702= IFCSHAPEREPRESENTATION(#12,'Body','MappedRepresentation',(#1648,#1651,#1654,#1657));
#1703= IFCPRODUCTDEFINITIONSHAPE($,$,(#1702));
#1704= IFCCARTESIANPOINT((-17349.5690517426,-94683.8913154602,10.));
#1705= IFCAXIS2PLACEMENT3D(#1704,#127,#155);
#1706= IFCLOCALPLACEMENT(#965,#1705);
#1707= IFCMECHANICALFASTENER('2uAZ19OOv3CxzbXip9RdYP',#753,'Bolt assembly',$,$,#1706,#1703,'IDb82a3049-618e-4333-bf65-86ccc96e7899',16.,100.);
#1708= IFCSHAPEREPRESENTATION(#12,'Body','MappedRepresentation',(#1648,#1651,#1654,#1657));
#1709= IFCPRODUCTDEFINITIONSHAPE($,$,(#1708));
#1710= IFCCARTESIANPOINT((-10349.5688993931,-89683.8915281296,10.));
#1711= IFCAXIS2PLACEMENT3D(#1710,#155,#8);
#1712= IFCLOCALPLACEMENT(#1045,#1711);
#1713= IFCMECHANICALFASTENER('3kNLxWPtzFZ9TutyAmpxi8',#753,'Bolt assembly',$,$,#1712,#1709,'IDee5d5ee0-677f-4f8c-9778-dfc2b0cfbb08',16.,100.);
#1714= IFCSHAPEREPRESENTATION(#12,'Body','MappedRepresentation',(#1648,#1651,#1654,#1657));
#1715= IFCPRODUCTDEFINITIONSHAPE($,$,(#1714));
#1716= IFCCARTESIANPOINT((-10349.5687737465,-85483.8915281296,10.));
#1717= IFCAXIS2PLACEMENT3D(#1716,#155,#8);
#1718= IFCLOCALPLACEMENT(#1085,#1717);
#1719= IFCMECHANICALFASTENER('1ZcUr0ueb5v939D2o7nikv',#753,'Bolt assembly',$,$,#1718,#1715,'ID6399ed40-e289-45e4-90c9-342c87c6cbb9',16.,100.);
#1720= IFCSHAPEREPRESENTATION(#12,'Body','MappedRepresentation',(#1648,#1651,#1654,#1657));
#1721= IFCPRODUCTDEFINITIONSHAPE($,$,(#1720));
#1722= IFCCARTESIANPOINT((-10349.5684509277,-74583.8915281296,10.));
#1723= IFCAXIS2PLACEMENT3D(#1722,#7,#127);
#1724= IFCLOCALPLACEMENT(#1125,#1723);
#1725= IFCMECHANICALFASTENER('3b9l7ns$LAt9WIVPYxiDTV',#753,'Bolt assembly',$,$,#1724,#1721,'IDe526f1f1-dbf5-4adc-9812-7d98bbb0d75f',16.,100.);
#1726= IFCSHAPEREPRESENTATION(#12,'Body','MappedRepresentation',(#1648,#1651,#1654,#1657));
#1727= IFCPRODUCTDEFINITIONSHAPE($,$,(#1726));
#1728= IFCCARTESIANPOINT((-10349.5683250427,-70383.8915281296,10.));
#1729= IFCAXIS2PLACEMENT3D(#1728,#7,#127);
#1730= IFCLOCALPLACEMENT(#1165,#1729);
#1731= IFCMECHANICALFASTENER('3KZRbJ1QfEdhlp0KWhRv5Z',#753,'Bolt assembly',$,$,#1730,#1727,'IDd48db953-05aa-4e9e-bbf3-01482b6f9163',16.,100.);
#1732= IFCSHAPEREPRESENTATION(#12,'Body','MappedRepresentation',(#1648,#1651,#1654,#1657));
#1733= IFCPRODUCTDEFINITIONSHAPE($,$,(#1732));
#1734= IFCCARTESIANPOINT((-12549.5681724548,-65383.8914585114,10.));
#1735= IFCAXIS2PLACEMENT3D(#1734,#127,#155);
#1736= IFCLOCALPLACEMENT(#1205,#1735);
#1737= IFCMECHANICALFASTENER('3pF1iECjj2Re0xs4e10BrT',#753,'Bolt assembly',$,$,#1736,#1733,'IDf33c1b0e-32db-426e-803b-d84a0100bd5d',16.,100.);
#1738= IFCSHAPEREPRESENTATION(#12,'Body','MappedRepresentation',(#1648,#1651,#1654,#1657));
#1739= IFCPRODUCTDEFINITIONSHAPE($,$,(#1738));
#1740= IFCCARTESIANPOINT((-17349.5681726933,-65383.8913164139,10.));
#1741= IFCAXIS2PLACEMENT3D(#1740,#127,#155);
#1742= IFCLOCALPLACEMENT(#1245,#1741);
#1743= IFCMECHANICALFASTENER('2XFSw_HNT4A8vubq$Djfe2',#753,'Bolt assembly',$,$,#1742,#1739,'IDa13dcebe-4577-4428-8e78-974fcdb69a02',16.,100.);
#1744= IFCSHAPEREPRESENTATION(#12,'Body','MappedRepresentation',(#1648,#1651,#1654,#1657));
#1745= IFCPRODUCTDEFINITIONSHAPE($,$,(#1744));
#1746= IFCCARTESIANPOINT((-44549.5681726933,-65383.890501976,10.));
#1747= IFCAXIS2PLACEMENT3D(#1746,#127,#155);
#1748= IFCLOCALPLACEMENT(#1405,#1747);
#1749= IFCMECHANICALFASTENER('2d7NtMbvr4NuCA8hGGjPRi',#753,'Bolt assembly',$,$,#1748,#1745,'IDa71d7dd6-979d-445f-830a-22b410b596ec',16.,100.);
#1750= IFCSHAPEREPRESENTATION(#12,'Body','MappedRepresentation',(#1648,#1651,#1654,#1657));
#1751= IFCPRODUCTDEFINITIONSHAPE($,$,(#1750));
#1752= IFCCARTESIANPOINT((-40349.5681729317,-65383.8906269073,10.));
#1753= IFCAXIS2PLACEMENT3D(#1752,#127,#155);
#1754= IFCLOCALPLACEMENT(#1365,#1753);
#1755= IFCMECHANICALFASTENER('3lw3gi8RL9c84EIMBVJiYA',#753,'Bolt assembly',$,$,#1754,#1751,'IDefe83aac-21b5-4998-810e-4962df4ec88a',16.,100.);
#1756= IFCSHAPEREPRESENTATION(#12,'Body','MappedRepresentation',(#1648,#1651,#1654,#1657));
#1757= IFCPRODUCTDEFINITIONSHAPE($,$,(#1756));
#1758= IFCCARTESIANPOINT((-30349.5681724548,-65383.8909263611,10.));
#1759= IFCAXIS2PLACEMENT3D(#1758,#127,#155);
#1760= IFCLOCALPLACEMENT(#1285,#1759);
#1761= IFCMECHANICALFASTENER('1lthUblun18vC165adyHQu',#753,'Bolt assembly',$,$,#1760,#1757,'ID6fdeb7a5-bf8c-4123-9301-185927f116b8',16.,100.);
#1762= IFCCARTESIANPOINT((99.9999999995926,99.999999999447));
#1763= IFCAXIS2PLACEMENT2D(#1762,#1449);
#1764= IFCCIRCLE(#1763,100.);
#1765= IFCTRIMMEDCURVE(#1764,(IFCPARAMETERVALUE(0.)),(IFCPARAMETERVALUE(1.5707963268045)),.T.,.PARAMETER.);
#1766= IFCCOMPOSITECURVESEGMENT(.CONTINUOUS.,.T.,#1765);
#1767= IFCCARTESIANPOINT((100.,-1.62003743753303E-12));
#1768= IFCPOLYLINE((#1767,#1767));
#1769= IFCCOMPOSITECURVESEGMENT(.CONTINUOUS.,.T.,#1768);
#1770= IFCAXIS2PLACEMENT2D(#1762,#1458);
#1771= IFCCIRCLE(#1770,100.);
#1772= IFCTRIMMEDCURVE(#1771,(IFCPARAMETERVALUE(0.)),(IFCPARAMETERVALUE(1.57079632678522)),.T.,.PARAMETER.);
#1773= IFCCOMPOSITECURVESEGMENT(.CONTINUOUS.,.T.,#1772);
#1774= IFCCARTESIANPOINT((200.,100.));
#1775= IFCCARTESIANPOINT((200.,200.000000000002));
#1776= IFCPOLYLINE((#1774,#1775));
#1777= IFCCOMPOSITECURVESEGMENT(.CONTINUOUS.,.T.,#1776);
#1778= IFCCARTESIANPOINT((100.000000000371,200.000000000525));
#1779= IFCAXIS2PLACEMENT2D(#1778,#67);
#1780= IFCCIRCLE(#1779,100.);
#1781= IFCTRIMMEDCURVE(#1780,(IFCPARAMETERVALUE(0.)),(IFCPARAMETERVALUE(1.57079632680385)),.T.,.PARAMETER.);
#1782= IFCCOMPOSITECURVESEGMENT(.CONTINUOUS.,.T.,#1781);
#1783= IFCCARTESIANPOINT((100.,300.000000000003));
#1784= IFCPOLYLINE((#1783,#1783));
#1785= IFCCOMPOSITECURVESEGMENT(.CONTINUOUS.,.T.,#1784);
#1786= IFCAXIS2PLACEMENT2D(#1778,#1473);
#1787= IFCCIRCLE(#1786,100.);
#1788= IFCTRIMMEDCURVE(#1787,(IFCPARAMETERVALUE(0.)),(IFCPARAMETERVALUE(1.57079632678493)),.T.,.PARAMETER.);
#1789= IFCCOMPOSITECURVESEGMENT(.CONTINUOUS.,.T.,#1788);
#1790= IFCCARTESIANPOINT((0.,200.000000000002));
#1791= IFCCARTESIANPOINT((0.,100.));
#1792= IFCPOLYLINE((#1790,#1791));
#1793= IFCCOMPOSITECURVESEGMENT(.CONTINUOUS.,.T.,#1792);
#1794= IFCCOMPOSITECURVE((#1766,#1769,#1773,#1777,#1782,#1785,#1789,#1793),.T.);
#1795= IFCARBITRARYCLOSEDPROFILEDEF(.AREA.,'FL10*200',#1794);
#1796= IFCCARTESIANPOINT((0.,0.,-5.));
#1797= IFCAXIS2PLACEMENT3D(#1796,#9,#7);
#1798= IFCEXTRUDEDAREASOLID(#1795,#1797,#9,10.);
#1799= IFCSHAPEREPRESENTATION(#12,'Body','SweptSolid',(#1798));
#1800= IFCSTYLEDITEM(#1798,(#1448),$);
#1801= IFCPRODUCTDEFINITIONSHAPE($,$,(#1799));
#1802= IFCCARTESIANPOINT((-44699.5690517426,-94533.890501976,5.));
#1803= IFCAXIS2PLACEMENT3D(#1802,#85,#7);
#1804= IFCLOCALPLACEMENT(#754,#1803);
#1805= IFCPLATE('3Y7le630H2qBXHKR6BnCNJ',#753,'Plade','FL10*200',$,#1804,#1801,'IDe21efa06-0c04-42d0-b851-51b18bc4c5d3');
#1806= IFCPLATETYPE('1dBcC9fSXF9h3yn0Zqv4BX',#5,'FL10*200',$,$,$,$,$,$,.NOTDEFINED.);
#1807= IFCPROPERTYSINGLEVALUE('Bottom elevation',$,IFCLABEL(' +0.000'),$);
#1808= IFCPROPERTYSINGLEVALUE('Top elevation',$,IFCLABEL(' +0.010'),$);
#1809= IFCPROPERTYSET('3fbLtEOKvCWQmmR0dVJMqW',#5,'Tekla Common','Common Properties to Shared building elements',(#1496,#1807,#1808,#1499,#1500,#1501,#1502));
#1810= IFCPROPERTYSINGLEVALUE('Weight',$,IFCMASSMEASURE(3.97),$);
#1811= IFCPROPERTYSINGLEVALUE('Volume',$,IFCVOLUMEMEASURE(0.001),$);
#1812= IFCPROPERTYSINGLEVALUE('Gross footprint area',$,IFCAREAMEASURE(0.051),$);
#1813= IFCPROPERTYSINGLEVALUE('Area per tons',$,IFCAREAMEASURE(27.552),$);
#1814= IFCPROPERTYSINGLEVALUE('Net surface area',$,IFCAREAMEASURE(0.109),$);
#1815= IFCPROPERTYSINGLEVALUE('Height',$,IFCLENGTHMEASURE(200.),$);
#1816= IFCPROPERTYSINGLEVALUE('Width',$,IFCLENGTHMEASURE(10.),$);
#1817= IFCPROPERTYSINGLEVALUE('Length',$,IFCLENGTHMEASURE(300.),$);
#1818= IFCPROPERTYSET('3oP0MfsFfBdxp1OEi8Ap96',#5,'Tekla Quantity','Quantity Properties to Shared building elements',(#1810,#1811,#1812,#1813,#1814,#1815,#1816,#1817));
#1819= IFCPROPERTYSINGLEVALUE('Reference',$,IFCIDENTIFIER('C23'),$);
#1820= IFCPROPERTYSET('2XtUtUPHD9Lhx4y2kpSLOb',#5,'Pset_PlateCommon','Common Properties to plate elements',(#1513,#1819));
#1821= IFCQUANTITYAREA('NetArea',$,$,0.10947223948293);
#1822= IFCQUANTITYAREA('GrossArea',$,$,0.06);
#1823= IFCQUANTITYAREA('CrossSectionArea',$,$,0.0001);
#1824= IFCQUANTITYVOLUME('NetVolume',$,$,0.000506146745892072);
#1825= IFCQUANTITYVOLUME('GrossVolume',$,$,0.000506146745892072);
#1826= IFCELEMENTQUANTITY('1R_pCDB_jDieWAmqC1uwTi',#5,'BaseQuantities',$,$,(#761,#1821,#1822,#1823,#1824,#1825));
#1827= IFCSHAPEREPRESENTATION(#12,'Body','SweptSolid',(#1798));
#1828= IFCPRODUCTDEFINITIONSHAPE($,$,(#1827));
#1829= IFCCARTESIANPOINT((-40499.5690524578,-94533.8906269073,5.));
#1830= IFCAXIS2PLACEMENT3D(#1829,#85,#7);
#1831= IFCLOCALPLACEMENT(#845,#1830);
#1832= IFCPLATE('0tP0Re2cnE$BZuODeK6vLB',#753,'Plade','FL10*200',$,#1831,#1828,'ID376406e8-0a6c-4efc-b8f8-60da141b954b');
#1833= IFCSHAPEREPRESENTATION(#12,'Body','SweptSolid',(#1798));
#1834= IFCPRODUCTDEFINITIONSHAPE($,$,(#1833));
#1835= IFCCARTESIANPOINT((-34699.5690522194,-94533.8908014297,5.));
#1836= IFCAXIS2PLACEMENT3D(#1835,#85,#7);
#1837= IFCLOCALPLACEMENT(#885,#1836);
#1838= IFCPLATE('3_Uy8c5fX1uAtEBjzhmEA1',#753,'Plade','FL10*200',$,#1837,#1834,'IDfe7bc226-1698-41e0-adce-2edf6bc0e281');
#1839= IFCSHAPEREPRESENTATION(#12,'Body','SweptSolid',(#1798));
#1840= IFCPRODUCTDEFINITIONSHAPE($,$,(#1839));
#1841= IFCCARTESIANPOINT((-30499.5690522194,-94533.8909273148,5.));
#1842= IFCAXIS2PLACEMENT3D(#1841,#85,#7);
#1843= IFCLOCALPLACEMENT(#925,#1842);
#1844= IFCPLATE('0akd$63kD1SPdZEiBefRPk',#753,'Plade','FL10*200',$,#1843,#1840,'ID24ba7fc6-0ee3-4171-99e3-3ac2e8a5b66e');
#1845= IFCSHAPEREPRESENTATION(#12,'Body','SweptSolid',(#1798));
#1846= IFCPRODUCTDEFINITIONSHAPE($,$,(#1845));
#1847= IFCCARTESIANPOINT((-17499.5690517426,-94533.8913154602,5.));
#1848= IFCAXIS2PLACEMENT3D(#1847,#85,#7);
#1849= IFCLOCALPLACEMENT(#965,#1848);
#1850= IFCPLATE('3ErUSVLZDBshKrzQYbvlXJ',#753,'Plade','FL10*200',$,#1849,#1846,'IDced5e71f-5633-4bda-b535-f5a8a5e6f853');
#1851= IFCSHAPEREPRESENTATION(#12,'Body','SweptSolid',(#1798));
#1852= IFCPRODUCTDEFINITIONSHAPE($,$,(#1851));
#1853= IFCCARTESIANPOINT((-12699.5690522194,-94533.891459465,5.));
#1854= IFCAXIS2PLACEMENT3D(#1853,#85,#7);
#1855= IFCLOCALPLACEMENT(#1005,#1854);
#1856= IFCPLATE('0zOgGoZsH20fxllollvfMp',#753,'Plade','FL10*200',$,#1855,#1852,'ID3d62a432-8f64-4202-9eef-bf2befe695b3');
#1857= IFCSHAPEREPRESENTATION(#12,'Body','SweptSolid',(#1798));
#1858= IFCPRODUCTDEFINITIONSHAPE($,$,(#1857));
#1859= IFCCARTESIANPOINT((-10199.5688993931,-89533.8915281296,5.));
#1860= IFCAXIS2PLACEMENT3D(#1859,#85,#127);
#1861= IFCLOCALPLACEMENT(#1045,#1860);
#1862= IFCPLATE('3EUZhtsHnCGA93TYD98yGW',#753,'Plade','FL10*200',$,#1861,#1858,'IDce7a3af7-d91c-4c40-a243-76234923c420');
#1863= IFCSHAPEREPRESENTATION(#12,'Body','SweptSolid',(#1798));
#1864= IFCPRODUCTDEFINITIONSHAPE($,$,(#1863));
#1865= IFCCARTESIANPOINT((-10199.5687737465,-85333.8915281296,5.));
#1866= IFCAXIS2PLACEMENT3D(#1865,#85,#127);
#1867= IFCLOCALPLACEMENT(#1085,#1866);
#1868= IFCPLATE('3d_QjlEon8kQZEmcbYGvnC',#753,'Plade','FL10*200',$,#1867,#1864,'IDe7f9ab6f-3b2c-48b9-a8ce-c26962439c4c');
#1869= IFCSHAPEREPRESENTATION(#12,'Body','SweptSolid',(#1798));
#1870= IFCPRODUCTDEFINITIONSHAPE($,$,(#1869));
#1871= IFCCARTESIANPOINT((-10499.5684509277,-74733.8915281296,5.));
#1872= IFCAXIS2PLACEMENT3D(#1871,#85,#8);
#1873= IFCLOCALPLACEMENT(#1125,#1872);
#1874= IFCPLATE('1rnAl22kjEtADxrgpw2_iw',#753,'Plade','FL10*200',$,#1873,#1870,'ID75c4abc2-0aeb-4edc-a37b-d6acfa0beb3a');
#1875= IFCSHAPEREPRESENTATION(#12,'Body','SweptSolid',(#1798));
#1876= IFCPRODUCTDEFINITIONSHAPE($,$,(#1875));
#1877= IFCCARTESIANPOINT((-10499.5683250427,-70533.8915281296,5.));
#1878= IFCAXIS2PLACEMENT3D(#1877,#85,#8);
#1879= IFCLOCALPLACEMENT(#1165,#1878);
#1880= IFCPLATE('2sz2GgBo106ewFzrnd$_X7',#753,'Plade','FL10*200',$,#1879,#1876,'IDb6f4242a-2f20-401a-8e8f-f75c67ffe847');
#1881= IFCSHAPEREPRESENTATION(#12,'Body','SweptSolid',(#1798));
#1882= IFCPRODUCTDEFINITIONSHAPE($,$,(#1881));
#1883= IFCCARTESIANPOINT((-12699.5681724548,-65233.8914585114,5.));
#1884= IFCAXIS2PLACEMENT3D(#1883,#85,#7);
#1885= IFCLOCALPLACEMENT(#1205,#1884);
#1886= IFCPLATE('3XGNs1F7X1jhZXKQoDvFcC',#753,'Plade','FL10*200',$,#1885,#1882,'IDe1417d81-3c78-41b6-b8e1-51ac8de4f98c');
#1887= IFCSHAPEREPRESENTATION(#12,'Body','SweptSolid',(#1798));
#1888= IFCPRODUCTDEFINITIONSHAPE($,$,(#1887));
#1889= IFCCARTESIANPOINT((-17499.5681726933,-65233.8913164139,5.));
#1890= IFCAXIS2PLACEMENT3D(#1889,#85,#7);
#1891= IFCLOCALPLACEMENT(#1245,#1890);
#1892= IFCPLATE('0q8WRd3xbCF9SoWCPX0_6x',#753,'Plade','FL10*200',$,#1891,#1888,'ID342206e7-0fb9-4c3c-9732-80c66103e1bb');
#1893= IFCSHAPEREPRESENTATION(#12,'Body','SweptSolid',(#1798));
#1894= IFCPRODUCTDEFINITIONSHAPE($,$,(#1893));
#1895= IFCCARTESIANPOINT((-30499.5681724548,-65233.8909263611,5.));
#1896= IFCAXIS2PLACEMENT3D(#1895,#85,#7);
#1897= IFCLOCALPLACEMENT(#1285,#1896);
#1898= IFCPLATE('221cEhAonF8hwOuFGTo6oe',#753,'Plade','FL10*200',$,#1897,#1894,'ID820663ab-2b2c-4f22-be98-e0f41dc86ca8');
#1899= IFCSHAPEREPRESENTATION(#12,'Body','SweptSolid',(#1798));
#1900= IFCPRODUCTDEFINITIONSHAPE($,$,(#1899));
#1901= IFCCARTESIANPOINT((-44699.5681726933,-65233.890501976,5.));
#1902= IFCAXIS2PLACEMENT3D(#1901,#85,#7);
#1903= IFCLOCALPLACEMENT(#1405,#1902);
#1904= IFCPLATE('2YID6Y4oT27hmgxSJsXeTh',#753,'Plade','FL10*200',$,#1903,#1900,'IDa248d1a2-1327-421e-bc2a-edc4f686876b');
#1905= IFCSHAPEREPRESENTATION(#12,'Body','SweptSolid',(#1798));
#1906= IFCPRODUCTDEFINITIONSHAPE($,$,(#1905));
#1907= IFCCARTESIANPOINT((-40499.5681729317,-65233.8906269073,5.));
#1908= IFCAXIS2PLACEMENT3D(#1907,#85,#7);
#1909= IFCLOCALPLACEMENT(#1365,#1908);
#1910= IFCPLATE('3RLYNB$JLFJ8VLxKC7KkKS',#753,'Plade','FL10*200',$,#1909,#1906,'IDdb5625cb-fd35-4f4c-87d5-ed430752e51c');
#1911= IFCSHAPEREPRESENTATION(#12,'Body','SweptSolid',(#1485));
#1912= IFCPRODUCTDEFINITIONSHAPE($,$,(#1911));
#1913= IFCCARTESIANPOINT((-34519.5681729317,-65303.8908004761,1012.5));
#1914= IFCAXIS2PLACEMENT3D(#1913,#9,#155);
#1915= IFCLOCALPLACEMENT(#1325,#1914);
#1916= IFCPLATE('1fdDXATl9CAwPj_8ODGbCz',#753,'Plade','FL5*160',$,#1915,#1912,'ID699cd84a-76f2-4c2b-a66d-f8860d42533d');
#1917= IFCSHAPEREPRESENTATION(#12,'Body','MappedRepresentation',(#1648,#1651,#1654,#1657));
#1918= IFCPRODUCTDEFINITIONSHAPE($,$,(#1917));
#1919= IFCCARTESIANPOINT((-34549.5681729317,-65383.8908004761,10.));
#1920= IFCAXIS2PLACEMENT3D(#1919,#127,#155);
#1921= IFCLOCALPLACEMENT(#1325,#1920);
#1922= IFCMECHANICALFASTENER('32GnbBMg9FLRKEjZwWRPi0',#753,'Bolt assembly',$,$,#1921,#1918,'IDc243194b-5aa2-4f55-b50e-b63ea06d9b00',16.,100.);
#1923= IFCSHAPEREPRESENTATION(#12,'Body','SweptSolid',(#1798));
#1924= IFCPRODUCTDEFINITIONSHAPE($,$,(#1923));
#1925= IFCCARTESIANPOINT((-34699.5681729317,-65233.8908004761,5.));
#1926= IFCAXIS2PLACEMENT3D(#1925,#85,#7);
#1927= IFCLOCALPLACEMENT(#1325,#1926);
#1928= IFCPLATE('1y16iiibrAMw0eIEOxLhaW',#753,'Plade','FL10*200',$,#1927,#1924,'ID7c046b2c-b25d-4a5b-a028-48e63b56b920');
#1929= IFCOWNERHISTORY(#3,#4,$,.NOCHANGE.,$,$,$,1761235200);
#1930= IFCCIRCLEPROFILEDEF(.AREA.,$,#69,7.);
#1931= IFCCARTESIANPOINT((0.,-109.9,0.));
#1932= IFCAXIS2PLACEMENT3D(#1931,#8,#7);
#1933= IFCEXTRUDEDAREASOLID(#1930,#1932,#9,100.);
#1934= IFCSTYLEDITEM(#1933,(#66),$);
#1935= IFCCARTESIANPOINT((0.,-10.1,0.));
#1936= IFCAXIS2PLACEMENT3D(#1935,#8,#7);
#1937= IFCEXTRUDEDAREASOLID(#1930,#1936,#9,10.1);
#1938= IFCSTYLEDITEM(#1937,(#66),$);
#1939= IFCCARTESIANPOINT((9.,-5.19615242270663));
#1940= IFCCARTESIANPOINT((9.,5.19615242270663));
#1941= IFCCARTESIANPOINT((6.36345143234944E-16,10.3923048454133));
#1942= IFCCARTESIANPOINT((-9.,5.19615242270664));
#1943= IFCCARTESIANPOINT((-9.,-5.19615242270662));
#1944= IFCCARTESIANPOINT((-1.11392563243459E-14,-10.3923048454133));
#1945= IFCPOLYLINE((#1939,#1940,#1941,#1942,#1943,#1944,#1939));
#1946= IFCARBITRARYCLOSEDPROFILEDEF(.AREA.,$,#1945);
#1947= IFCCARTESIANPOINT((0.,-117.5,0.));
#1948= IFCAXIS2PLACEMENT3D(#1947,#8,#7);
#1949= IFCEXTRUDEDAREASOLID(#1946,#1948,#9,7.5);
#1950= IFCSTYLEDITEM(#1949,(#62),$);
#1951= IFCCIRCLEPROFILEDEF(.AREA.,$,#69,6.);
#1952= IFCCARTESIANPOINT((0.,-110.,0.));
#1953= IFCAXIS2PLACEMENT3D(#1952,#8,#7);
#1954= IFCEXTRUDEDAREASOLID(#1951,#1953,#9,130.);
#1955= IFCSTYLEDITEM(#1954,(#62),$);
#1956= IFCCIRCLEPROFILEDEF(.AREA.,$,#69,12.);
#1957= IFCEXTRUDEDAREASOLID(#1956,#71,#9,2.5);
#1958= IFCSTYLEDITEM(#1957,(#62),$);
#1959= IFCCARTESIANPOINT((0.,2.5,0.));
#1960= IFCAXIS2PLACEMENT3D(#1959,#8,#7);
#1961= IFCEXTRUDEDAREASOLID(#1946,#1960,#9,10.8);
#1962= IFCSTYLEDITEM(#1961,(#62),$);
#1963= IFCCARTESIANPOINT((-25.,0.,-26.));
#1964= IFCCARTESIANTRANSFORMATIONOPERATOR3D($,$,#1963,$,$);
#1965= IFCSHAPEREPRESENTATION(#12,'Body','SweptSolid',(#1933,#1937,#1949,#1954,#1957,#1961));
#1966= IFCREPRESENTATIONMAP(#10,#1965);
#1967= IFCMAPPEDITEM(#1966,#1964);
#1968= IFCCARTESIANPOINT((-25.,0.,25.9999999999854));
#1969= IFCCARTESIANTRANSFORMATIONOPERATOR3D($,$,#1968,$,$);
#1970= IFCMAPPEDITEM(#1966,#1969);
#1971= IFCCARTESIANPOINT((125.,0.,-26.));
#1972= IFCCARTESIANTRANSFORMATIONOPERATOR3D($,$,#1971,$,$);
#1973= IFCMAPPEDITEM(#1966,#1972);
#1974= IFCCARTESIANPOINT((125.,0.,25.9999999999854));
#1975= IFCCARTESIANTRANSFORMATIONOPERATOR3D($,$,#1974,$,$);
#1976= IFCMAPPEDITEM(#1966,#1975);
#1977= IFCSHAPEREPRESENTATION(#12,'Body','MappedRepresentation',(#1967,#1970,#1973,#1976));
#1978= IFCPRODUCTDEFINITIONSHAPE($,$,(#1977));
#1979= IFCCARTESIANPOINT((-50309.9990598488,-95438.9996665573,2380.81));
#1980= IFCAXIS2PLACEMENT3D(#1979,#8,#85);
#1981= IFCLOCALPLACEMENT(#108,#1980);
#1982= IFCMECHANICALFASTENER('3WN8F2w_bAnwuvd2gSMzVM',#1929,'Bolt assembly',$,$,#1981,#1978,'IDe05c83c2-ebe9-4ac7-ae39-9c2a9c5bd7d6',12.,130.);
#1983= IFCPROPERTYSINGLEVALUE('Washer diameter',$,IFCLENGTHMEASURE(12.),$);
#1984= IFCPROPERTYSINGLEVALUE('Washer name',$,IFCLABEL('Underlagsskive M12-NS-ISO 7089'),$);
#1985= IFCPROPERTYSINGLEVALUE('Nut name',$,IFCLABEL('6K-mutter M12-NS-ISO 4032'),$);
#1986= IFCPROPERTYSINGLEVALUE('Bolt hole diameter',$,IFCLENGTHMEASURE(14.),$);
#1987= IFCPROPERTYSINGLEVALUE('Bolt size',$,IFCLENGTHMEASURE(12.),$);
#1988= IFCPROPERTYSINGLEVALUE('Bolt length',$,IFCLENGTHMEASURE(130.),$);
#1989= IFCPROPERTYSINGLEVALUE('Bolt standard',$,IFCLABEL('ISO4014'),$);
#1990= IFCPROPERTYSET('1yK3bC7CLEDAK2eZlkpOqU',#5,'Tekla Bolt','Bolt Properties',(#1664,#1983,#92,#1984,#1668,#95,#1985,#97,#98,#1986,#100,#1671,#1987,#1988,#1989,#105));
#1991= IFCCOLOURRGB('Black',0.,0.,0.);
#1992= IFCSURFACESTYLERENDERING(#1991,0.,$,$,$,$,IFCNORMALISEDRATIOMEASURE(0.00390625),IFCSPECULAREXPONENT(10.),.NOTDEFINED.);
#1993= IFCSURFACESTYLE('STEEL/S355J2',.POSITIVE.,(#1992));
#1994= IFCPRESENTATIONSTYLEASSIGNMENT((#1993));
#1995= IFCCARTESIANPOINT((0.,-45.));
#1996= IFCCARTESIANPOINT((0.,45.));
#1997= IFCCARTESIANPOINT((190.,45.));
#1998= IFCCARTESIANPOINT((190.,-45.));
#1999= IFCPOLYLINE((#1995,#1996,#1997,#1998,#1995));
#2000= IFCARBITRARYCLOSEDPROFILEDEF(.AREA.,'FL10*90',#1999);
#2001= IFCEXTRUDEDAREASOLID(#2000,#1797,#9,10.);
#2002= IFCSHAPEREPRESENTATION(#12,'Body','SweptSolid',(#2001));
#2003= IFCSTYLEDITEM(#2001,(#1994),$);
#2004= IFCPRODUCTDEFINITIONSHAPE($,$,(#2002));
#2005= IFCCARTESIANPOINT((-50304.9990598488,-95438.9996665573,2235.81));
#2006= IFCAXIS2PLACEMENT3D(#2005,#155,#9);
#2007= IFCLOCALPLACEMENT(#108,#2006);
#2008= IFCPLATE('0WoYRfMMP7vAIf7UAceGlJ',#45,'Fladst\S\el','FL10*90',$,#2007,#2004,'ID20ca26e9-5966-47e4-a4a9-1de2a6a10bd3');
#2009= IFCPLATETYPE('0sEQm3J0z6cA7cb8GaiW7t',#5,'FL10*90',$,$,$,$,$,$,.NOTDEFINED.);
#2010= IFCPROPERTYSINGLEVALUE('Bottom elevation',$,IFCLABEL(' +2.236'),$);
#2011= IFCPROPERTYSINGLEVALUE('Top elevation',$,IFCLABEL(' +2.426'),$);
#2012= IFCPROPERTYSINGLEVALUE('Class',$,IFCLABEL('0'),$);
#2013= IFCPROPERTYSET('0S7gtQYgT0ye6w9yyDQPxG',#5,'Tekla Common','Common Properties to Shared building elements',(#1496,#2010,#2011,#1499,#1500,#1501,#2012));
#2014= IFCPROPERTYSINGLEVALUE('Weight',$,IFCMASSMEASURE(1.34),$);
#2015= IFCPROPERTYSINGLEVALUE('Gross footprint area',$,IFCAREAMEASURE(0.001),$);
#2016= IFCPROPERTYSINGLEVALUE('Area per tons',$,IFCAREAMEASURE(29.649),$);
#2017= IFCPROPERTYSINGLEVALUE('Net surface area',$,IFCAREAMEASURE(0.04),$);
#2018= IFCPROPERTYSINGLEVALUE('Height',$,IFCLENGTHMEASURE(90.),$);
#2019= IFCPROPERTYSINGLEVALUE('Length',$,IFCLENGTHMEASURE(190.),$);
#2020= IFCPROPERTYSET('1P9xOvDe9CPRky8L9gza0Y',#5,'Tekla Quantity','Quantity Properties to Shared building elements',(#2014,#1505,#2015,#2016,#2017,#2018,#1816,#2019));
#2021= IFCPROPERTYSINGLEVALUE('Reference',$,IFCIDENTIFIER('F70'),$);
#2022= IFCPROPERTYSET('3HZmSivjz9Ru41KoFq2Qv1',#5,'Pset_PlateCommon','Common Properties to plate elements',(#1513,#2021));
#2023= IFCQUANTITYLENGTH('Width',$,$,90.);
#2024= IFCQUANTITYAREA('NetArea',$,$,0.0398);
#2025= IFCQUANTITYAREA('GrossArea',$,$,0.0398);
#2026= IFCQUANTITYAREA('CrossSectionArea',$,$,0.0009);
#2027= IFCQUANTITYVOLUME('NetVolume',$,$,0.000171);
#2028= IFCQUANTITYVOLUME('GrossVolume',$,$,0.000171);
#2029= IFCELEMENTQUANTITY('3HEj7fsqL7SfXGu141oZz_',#5,'BaseQuantities',$,$,(#2023,#2024,#2025,#2026,#2027,#2028));
#2030= IFCOWNERHISTORY(#3,#4,$,.NOCHANGE.,$,$,$,1761224400);
#2031= IFCCARTESIANPOINT((-55.,0.,-26.));
#2032= IFCCARTESIANTRANSFORMATIONOPERATOR3D($,$,#2031,$,$);
#2033= IFCMAPPEDITEM(#1966,#2032);
#2034= IFCCARTESIANPOINT((-55.,0.,25.9999999999854));
#2035= IFCCARTESIANTRANSFORMATIONOPERATOR3D($,$,#2034,$,$);
#2036= IFCMAPPEDITEM(#1966,#2035);
#2037= IFCCARTESIANPOINT((155.,0.,-26.));
#2038= IFCCARTESIANTRANSFORMATIONOPERATOR3D($,$,#2037,$,$);
#2039= IFCMAPPEDITEM(#1966,#2038);
#2040= IFCCARTESIANPOINT((155.,0.,25.9999999999854));
#2041= IFCCARTESIANTRANSFORMATIONOPERATOR3D($,$,#2040,$,$);
#2042= IFCMAPPEDITEM(#1966,#2041);
#2043= IFCSHAPEREPRESENTATION(#12,'Body','MappedRepresentation',(#2033,#2036,#2039,#2042));
#2044= IFCPRODUCTDEFINITIONSHAPE($,$,(#2043));
#2045= IFCCARTESIANPOINT((-52699.9996665573,-95388.9996665573,2330.81));
#2046= IFCAXIS2PLACEMENT3D(#2045,#9,#127);
#2047= IFCLOCALPLACEMENT(#108,#2046);
#2048= IFCMECHANICALFASTENER('3IxOk9$anF4OzqKbkujgC4',#2030,'Bolt assembly',$,$,#2047,#2044,'IDd2ed8b89-fe4c-4f11-8f74-525bb8b6a304',12.,130.);
#2049= IFCCARTESIANPOINT((250.,45.));
#2050= IFCCARTESIANPOINT((250.,-45.));
#2051= IFCPOLYLINE((#1995,#1996,#2049,#2050,#1995));
#2052= IFCARBITRARYCLOSEDPROFILEDEF(.AREA.,'FL10*90',#2051);
#2053= IFCEXTRUDEDAREASOLID(#2052,#1797,#9,10.);
#2054= IFCSHAPEREPRESENTATION(#12,'Body','SweptSolid',(#2053));
#2055= IFCSTYLEDITEM(#2053,(#1994),$);
#2056= IFCPRODUCTDEFINITIONSHAPE($,$,(#2054));
#2057= IFCCARTESIANPOINT((-52704.9996665573,-95563.9996665573,2330.81));
#2058= IFCAXIS2PLACEMENT3D(#2057,#7,#8);
#2059= IFCLOCALPLACEMENT(#108,#2058);
#2060= IFCPLATE('3NZlTGuMb3BQQr5vnzLqD5',#45,'Fladst\S\el','FL10*90',$,#2059,#2056,'IDd78ef750-e169-432d-a6b5-179c7d574345');
#2061= IFCPROPERTYSINGLEVALUE('Bottom elevation',$,IFCLABEL(' +2.286'),$);
#2062= IFCPROPERTYSINGLEVALUE('Top elevation',$,IFCLABEL(' +2.376'),$);
#2063= IFCPROPERTYSET('35kkcJYSPDYO2QpIfOhFJx',#5,'Tekla Common','Common Properties to Shared building elements',(#1496,#2061,#2062,#1499,#1500,#1501,#2012));
#2064= IFCPROPERTYSINGLEVALUE('Weight',$,IFCMASSMEASURE(1.77),$);
#2065= IFCPROPERTYSINGLEVALUE('Gross footprint area',$,IFCAREAMEASURE(0.003),$);
#2066= IFCPROPERTYSINGLEVALUE('Area per tons',$,IFCAREAMEASURE(29.328),$);
#2067= IFCPROPERTYSINGLEVALUE('Net surface area',$,IFCAREAMEASURE(0.052),$);
#2068= IFCPROPERTYSINGLEVALUE('Length',$,IFCLENGTHMEASURE(250.),$);
#2069= IFCPROPERTYSET('0PW7PlX9nFZPRxaZUVSHVV',#5,'Tekla Quantity','Quantity Properties to Shared building elements',(#2064,#1505,#2065,#2066,#2067,#2018,#1816,#2068));
#2070= IFCPROPERTYSINGLEVALUE('Reference',$,IFCIDENTIFIER('F80'),$);
#2071= IFCPROPERTYSET('16TDuWvwz7culoU8kkFVD1',#5,'Pset_PlateCommon','Common Properties to plate elements',(#1513,#2070));
#2072= IFCQUANTITYAREA('NetArea',$,$,0.0518);
#2073= IFCQUANTITYAREA('GrossArea',$,$,0.0518);
#2074= IFCQUANTITYVOLUME('NetVolume',$,$,0.000225);
#2075= IFCQUANTITYVOLUME('GrossVolume',$,$,0.000225);
#2076= IFCELEMENTQUANTITY('2UlLWXUj1EPOVEcft5CslC',#5,'BaseQuantities',$,$,(#2023,#2072,#2073,#2026,#2074,#2075));
#2077= IFCCOLOURRGB('Dark Blue',0.117647058823529,0.262745098039216,0.513725490196078);
#2078= IFCSURFACESTYLERENDERING(#2077,0.,$,$,$,$,IFCNORMALISEDRATIOMEASURE(0.00390625),IFCSPECULAREXPONENT(10.),.NOTDEFINED.);
#2079= IFCSURFACESTYLE('STEEL/S355J2H',.POSITIVE.,(#2078));
#2080= IFCPRESENTATIONSTYLEASSIGNMENT((#2079));
#2081= IFCRECTANGLEHOLLOWPROFILEDEF(.AREA.,'RHS100X100X6',#69,100.,100.,6.,6.,12.);
#2082= IFCCARTESIANPOINT((2410.,0.,0.));
#2083= IFCAXIS2PLACEMENT3D(#2082,#155,#127);
#2084= IFCEXTRUDEDAREASOLID(#2081,#2083,#9,2410.);
#2085= IFCCARTESIANPOINT((2400.,50.,0.));
#2086= IFCAXIS2PLACEMENT3D(#2085,#155,#9);
#2087= IFCPLANE(#2086);
#2088= IFCHALFSPACESOLID(#2087,.T.);
#2089= IFCBOOLEANCLIPPINGRESULT(.DIFFERENCE.,#2084,#2088);
#2090= IFCCARTESIANPOINT((9.9993932914731,0.,-50.));
#2091= IFCAXIS2PLACEMENT3D(#2090,#7,#127);
#2092= IFCPLANE(#2091);
#2093= IFCHALFSPACESOLID(#2092,.T.);
#2094= IFCBOOLEANCLIPPINGRESULT(.DIFFERENCE.,#2089,#2093);
#2095= IFCSHAPEREPRESENTATION(#12,'Body','Clipping',(#2094));
#2096= IFCSTYLEDITEM(#2084,(#2080),$);
#2097= IFCPRODUCTDEFINITIONSHAPE($,$,(#2095));
#2098= IFCCARTESIANPOINT((-52709.9990598488,-95438.9996665573,2330.81));
#2099= IFCAXIS2PLACEMENT3D(#2098,#8,#7);
#2100= IFCLOCALPLACEMENT(#108,#2099);
#2101= IFCBEAM('1zCEC7slT8cApAXh8GZ6Kz',#45,'Drager','RHS100X100X6',$,#2100,#2097,'d38');
#2102= IFCBEAMTYPE('1E2R2MYU9DvhmFRA_qz0e5',#5,'RHS100X100X6',$,$,$,$,$,$,.NOTDEFINED.);
#2103= IFCPROPERTYSINGLEVALUE('Bottom elevation',$,IFCLABEL(' +2.281'),$);
#2104= IFCPROPERTYSINGLEVALUE('Top elevation',$,IFCLABEL(' +2.381'),$);
#2105= IFCPROPERTYSINGLEVALUE('Class',$,IFCLABEL('4'),$);
#2106= IFCPROPERTYSET('2weuDFrzz3EgIdFs67w$E6',#5,'Tekla Common','Common Properties to Shared building elements',(#1496,#2103,#2104,#1499,#1500,#1501,#2105));
#2107= IFCPROPERTYSINGLEVALUE('Weight',$,IFCMASSMEASURE(40.42),$);
#2108= IFCPROPERTYSINGLEVALUE('Volume',$,IFCVOLUMEMEASURE(0.005),$);
#2109= IFCPROPERTYSINGLEVALUE('Gross footprint area',$,IFCAREAMEASURE(0.239),$);
#2110= IFCPROPERTYSINGLEVALUE('Area per tons',$,IFCAREAMEASURE(22.711),$);
#2111= IFCPROPERTYSINGLEVALUE('Net surface area',$,IFCAREAMEASURE(0.918),$);
#2112= IFCPROPERTYSINGLEVALUE('Height',$,IFCLENGTHMEASURE(100.),$);
#2113= IFCPROPERTYSINGLEVALUE('Width',$,IFCLENGTHMEASURE(100.),$);
#2114= IFCPROPERTYSINGLEVALUE('Length',$,IFCLENGTHMEASURE(2390.),$);
#2115= IFCPROPERTYSET('30U34Kh5zEOQ5wi91V8YKV',#5,'Tekla Quantity','Quantity Properties to Shared building elements',(#2107,#2108,#2109,#2110,#2111,#2112,#2113,#2114));
#2116= IFCPROPERTYSINGLEVALUE('Reference',$,IFCIDENTIFIER('d38'),$);
#2117= IFCPROPERTYSET('3sRzuTaRb89R2JUFbsQR4K',#5,'Pset_BeamCommon','Common Properties to beam elements',(#1513,#2116));
#2118= IFCQUANTITYLENGTH('Length',$,$,2390.00060670853);
#2119= IFCQUANTITYAREA('OuterSurfaceArea',$,$,0.918084497301734);
#2120= IFCQUANTITYVOLUME('NetVolume',$,$,0.00514958728773415);
#2121= IFCQUANTITYWEIGHT('NetWeight',$,$,40.4242602087131);
#2122= IFCELEMENTQUANTITY('0TqcBDpdn0LgRU39wwq0Lp',#5,'BaseQuantities',$,$,(#2118,#2119,#2120,#2121));
#2123= IFCMATERIAL('STEEL/S355J2H');
#2124= IFCSHAPEREPRESENTATION(#12,'Body','MappedRepresentation',(#1967,#1970,#1973,#1976));
#2125= IFCPRODUCTDEFINITIONSHAPE($,$,(#2124));
#2126= IFCCARTESIANPOINT((-27699.9987494481,-64628.9981766939,2380.99995231516));
#2127= IFCAXIS2PLACEMENT3D(#2126,#127,#85);
#2128= IFCLOCALPLACEMENT(#721,#2127);
#2129= IFCMECHANICALFASTENER('0iiT1Z5vz3Cxy6tpTpp1W7',#1929,'Bolt assembly',$,$,#2128,#2125,'ID2cb1d063-179f-4333-bf06-df3773cc1807',12.,130.);
#2130= IFCSHAPEREPRESENTATION(#12,'Body','SweptSolid',(#2001));
#2131= IFCPRODUCTDEFINITIONSHAPE($,$,(#2130));
#2132= IFCCARTESIANPOINT((-27704.9987494481,-64628.9981766939,2235.99995231516));
#2133= IFCAXIS2PLACEMENT3D(#2132,#7,#9);
#2134= IFCLOCALPLACEMENT(#721,#2133);
#2135= IFCPLATE('1Jvc1LA2XEovwZjpdKCUKO',#45,'Fladst\S\el','FL10*90',$,#2134,#2131,'ID53e66055-2828-4ecb-9ea3-b739d431e518');
#2136= IFCSHAPEREPRESENTATION(#12,'Body','MappedRepresentation',(#2033,#2036,#2039,#2042));
#2137= IFCPRODUCTDEFINITIONSHAPE($,$,(#2136));
#2138= IFCCARTESIANPOINT((-25310.0018233061,-64578.9981766939,2330.99995231516));
#2139= IFCAXIS2PLACEMENT3D(#2138,#85,#127);
#2140= IFCLOCALPLACEMENT(#721,#2139);
#2141= IFCMECHANICALFASTENER('22DxjewDH6Wg1od5kmj3wL',#2030,'Bolt assembly',$,$,#2140,#2137,'ID8237bb68-e8d4-4682-a072-9c5bb0b43e95',12.,130.);
#2142= IFCSHAPEREPRESENTATION(#12,'Body','SweptSolid',(#2053));
#2143= IFCPRODUCTDEFINITIONSHAPE($,$,(#2142));
#2144= IFCCARTESIANPOINT((-25305.0018233061,-64753.9981766939,2330.99995231516));
#2145= IFCAXIS2PLACEMENT3D(#2144,#155,#8);
#2146= IFCLOCALPLACEMENT(#721,#2145);
#2147= IFCPLATE('3fY8fAzKLDKf8WzVlzAiqO',#45,'Fladst\S\el','FL10*90',$,#2146,#2143,'IDe9888a4a-f545-4d52-9220-f5fbfd2acd18');
#2148= IFCCARTESIANPOINT((2399.99669386268,0.,-50.));
#2149= IFCAXIS2PLACEMENT3D(#2148,#155,#8);
#2150= IFCPLANE(#2149);
#2151= IFCHALFSPACESOLID(#2150,.T.);
#2152= IFCBOOLEANCLIPPINGRESULT(.DIFFERENCE.,#2084,#2151);
#2153= IFCCARTESIANPOINT((9.99976772068476,50.,0.));
#2154= IFCAXIS2PLACEMENT3D(#2153,#7,#85);
#2155= IFCPLANE(#2154);
#2156= IFCHALFSPACESOLID(#2155,.T.);
#2157= IFCBOOLEANCLIPPINGRESULT(.DIFFERENCE.,#2152,#2156);
#2158= IFCSHAPEREPRESENTATION(#12,'Body','Clipping',(#2157));
#2159= IFCPRODUCTDEFINITIONSHAPE($,$,(#2158));
#2160= IFCCARTESIANPOINT((-25300.0020555854,-64628.9981766939,2330.99995231516));
#2161= IFCAXIS2PLACEMENT3D(#2160,#9,#155);
#2162= IFCLOCALPLACEMENT(#721,#2161);
#2163= IFCBEAM('04FPoWgqn6DQ4KRjovceKL',#45,'Drager','RHS100X100X6',$,#2162,#2159,'d38');
#2164= IFCQUANTITYLENGTH('Length',$,$,2389.996926142);
#2165= IFCQUANTITYAREA('OuterSurfaceArea',$,$,0.918083086994731);
#2166= IFCQUANTITYVOLUME('NetVolume',$,$,0.00514957935744387);
#2167= IFCQUANTITYWEIGHT('NetWeight',$,$,40.4241979559344);
#2168= IFCELEMENTQUANTITY('3Mc68SzK51bxkdwNZ$W$cn',#5,'BaseQuantities',$,$,(#2164,#2165,#2166,#2167));
#2169= IFCLOCALPLACEMENT(#42,#10);
#2170= IFCELEMENTASSEMBLY('1tuAuvj3v2jx_uhlEEEegS',#45,'L\S\xsdele',$,$,#2169,$,'l6',.NOTDEFINED.,.NOTDEFINED.);
#2171= IFCPROPERTYSINGLEVALUE('Assembly/Cast unit weight',$,IFCMASSMEASURE(2.7),$);
#2172= IFCPROPERTYSINGLEVALUE('Assembly/Cast unit bottom elevation',$,IFCLABEL(' +1.970'),$);
#2173= IFCPROPERTYSINGLEVALUE('Assembly/Cast unit top elevation',$,IFCLABEL(' +2.090'),$);
#2174= IFCPROPERTYSINGLEVALUE('Assembly/Cast unit Mark',$,IFCLABEL('l6'),$);
#2175= IFCPROPERTYSET('2nD9saCQHDB8C46PRh0U29',#5,'Tekla Assembly','Assembly Properties',(#48,#49,#50,#2171,#2172,#2173,#677,#2174));
#2176= IFCQUANTITYLENGTH('Width',$,$,10.);
#2177= IFCELEMENTQUANTITY('3lnR5IT092fgw8at_UIeaN',#5,'BaseQuantities',$,$,(#2176));
#2178= IFCCIRCLEPROFILEDEF(.AREA.,$,#69,9.);
#2179= IFCCARTESIANPOINT((0.,0.0999999999563443,0.));
#2180= IFCAXIS2PLACEMENT3D(#2179,#8,#7);
#2181= IFCEXTRUDEDAREASOLID(#2178,#2180,#9,10.);
#2182= IFCSTYLEDITEM(#2181,(#66),$);
#2183= IFCEXTRUDEDAREASOLID(#2178,#1629,#9,15.);
#2184= IFCSTYLEDITEM(#2183,(#66),$);
#2185= IFCCARTESIANPOINT((0.,24.8999999999563,0.));
#2186= IFCAXIS2PLACEMENT3D(#2185,#8,#7);
#2187= IFCEXTRUDEDAREASOLID(#2178,#2186,#9,10.1);
#2188= IFCSTYLEDITEM(#2187,(#66),$);
#2189= IFCEXTRUDEDAREASOLID(#1619,#824,#9,10.);
#2190= IFCSTYLEDITEM(#2189,(#62),$);
#2191= IFCEXTRUDEDAREASOLID(#1624,#71,#9,60.);
#2192= IFCSTYLEDITEM(#2191,(#62),$);
#2193= IFCCIRCLEPROFILEDEF(.AREA.,$,#69,15.);
#2194= IFCCARTESIANPOINT((0.,34.9999999999563,0.));
#2195= IFCAXIS2PLACEMENT3D(#2194,#8,#7);
#2196= IFCEXTRUDEDAREASOLID(#2193,#2195,#9,3.);
#2197= IFCSTYLEDITEM(#2196,(#62),$);
#2198= IFCCARTESIANPOINT((0.,37.9999999999563,0.));
#2199= IFCAXIS2PLACEMENT3D(#2198,#8,#7);
#2200= IFCEXTRUDEDAREASOLID(#1619,#2199,#9,14.8);
#2201= IFCSTYLEDITEM(#2200,(#62),$);
#2202= IFCCARTESIANPOINT((0.,0.,-30.));
#2203= IFCCARTESIANTRANSFORMATIONOPERATOR3D($,$,#2202,$,$);
#2204= IFCSHAPEREPRESENTATION(#12,'Body','SweptSolid',(#2181,#2183,#2187,#2189,#2191,#2196,#2200));
#2205= IFCREPRESENTATIONMAP(#10,#2204);
#2206= IFCMAPPEDITEM(#2205,#2203);
#2207= IFCCARTESIANPOINT((0.,0.,30.));
#2208= IFCCARTESIANTRANSFORMATIONOPERATOR3D($,$,#2207,$,$);
#2209= IFCMAPPEDITEM(#2205,#2208);
#2210= IFCSHAPEREPRESENTATION(#12,'Body','MappedRepresentation',(#2206,#2209));
#2211= IFCPRODUCTDEFINITIONSHAPE($,$,(#2210));
#2212= IFCCARTESIANPOINT((-27705.0012505519,-64963.9970463896,2030.00483149167));
#2213= IFCAXIS2PLACEMENT3D(#2212,#85,#8);
#2214= IFCLOCALPLACEMENT(#2169,#2213);
#2215= IFCMECHANICALFASTENER('2hDFg01AnESvorIasap3PL',#2030,'Bolt assembly',$,$,#2214,#2211,'IDab34fa80-04ac-4e73-9cb5-4a4da4cc3655',16.,60.);
#2216= IFCPROPERTYSINGLEVALUE('Washer count',$,IFCINTEGER(2),$);
#2217= IFCPROPERTYSINGLEVALUE('Washer name',$,IFCLABEL('Underlagsskive M16-NS-ISO 7089'),$);
#2218= IFCPROPERTYSINGLEVALUE('Nut count',$,IFCINTEGER(2),$);
#2219= IFCPROPERTYSINGLEVALUE('Nut name',$,IFCLABEL('6K-mutter M16-NS-ISO 4032'),$);
#2220= IFCPROPERTYSINGLEVALUE('Bolt hole diameter',$,IFCLENGTHMEASURE(18.),$);
#2221= IFCPROPERTYSINGLEVALUE('Bolt length',$,IFCLENGTHMEASURE(60.),$);
#2222= IFCPROPERTYSET('3BeDCbsEH1vBWgv2dA9y9D',#5,'Tekla Bolt','Bolt Properties',(#2216,#1665,#92,#2217,#2218,#95,#2219,#97,#98,#2220,#100,#101,#1672,#2221,#104,#105));
#2223= IFCEXTRUDEDAREASOLID(#2178,#1629,#9,10.);
#2224= IFCSTYLEDITEM(#2223,(#66),$);
#2225= IFCCARTESIANPOINT((0.,19.9957958375926,0.));
#2226= IFCAXIS2PLACEMENT3D(#2225,#8,#7);
#2227= IFCEXTRUDEDAREASOLID(#2178,#2226,#9,5.);
#2228= IFCSTYLEDITEM(#2227,(#66),$);
#2229= IFCSHAPEREPRESENTATION(#12,'Body','SweptSolid',(#2181,#2223,#2227,#2187,#2189,#2191,#2196,#2200));
#2230= IFCREPRESENTATIONMAP(#10,#2229);
#2231= IFCMAPPEDITEM(#2230,#2203);
#2232= IFCMAPPEDITEM(#2230,#2208);
#2233= IFCSHAPEREPRESENTATION(#12,'Body','MappedRepresentation',(#2231,#2232));
#2234= IFCPRODUCTDEFINITIONSHAPE($,$,(#2233));
#2235= IFCCARTESIANPOINT((-27670.001250552,-64738.9970463896,2030.00483149169));
#2236= IFCAXIS2PLACEMENT3D(#2235,#85,#127);
#2237= IFCLOCALPLACEMENT(#674,#2236);
#2238= IFCMECHANICALFASTENER('2X5Ai7Woz8VASO3FASqASG',#2030,'Bolt assembly',$,$,#2237,#2234,'IDa114ab07-832f-487c-a718-0cf29cd0a710',16.,60.);
#2239= IFCCARTESIANPOINT((0.,-60.));
#2240= IFCCARTESIANPOINT((0.,60.));
#2241= IFCCARTESIANPOINT((60.,60.));
#2242= IFCCARTESIANPOINT((60.,-60.));
#2243= IFCPOLYLINE((#2239,#2240,#2241,#2242,#2239));
#2244= IFCARBITRARYCLOSEDPROFILEDEF(.AREA.,'FL5*60',#2243);
#2245= IFCEXTRUDEDAREASOLID(#2244,#1484,#9,5.);
#2246= IFCSHAPEREPRESENTATION(#12,'Body','SweptSolid',(#2245));
#2247= IFCSTYLEDITEM(#2245,(#1448),$);
#2248= IFCPRODUCTDEFINITIONSHAPE($,$,(#2246));
#2249= IFCCARTESIANPOINT((-27692.4970463896,-64708.9987494481,2030.00483149168));
#2250= IFCDIRECTION((0.999999997545028,-7.00709999801703E-05,0.));
#2251= IFCDIRECTION((-7.00709999801703E-05,-0.999999997545028,0.));
#2252= IFCAXIS2PLACEMENT3D(#2249,#2250,#2251);
#2253= IFCLOCALPLACEMENT(#674,#2252);
#2254= IFCPLATE('3gwIBGlLPD19uiJ3ITY3Qk',#45,'Fladst\S\el','FL5*60',$,#2253,#2248,'IDeae922d0-bd56-4d04-9e2c-4c349d8836ae');
#2255= IFCPLATETYPE('2I2pigIu587viksqQmMkks',#5,'FL5*60',$,$,$,$,$,$,.NOTDEFINED.);
#2256= IFCPROPERTYSINGLEVALUE('Bottom elevation',$,IFCLABEL(' +1.970'),$);
#2257= IFCPROPERTYSINGLEVALUE('Top elevation',$,IFCLABEL(' +2.090'),$);
#2258= IFCPROPERTYSET('1Boq88wSzAoBafRWT2pZzz',#5,'Tekla Common','Common Properties to Shared building elements',(#1496,#2256,#2257,#1499,#1500,#1501,#1502));
#2259= IFCPROPERTYSINGLEVALUE('Weight',$,IFCMASSMEASURE(0.28),$);
#2260= IFCPROPERTYSINGLEVALUE('Gross footprint area',$,IFCAREAMEASURE(0.),$);
#2261= IFCPROPERTYSINGLEVALUE('Area per tons',$,IFCAREAMEASURE(57.325),$);
#2262= IFCPROPERTYSINGLEVALUE('Net surface area',$,IFCAREAMEASURE(0.016),$);
#2263= IFCPROPERTYSINGLEVALUE('Height',$,IFCLENGTHMEASURE(60.),$);
#2264= IFCPROPERTYSINGLEVALUE('Length',$,IFCLENGTHMEASURE(120.),$);
#2265= IFCPROPERTYSET('02870kvX17m8HgoX_ADz6O',#5,'Tekla Quantity','Quantity Properties to Shared building elements',(#2259,#1505,#2260,#2261,#2262,#2263,#1510,#2264));
#2266= IFCPROPERTYSINGLEVALUE('Reference',$,IFCIDENTIFIER('F79'),$);
#2267= IFCPROPERTYSET('29Wot_AaD5f8SxNifhvEdS',#5,'Pset_PlateCommon','Common Properties to plate elements',(#1513,#2266));
#2268= IFCQUANTITYLENGTH('Width',$,$,60.);
#2269= IFCQUANTITYAREA('NetArea',$,$,0.0162);
#2270= IFCQUANTITYAREA('GrossArea',$,$,0.0162);
#2271= IFCQUANTITYAREA('CrossSectionArea',$,$,0.0006);
#2272= IFCQUANTITYVOLUME('NetVolume',$,$,3.6E-05);
#2273= IFCQUANTITYVOLUME('GrossVolume',$,$,3.6E-05);
#2274= IFCELEMENTQUANTITY('0BywAVoqf358r8kDxGLpkZ',#5,'BaseQuantities',$,$,(#2268,#2269,#2270,#2271,#2272,#2273));
#2275= IFCLOCALPLACEMENT(#42,#10);
#2276= IFCELEMENTASSEMBLY('0Pm_LWter4ghizkyFmJ00l',#45,'L\S\xsdele',$,$,#2275,$,'l6',.NOTDEFINED.,.NOTDEFINED.);
#2277= IFCCARTESIANPOINT((285.,60.));
#2278= IFCCARTESIANPOINT((285.,-60.));
#2279= IFCPOLYLINE((#2239,#2240,#2277,#2278,#2239));
#2280= IFCARBITRARYCLOSEDPROFILEDEF(.AREA.,'FL10*120',#2279);
#2281= IFCEXTRUDEDAREASOLID(#2280,#1797,#9,10.);
#2282= IFCSHAPEREPRESENTATION(#12,'Body','SweptSolid',(#2281));
#2283= IFCSTYLEDITEM(#2281,(#1448),$);
#2284= IFCPRODUCTDEFINITIONSHAPE($,$,(#2282));
#2285= IFCCARTESIANPOINT((-27675.001250552,-64993.9970463896,2030.00483149168));
#2286= IFCAXIS2PLACEMENT3D(#2285,#7,#8);
#2287= IFCLOCALPLACEMENT(#2275,#2286);
#2288= IFCPLATE('0PS1pBJELAUe4UVclaIVvf',#45,'L\S\xsdele','FL10*120',$,#2287,#2284,'l6');
#2289= IFCPLATETYPE('1WpYmu5rLBy9C1LSCcVl6P',#5,'FL10*120',$,$,$,$,$,$,.NOTDEFINED.);
#2290= IFCPROPERTYSINGLEVALUE('Weight',$,IFCMASSMEASURE(2.68),$);
#2291= IFCPROPERTYSINGLEVALUE('Area per tons',$,IFCAREAMEASURE(28.495),$);
#2292= IFCPROPERTYSINGLEVALUE('Net surface area',$,IFCAREAMEASURE(0.077),$);
#2293= IFCPROPERTYSINGLEVALUE('Height',$,IFCLENGTHMEASURE(120.),$);
#2294= IFCPROPERTYSINGLEVALUE('Length',$,IFCLENGTHMEASURE(285.),$);
#2295= IFCPROPERTYSET('32R4Yi5PH40u1ABeQ1qP8$',#5,'Tekla Quantity','Quantity Properties to Shared building elements',(#2290,#1505,#2065,#2291,#2292,#2293,#1816,#2294));
#2296= IFCPROPERTYSINGLEVALUE('Reference',$,IFCIDENTIFIER('l6'),$);
#2297= IFCPROPERTYSET('2qguo8I01CqvXNufO3lcwT',#5,'Pset_PlateCommon','Common Properties to plate elements',(#1513,#2296));
#2298= IFCQUANTITYAREA('NetArea',$,$,0.0765);
#2299= IFCQUANTITYAREA('GrossArea',$,$,0.0765);
#2300= IFCQUANTITYAREA('CrossSectionArea',$,$,0.0012);
#2301= IFCQUANTITYVOLUME('NetVolume',$,$,0.000342);
#2302= IFCQUANTITYVOLUME('GrossVolume',$,$,0.000342);
#2303= IFCELEMENTQUANTITY('2Hiu_RKpX5$Q8bp8MIXIQI',#5,'BaseQuantities',$,$,(#206,#2298,#2299,#2300,#2301,#2302));
#2304= IFCSHAPEREPRESENTATION(#12,'Body','SweptSolid',(#2281));
#2305= IFCPRODUCTDEFINITIONSHAPE($,$,(#2304));
#2306= IFCCARTESIANPOINT((-27700.001250552,-64993.9970463896,2030.00483149168));
#2307= IFCAXIS2PLACEMENT3D(#2306,#7,#8);
#2308= IFCLOCALPLACEMENT(#2169,#2307);
#2309= IFCPLATE('28xodBxfj6s8k8WI7Lf34B',#45,'L\S\xsdele','FL10*120',$,#2308,#2305,'l6');
#2310= IFCCOLOURRGB('Light Yellow',1.,0.898039215686275,0.);
#2311= IFCSURFACESTYLERENDERING(#2310,0.,$,$,$,$,IFCNORMALISEDRATIOMEASURE(0.00390625),IFCSPECULAREXPONENT(10.),.NOTDEFINED.);
#2312= IFCSURFACESTYLE('STEEL/S355J2',.POSITIVE.,(#2311));
#2313= IFCPRESENTATIONSTYLEASSIGNMENT((#2312));
#2314= IFCLSHAPEPROFILEDEF(.AREA.,'L100*10',#69,100.,100.,10.,12.,6.,$,$,$);
#2315= IFCCARTESIANPOINT((120.,0.,0.));
#2316= IFCAXIS2PLACEMENT3D(#2315,#155,#127);
#2317= IFCEXTRUDEDAREASOLID(#2314,#2316,#9,120.);
#2318= IFCSHAPEREPRESENTATION(#12,'Body','SweptSolid',(#2317));
#2319= IFCSTYLEDITEM(#2317,(#2313),$);
#2320= IFCPRODUCTDEFINITIONSHAPE($,$,(#2318));
#2321= IFCCARTESIANPOINT((-27730.0012505519,-64728.9970463896,2090.00483149169));
#2322= IFCAXIS2PLACEMENT3D(#2321,#127,#85);
#2323= IFCLOCALPLACEMENT(#674,#2322);
#2324= IFCBEAM('0tFvUpsUvBhuWFDXyyiLS$',#45,'Drager','L100*10',$,#2323,#2320,'ID373f97b3-d9ee-4baf-880f-361f3cb1573f');
#2325= IFCBEAMTYPE('2nN0Lawjr2fe9qQqljYapb',#5,'L100*10',$,$,$,$,$,$,.NOTDEFINED.);
#2326= IFCPROPERTYSINGLEVALUE('Class',$,IFCLABEL('6'),$);
#2327= IFCPROPERTYSET('2C9oJPZ5TBPgUQ0AhQSbY0',#5,'Tekla Common','Common Properties to Shared building elements',(#1496,#2256,#2257,#1499,#1500,#1501,#2326));
#2328= IFCPROPERTYSINGLEVALUE('Weight',$,IFCMASSMEASURE(1.81),$);
#2329= IFCPROPERTYSINGLEVALUE('Gross footprint area',$,IFCAREAMEASURE(0.002),$);
#2330= IFCPROPERTYSINGLEVALUE('Area per tons',$,IFCAREAMEASURE(25.876),$);
#2331= IFCPROPERTYSINGLEVALUE('Net surface area',$,IFCAREAMEASURE(0.051),$);
#2332= IFCPROPERTYSET('3U0b9fJj15pvrvPTIwUx1H',#5,'Tekla Quantity','Quantity Properties to Shared building elements',(#2328,#1505,#2329,#2330,#2331,#2112,#2113,#2264));
#2333= IFCPROPERTYSINGLEVALUE('Reference',$,IFCIDENTIFIER('D41'),$);
#2334= IFCPROPERTYSET('3pikOlig5E8R1tXQ5l7QDD',#5,'Pset_BeamCommon','Common Properties to beam elements',(#1513,#2333));
#2335= IFCQUANTITYLENGTH('Length',$,$,120.);
#2336= IFCQUANTITYAREA('OuterSurfaceArea',$,$,0.0468);
#2337= IFCQUANTITYVOLUME('NetVolume',$,$,0.000230027230288731);
#2338= IFCQUANTITYWEIGHT('NetWeight',$,$,1.80571375776654);
#2339= IFCELEMENTQUANTITY('00dVxa7cX1uODHPbenj90I',#5,'BaseQuantities',$,$,(#2335,#2336,#2337,#2338));
#2340= IFCSHAPEREPRESENTATION(#12,'Body','MappedRepresentation',(#2231,#2232));
#2341= IFCPRODUCTDEFINITIONSHAPE($,$,(#2340));
#2342= IFCCARTESIANPOINT((-25339.998749448,-64738.9970463896,2030.00483149169));
#2343= IFCAXIS2PLACEMENT3D(#2342,#9,#127);
#2344= IFCLOCALPLACEMENT(#662,#2343);
#2345= IFCMECHANICALFASTENER('3KQxSkfH50kwlAseRwxjaV',#2030,'Bolt assembly',$,$,#2344,#2341,'IDd46bb72e-a511-40bb-abca-da86faeed91f',16.,60.);
#2346= IFCLOCALPLACEMENT(#42,#10);
#2347= IFCELEMENTASSEMBLY('1kb7V9b6j2LQqvDkZKcn60',#45,'L\S\xsdele',$,$,#2346,$,'l6',.NOTDEFINED.,.NOTDEFINED.);
#2348= IFCPROPERTYSET('3BGcZeIMT3K9w0SV1Dpfl7',#5,'Tekla Assembly','Assembly Properties',(#48,#49,#50,#2171,#2172,#2173,#664,#2174));
#2349= IFCSHAPEREPRESENTATION(#12,'Body','MappedRepresentation',(#2206,#2209));
#2350= IFCPRODUCTDEFINITIONSHAPE($,$,(#2349));
#2351= IFCCARTESIANPOINT((-25304.9987494481,-64963.9970463896,2030.00483149167));
#2352= IFCAXIS2PLACEMENT3D(#2351,#9,#8);
#2353= IFCLOCALPLACEMENT(#2346,#2352);
#2354= IFCMECHANICALFASTENER('2xYhsLFpnDs9XS8yzUwEY6',#2030,'Bolt assembly',$,$,#2353,#2350,'IDbb8abd95-3f3c-4dd8-985c-23cf5ee8e886',16.,60.);
#2355= IFCLOCALPLACEMENT(#42,#10);
#2356= IFCELEMENTASSEMBLY('0S5TWz1F1CWgvfLa2e91hQ',#45,'L\S\xsdele',$,$,#2355,$,'l6',.NOTDEFINED.,.NOTDEFINED.);
#2357= IFCSHAPEREPRESENTATION(#12,'Body','SweptSolid',(#2281));
#2358= IFCPRODUCTDEFINITIONSHAPE($,$,(#2357));
#2359= IFCCARTESIANPOINT((-25334.998749448,-64993.9970463896,2030.00483149168));
#2360= IFCAXIS2PLACEMENT3D(#2359,#7,#8);
#2361= IFCLOCALPLACEMENT(#2355,#2360);
#2362= IFCPLATE('2KyJ7ZUXn5lRsgR6GW1X5_',#45,'L\S\xsdele','FL10*120',$,#2361,#2358,'l6');
#2363= IFCSHAPEREPRESENTATION(#12,'Body','SweptSolid',(#2281));
#2364= IFCPRODUCTDEFINITIONSHAPE($,$,(#2363));
#2365= IFCCARTESIANPOINT((-25309.998749448,-64993.9970463896,2030.00483149168));
#2366= IFCAXIS2PLACEMENT3D(#2365,#7,#8);
#2367= IFCLOCALPLACEMENT(#2346,#2366);
#2368= IFCPLATE('1vBjxCDfD8KvPN9EZW4u4X',#45,'L\S\xsdele','FL10*120',$,#2367,#2364,'l6');
#2369= IFCSHAPEREPRESENTATION(#12,'Body','SweptSolid',(#2245));
#2370= IFCPRODUCTDEFINITIONSHAPE($,$,(#2369));
#2371= IFCCARTESIANPOINT((-25317.5029536104,-64708.9987494481,2030.00483149168));
#2372= IFCDIRECTION((0.999999997545028,7.00709999801703E-05,0.));
#2373= IFCDIRECTION((7.00709999801703E-05,-0.999999997545028,0.));
#2374= IFCAXIS2PLACEMENT3D(#2371,#2372,#2373);
#2375= IFCLOCALPLACEMENT(#662,#2374);
#2376= IFCPLATE('1Y8SCc_yf3QAsDovejN0bw',#45,'Fladst\S\el','FL5*60',$,#2375,#2370,'ID6221c326-fbca-4368-ad8d-cb9a2d5c097a');
#2377= IFCSHAPEREPRESENTATION(#12,'Body','SweptSolid',(#2317));
#2378= IFCPRODUCTDEFINITIONSHAPE($,$,(#2377));
#2379= IFCCARTESIANPOINT((-25279.9987494481,-64728.9970463896,1970.00483149169));
#2380= IFCAXIS2PLACEMENT3D(#2379,#127,#9);
#2381= IFCLOCALPLACEMENT(#662,#2380);
#2382= IFCBEAM('3SIpgqqOrBQvHBAuoQz7ah',#45,'Drager','L100*10',$,#2381,#2378,'IDdc4b3ab4-d18d-4b6b-944b-2b8c9af4792b');
#2383= IFCCARTESIANPOINT((0.,-34.8999999247593,0.));
#2384= IFCAXIS2PLACEMENT3D(#2383,#8,#7);
#2385= IFCEXTRUDEDAREASOLID(#2178,#2384,#9,10.);
#2386= IFCSTYLEDITEM(#2385,(#66),$);
#2387= IFCCARTESIANPOINT((0.,-24.9978084539536,0.));
#2388= IFCAXIS2PLACEMENT3D(#2387,#8,#7);
#2389= IFCEXTRUDEDAREASOLID(#2178,#2388,#9,10.);
#2390= IFCSTYLEDITEM(#2389,(#66),$);
#2391= IFCCARTESIANPOINT((0.,-14.9978084540409,0.));
#2392= IFCAXIS2PLACEMENT3D(#2391,#8,#7);
#2393= IFCEXTRUDEDAREASOLID(#2178,#2392,#9,5.);
#2394= IFCSTYLEDITEM(#2393,(#66),$);
#2395= IFCEXTRUDEDAREASOLID(#2178,#1936,#9,10.1);
#2396= IFCSTYLEDITEM(#2395,(#66),$);
#2397= IFCCARTESIANPOINT((0.,-44.9999999247593,0.));
#2398= IFCAXIS2PLACEMENT3D(#2397,#8,#7);
#2399= IFCEXTRUDEDAREASOLID(#1619,#2398,#9,10.);
#2400= IFCSTYLEDITEM(#2399,(#62),$);
#2401= IFCCARTESIANPOINT((0.,-34.9999999247593,0.));
#2402= IFCAXIS2PLACEMENT3D(#2401,#8,#7);
#2403= IFCEXTRUDEDAREASOLID(#1624,#2402,#9,60.);
#2404= IFCSTYLEDITEM(#2403,(#62),$);
#2405= IFCEXTRUDEDAREASOLID(#2193,#71,#9,3.);
#2406= IFCSTYLEDITEM(#2405,(#62),$);
#2407= IFCCARTESIANPOINT((0.,3.00000007524068,0.));
#2408= IFCAXIS2PLACEMENT3D(#2407,#8,#7);
#2409= IFCEXTRUDEDAREASOLID(#1619,#2408,#9,14.8);
#2410= IFCSTYLEDITEM(#2409,(#62),$);
#2411= IFCSHAPEREPRESENTATION(#12,'Body','SweptSolid',(#2385,#2389,#2393,#2395,#2399,#2403,#2405,#2409));
#2412= IFCREPRESENTATIONMAP(#10,#2411);
#2413= IFCMAPPEDITEM(#2412,#2203);
#2414= IFCMAPPEDITEM(#2412,#2208);
#2415= IFCSHAPEREPRESENTATION(#12,'Body','MappedRepresentation',(#2413,#2414));
#2416= IFCPRODUCTDEFINITIONSHAPE($,$,(#2415));
#2417= IFCCARTESIANPOINT((-52704.9990590062,-95329.0003320255,2030.));
#2418= IFCAXIS2PLACEMENT3D(#2417,#9,#8);
#2419= IFCLOCALPLACEMENT(#186,#2418);
#2420= IFCMECHANICALFASTENER('0NpOFypPr8q8updARu8pTQ',#45,'Bolt assembly',$,$,#2419,#2416,'ID17cd83fc-cd9d-48d0-8e33-9ca6f823375a',16.,60.);
#2421= IFCLOCALPLACEMENT(#42,#10);
#2422= IFCELEMENTASSEMBLY('3yCL9zWXbESOoSy1WGecvb',#45,'S\S\xjle',$,$,#2421,$,'s36',.NOTDEFINED.,.NOTDEFINED.);
#2423= IFCPROPERTYSINGLEVALUE('Assembly/Cast unit weight',$,IFCMASSMEASURE(45.4),$);
#2424= IFCPROPERTYSINGLEVALUE('Assembly/Cast unit bottom elevation',$,IFCLABEL(' +0.200'),$);
#2425= IFCPROPERTYSINGLEVALUE('Assembly/Cast unit top elevation',$,IFCLABEL(' +2.665'),$);
#2426= IFCPROPERTYSINGLEVALUE('Assembly/Cast unit Mark',$,IFCLABEL('s36'),$);
#2427= IFCPROPERTYSET('1zTEEvqx96dvfgVzZ5dhkw',#5,'Tekla Assembly','Assembly Properties',(#48,#49,#50,#2423,#2424,#2425,#110,#2426));
#2428= IFCQUANTITYLENGTH('Width',$,$,220.);
#2429= IFCELEMENTQUANTITY('12yODxmXX9Gvni$_edMNjH',#5,'BaseQuantities',$,$,(#2428));
#2430= IFCCARTESIANPOINT((0.,-9.90109512697139,0.));
#2431= IFCAXIS2PLACEMENT3D(#2430,#8,#7);
#2432= IFCEXTRUDEDAREASOLID(#2178,#2431,#9,10.);
#2433= IFCSTYLEDITEM(#2432,(#66),$);
#2434= IFCCARTESIANPOINT((0.,0.00110355010551189,0.));
#2435= IFCAXIS2PLACEMENT3D(#2434,#8,#7);
#2436= IFCEXTRUDEDAREASOLID(#2178,#2435,#9,15.);
#2437= IFCSTYLEDITEM(#2436,(#66),$);
#2438= IFCCARTESIANPOINT((0.,14.898904889911,0.));
#2439= IFCAXIS2PLACEMENT3D(#2438,#8,#7);
#2440= IFCEXTRUDEDAREASOLID(#2178,#2439,#9,10.1);
#2441= IFCSTYLEDITEM(#2440,(#66),$);
#2442= IFCCARTESIANPOINT((0.,-20.0010951269714,0.));
#2443= IFCAXIS2PLACEMENT3D(#2442,#8,#7);
#2444= IFCEXTRUDEDAREASOLID(#1619,#2443,#9,10.);
#2445= IFCSTYLEDITEM(#2444,(#62),$);
#2446= IFCCARTESIANPOINT((0.,-10.0010951269714,0.));
#2447= IFCAXIS2PLACEMENT3D(#2446,#8,#7);
#2448= IFCEXTRUDEDAREASOLID(#1624,#2447,#9,60.);
#2449= IFCSTYLEDITEM(#2448,(#62),$);
#2450= IFCCARTESIANPOINT((0.,24.9989048966639,0.));
#2451= IFCAXIS2PLACEMENT3D(#2450,#8,#7);
#2452= IFCEXTRUDEDAREASOLID(#2193,#2451,#9,3.);
#2453= IFCSTYLEDITEM(#2452,(#62),$);
#2454= IFCCARTESIANPOINT((0.,27.9989048966639,0.));
#2455= IFCAXIS2PLACEMENT3D(#2454,#8,#7);
#2456= IFCEXTRUDEDAREASOLID(#1619,#2455,#9,14.8);
#2457= IFCSTYLEDITEM(#2456,(#62),$);
#2458= IFCSHAPEREPRESENTATION(#12,'Body','SweptSolid',(#2432,#2436,#2440,#2444,#2448,#2452,#2456));
#2459= IFCREPRESENTATIONMAP(#10,#2458);
#2460= IFCMAPPEDITEM(#2459,#2203);
#2461= IFCMAPPEDITEM(#2459,#2208);
#2462= IFCSHAPEREPRESENTATION(#12,'Body','MappedRepresentation',(#2460,#2461));
#2463= IFCPRODUCTDEFINITIONSHAPE($,$,(#2462));
#2464= IFCCARTESIANPOINT((-52680.0001470018,-95103.9970464095,2030.));
#2465= IFCDIRECTION((3.67850000579968E-05,0.999999999323432,0.));
#2466= IFCAXIS2PLACEMENT3D(#2464,#9,#2465);
#2467= IFCLOCALPLACEMENT(#2421,#2466);
#2468= IFCMECHANICALFASTENER('15FwRIgfXCEhUtEJQovcpA',#45,'Bolt assembly',$,$,#2467,#2463,'ID453fa6d2-aa98-4c3a-b7b7-3936b2e66cca',16.,60.);
#2469= IFCLOCALPLACEMENT(#42,#10);
#2470= IFCELEMENTASSEMBLY('0BnhQJKIzESeg5WYjMZ97z',#45,'L\S\xsdele',$,$,#2469,$,'l6',.NOTDEFINED.,.NOTDEFINED.);
#2471= IFCPROPERTYSET('0SVI7j1MH3c9dlnry5cuRu',#5,'Tekla Assembly','Assembly Properties',(#48,#49,#50,#2171,#2172,#2173,#110,#2174));
#2472= IFCCOLOURRGB('Light Gray',0.615686274509804,0.615686274509804,0.611764705882353);
#2473= IFCSURFACESTYLERENDERING(#2472,0.,$,$,$,$,IFCNORMALISEDRATIOMEASURE(0.00390625),IFCSPECULAREXPONENT(10.),.NOTDEFINED.);
#2474= IFCSURFACESTYLE('STEEL/S355J2',.POSITIVE.,(#2473));
#2475= IFCPRESENTATIONSTYLEASSIGNMENT((#2474));
#2476= IFCCARTESIANPOINT((284.999999999985,0.));
#2477= IFCCARTESIANPOINT((284.999999999985,120.));
#2478= IFCCARTESIANPOINT((0.,120.));
#2479= IFCPOLYLINE((#68,#2476,#2477,#2478,#68));
#2480= IFCARBITRARYCLOSEDPROFILEDEF(.AREA.,'FL10*120',#2479);
#2481= IFCEXTRUDEDAREASOLID(#2480,#1797,#9,10.);
#2482= IFCSHAPEREPRESENTATION(#12,'Body','SweptSolid',(#2481));
#2483= IFCSTYLEDITEM(#2481,(#2475),$);
#2484= IFCPRODUCTDEFINITIONSHAPE($,$,(#2482));
#2485= IFCCARTESIANPOINT((-52699.9990509217,-95074.0003321906,1970.));
#2486= IFCAXIS2PLACEMENT3D(#2485,#155,#127);
#2487= IFCLOCALPLACEMENT(#2469,#2486);
#2488= IFCPLATE('0lI6BoQgb2Z81DJArBgJNL',#45,'L\S\xsdele','FL10*120',$,#2487,#2484,'l6');
#2489= IFCPROPERTYSINGLEVALUE('Class',$,IFCLABEL('99'),$);
#2490= IFCPROPERTYSET('13pNR8caDDkQMpswYSQGK7',#5,'Tekla Common','Common Properties to Shared building elements',(#1496,#2256,#2257,#1499,#1500,#1501,#2489));
#2491= IFCQUANTITYAREA('NetArea',$,$,0.0764999999999962);
#2492= IFCQUANTITYAREA('GrossArea',$,$,0.0341999999999983);
#2493= IFCQUANTITYVOLUME('NetVolume',$,$,0.000341999999999983);
#2494= IFCQUANTITYVOLUME('GrossVolume',$,$,0.000341999999999983);
#2495= IFCELEMENTQUANTITY('0fxGs1Uvj89PWfgWEwfuhE',#5,'BaseQuantities',$,$,(#206,#2491,#2492,#1823,#2493,#2494));
#2496= IFCLOCALPLACEMENT(#42,#10);
#2497= IFCELEMENTASSEMBLY('1JKUqrdFzE1es2fHElyg0g',#45,'L\S\xsdele',$,$,#2496,$,'l6',.NOTDEFINED.,.NOTDEFINED.);
#2498= IFCSHAPEREPRESENTATION(#12,'Body','SweptSolid',(#2481));
#2499= IFCPRODUCTDEFINITIONSHAPE($,$,(#2498));
#2500= IFCCARTESIANPOINT((-52674.9990509217,-95074.0003321906,1970.));
#2501= IFCAXIS2PLACEMENT3D(#2500,#155,#127);
#2502= IFCLOCALPLACEMENT(#2496,#2501);
#2503= IFCPLATE('2ljGmY165DCOiBGxMVvez6',#45,'L\S\xsdele','FL10*120',$,#2502,#2499,'l6');
#2504= IFCSHAPEREPRESENTATION(#12,'Body','SweptSolid',(#2245));
#2505= IFCPRODUCTDEFINITIONSHAPE($,$,(#2504));
#2506= IFCCARTESIANPOINT((-52692.5012505519,-95298.9970463896,2030.00483149169));
#2507= IFCAXIS2PLACEMENT3D(#2506,#155,#127);
#2508= IFCLOCALPLACEMENT(#186,#2507);
#2509= IFCPLATE('1ojTszBmX3HRvEZb_eeAzO',#45,'Fladst\S\el','FL5*60',$,#2508,#2505,'ID72b5ddbd-2f08-4345-be4e-8e5fa8a0af58');
#2510= IFCSHAPEREPRESENTATION(#12,'Body','SweptSolid',(#2317));
#2511= IFCPRODUCTDEFINITIONSHAPE($,$,(#2510));
#2512= IFCCARTESIANPOINT((-52730.0012505519,-95338.9970463896,2090.00483149169));
#2513= IFCAXIS2PLACEMENT3D(#2512,#155,#85);
#2514= IFCLOCALPLACEMENT(#186,#2513);
#2515= IFCBEAM('3mdUjm6g5BOhcv3lM$ywks',#45,'Drager','L100*10',$,#2514,#2511,'IDf09deb70-1aa1-4b62-b9b9-0ef5bff3abb6');
#2516= IFCOWNERHISTORY(#3,#4,$,.NOCHANGE.,$,$,$,1761314400);
#2517= IFCOWNERHISTORY(#3,#4,$,.NOCHANGE.,$,$,$,1762347600);
#2518= IFCLOCALPLACEMENT(#42,#10);
#2519= IFCELEMENTASSEMBLY('3rDvQt15vA2xO_f385OjRP',#2517,'Drager',$,$,#2518,$,'d3',.NOTDEFINED.,.NOTDEFINED.);
#2520= IFCPROPERTYSINGLEVALUE('Assembly/Cast unit weight',$,IFCMASSMEASURE(200.1),$);
#2521= IFCPROPERTYSINGLEVALUE('Assembly/Cast unit bottom elevation',$,IFCLABEL(' +2.665'),$);
#2522= IFCPROPERTYSINGLEVALUE('Assembly/Cast unit top elevation',$,IFCLABEL(' +3.135'),$);
#2523= IFCPROPERTYSINGLEVALUE('Assembly/Cast unit Mark',$,IFCLABEL('d3'),$);
#2524= IFCPROPERTYSET('3TyqPY$qL4CQs$WllSdrPz',#5,'Tekla Assembly','Assembly Properties',(#48,#49,#50,#2520,#2521,#2522,#110,#2523));
#2525= IFCQUANTITYLENGTH('Width',$,$,140.799999542909);
#2526= IFCELEMENTQUANTITY('2DdX6DOOv6cAtBcmM9OQqd',#5,'BaseQuantities',$,$,(#2525));
#2527= IFCCARTESIANPOINT((0.,-25.0000070792521,0.));
#2528= IFCAXIS2PLACEMENT3D(#2527,#8,#7);
#2529= IFCEXTRUDEDAREASOLID(#2178,#2528,#9,15.);
#2530= IFCSTYLEDITEM(#2529,(#66),$);
#2531= IFCSHAPEREPRESENTATION(#12,'Body','SweptSolid',(#2385,#2529,#2395,#2399,#2403,#2405,#2409));
#2532= IFCREPRESENTATIONMAP(#10,#2531);
#2533= IFCMAPPEDITEM(#2532,#2203);
#2534= IFCMAPPEDITEM(#2532,#2208);
#2535= IFCSHAPEREPRESENTATION(#12,'Body','MappedRepresentation',(#2533,#2534));
#2536= IFCPRODUCTDEFINITIONSHAPE($,$,(#2535));
#2537= IFCCARTESIANPOINT((-50232.4990516356,-94996.2003323106,2800.));
#2538= IFCAXIS2PLACEMENT3D(#2537,#9,#127);
#2539= IFCLOCALPLACEMENT(#2518,#2538);
#2540= IFCMECHANICALFASTENER('1SlOuYER18FAPPKbv6nFGA',#2516,'Bolt assembly',$,$,#2539,#2536,'ID5cbd8e22-39b0-483c-a659-525e46c4f40a',16.,60.);
#2541= IFCCARTESIANPOINT((0.,-24.900001568631,0.));
#2542= IFCAXIS2PLACEMENT3D(#2541,#8,#7);
#2543= IFCEXTRUDEDAREASOLID(#2178,#2542,#9,10.);
#2544= IFCSTYLEDITEM(#2543,(#66),$);
#2545= IFCCARTESIANPOINT((0.,-14.9999999989377,0.));
#2546= IFCAXIS2PLACEMENT3D(#2545,#8,#7);
#2547= IFCEXTRUDEDAREASOLID(#2178,#2546,#9,15.);
#2548= IFCSTYLEDITEM(#2547,(#66),$);
#2549= IFCCARTESIANPOINT((0.,-0.100001568630971,0.));
#2550= IFCAXIS2PLACEMENT3D(#2549,#8,#7);
#2551= IFCEXTRUDEDAREASOLID(#2178,#2550,#9,10.1);
#2552= IFCSTYLEDITEM(#2551,(#66),$);
#2553= IFCEXTRUDEDAREASOLID(#1619,#2402,#9,10.);
#2554= IFCSTYLEDITEM(#2553,(#62),$);
#2555= IFCEXTRUDEDAREASOLID(#1624,#2528,#9,60.);
#2556= IFCSTYLEDITEM(#2555,(#62),$);
#2557= IFCEXTRUDEDAREASOLID(#2193,#1629,#9,3.);
#2558= IFCSTYLEDITEM(#2557,(#62),$);
#2559= IFCCARTESIANPOINT((0.,12.999998431369,0.));
#2560= IFCAXIS2PLACEMENT3D(#2559,#8,#7);
#2561= IFCEXTRUDEDAREASOLID(#1619,#2560,#9,14.8);
#2562= IFCSTYLEDITEM(#2561,(#62),$);
#2563= IFCSHAPEREPRESENTATION(#12,'Body','SweptSolid',(#2543,#2547,#2551,#2553,#2555,#2557,#2561));
#2564= IFCREPRESENTATIONMAP(#10,#2563);
#2565= IFCMAPPEDITEM(#2564,#2203);
#2566= IFCMAPPEDITEM(#2564,#2208);
#2567= IFCSHAPEREPRESENTATION(#12,'Body','MappedRepresentation',(#2565,#2566));
#2568= IFCPRODUCTDEFINITIONSHAPE($,$,(#2567));
#2569= IFCCARTESIANPOINT((-50242.4990578149,-95319.0003324156,2800.));
#2570= IFCAXIS2PLACEMENT3D(#2569,#9,#127);
#2571= IFCLOCALPLACEMENT(#226,#2570);
#2572= IFCMECHANICALFASTENER('08$ay6vK52iPOWY6NPdq$u',#2516,'Bolt assembly',$,$,#2571,#2568,'ID08fe4f06-e541-42b1-9620-8865d99f4ff8',16.,60.);
#2573= IFCLOCALPLACEMENT(#42,#10);
#2574= IFCELEMENTASSEMBLY('33WKUlCMzDohcQmULnk$jT',#45,'L\S\xsdele',$,$,#2573,$,'l7',.NOTDEFINED.,.NOTDEFINED.);
#2575= IFCPROPERTYSINGLEVALUE('Assembly/Cast unit weight',$,IFCMASSMEASURE(3.6),$);
#2576= IFCPROPERTYSINGLEVALUE('Assembly/Cast unit bottom elevation',$,IFCLABEL(' +2.740'),$);
#2577= IFCPROPERTYSINGLEVALUE('Assembly/Cast unit top elevation',$,IFCLABEL(' +2.860'),$);
#2578= IFCPROPERTYSINGLEVALUE('Assembly/Cast unit Mark',$,IFCLABEL('l7'),$);
#2579= IFCPROPERTYSET('2RVwKBRADDtR2VEx9lbozO',#5,'Tekla Assembly','Assembly Properties',(#48,#49,#50,#2575,#2576,#2577,#229,#2578));
#2580= IFCCARTESIANPOINT((383.,0.));
#2581= IFCCARTESIANPOINT((383.,120.));
#2582= IFCPOLYLINE((#68,#2580,#2581,#2478,#68));
#2583= IFCARBITRARYCLOSEDPROFILEDEF(.AREA.,'FL10*120',#2582);
#2584= IFCEXTRUDEDAREASOLID(#2583,#1797,#9,10.);
#2585= IFCSHAPEREPRESENTATION(#12,'Body','SweptSolid',(#2584));
#2586= IFCSTYLEDITEM(#2584,(#2475),$);
#2587= IFCPRODUCTDEFINITIONSHAPE($,$,(#2585));
#2588= IFCCARTESIANPOINT((-50262.4990509151,-94966.2003321906,2740.));
#2589= IFCAXIS2PLACEMENT3D(#2588,#155,#127);
#2590= IFCLOCALPLACEMENT(#2573,#2589);
#2591= IFCPLATE('0DWWBe7F10nuUJE5lb$xfe',#45,'L\S\xsdele','FL10*120',$,#2590,#2587,'l7');
#2592= IFCPROPERTYSINGLEVALUE('Bottom elevation',$,IFCLABEL(' +2.740'),$);
#2593= IFCPROPERTYSINGLEVALUE('Top elevation',$,IFCLABEL(' +2.860'),$);
#2594= IFCPROPERTYSET('1TXlaFpb18ovCYx3wb0q54',#5,'Tekla Common','Common Properties to Shared building elements',(#1496,#2592,#2593,#1499,#1500,#1501,#2489));
#2595= IFCPROPERTYSINGLEVALUE('Weight',$,IFCMASSMEASURE(3.61),$);
#2596= IFCPROPERTYSINGLEVALUE('Gross footprint area',$,IFCAREAMEASURE(0.004),$);
#2597= IFCPROPERTYSINGLEVALUE('Area per tons',$,IFCAREAMEASURE(28.266),$);
#2598= IFCPROPERTYSINGLEVALUE('Net surface area',$,IFCAREAMEASURE(0.102),$);
#2599= IFCPROPERTYSINGLEVALUE('Length',$,IFCLENGTHMEASURE(383.),$);
#2600= IFCPROPERTYSET('2G1JE3qU94xfuiH591qqiu',#5,'Tekla Quantity','Quantity Properties to Shared building elements',(#2595,#1505,#2596,#2597,#2598,#2293,#1816,#2599));
#2601= IFCPROPERTYSINGLEVALUE('Reference',$,IFCIDENTIFIER('l7'),$);
#2602= IFCPROPERTYSET('368qlXflXAKRhB5P22aMr_',#5,'Pset_PlateCommon','Common Properties to plate elements',(#1513,#2601));
#2603= IFCQUANTITYAREA('NetArea',$,$,0.10198);
#2604= IFCQUANTITYAREA('GrossArea',$,$,0.04596);
#2605= IFCQUANTITYVOLUME('NetVolume',$,$,0.0004596);
#2606= IFCQUANTITYVOLUME('GrossVolume',$,$,0.0004596);
#2607= IFCELEMENTQUANTITY('0x7McltHT0IvtqFTbOv2jx',#5,'BaseQuantities',$,$,(#206,#2603,#2604,#1823,#2605,#2606));
#2608= IFCCARTESIANPOINT((0.,9.99749889609666,0.));
#2609= IFCAXIS2PLACEMENT3D(#2608,#8,#7);
#2610= IFCEXTRUDEDAREASOLID(#2178,#2609,#9,10.);
#2611= IFCSTYLEDITEM(#2610,(#66),$);
#2612= IFCCARTESIANPOINT((0.,19.9974988960894,0.));
#2613= IFCAXIS2PLACEMENT3D(#2612,#8,#7);
#2614= IFCEXTRUDEDAREASOLID(#2178,#2613,#9,5.);
#2615= IFCSTYLEDITEM(#2614,(#66),$);
#2616= IFCSHAPEREPRESENTATION(#12,'Body','SweptSolid',(#2181,#2610,#2614,#2187,#2189,#2191,#2196,#2200));
#2617= IFCREPRESENTATIONMAP(#10,#2616);
#2618= IFCMAPPEDITEM(#2617,#2203);
#2619= IFCMAPPEDITEM(#2617,#2208);
#2620= IFCSHAPEREPRESENTATION(#12,'Body','MappedRepresentation',(#2618,#2619));
#2621= IFCPRODUCTDEFINITIONSHAPE($,$,(#2620));
#2622= IFCCARTESIANPOINT((-65017.498749448,-64738.9970463896,2095.00483149168));
#2623= IFCAXIS2PLACEMENT3D(#2622,#9,#127);
#2624= IFCLOCALPLACEMENT(#568,#2623);
#2625= IFCMECHANICALFASTENER('3FAvyQokPCrwEdDZkVqOt_',#2030,'Bolt assembly',$,$,#2624,#2621,'IDcf2b9f1a-cae6-4cd7-a3a7-363b9fd18dfe',16.,60.);
#2626= IFCCARTESIANPOINT((0.,19.9999999999709,0.));
#2627= IFCAXIS2PLACEMENT3D(#2626,#8,#7);
#2628= IFCEXTRUDEDAREASOLID(#2178,#2627,#9,5.);
#2629= IFCSTYLEDITEM(#2628,(#66),$);
#2630= IFCSHAPEREPRESENTATION(#12,'Body','SweptSolid',(#2181,#2223,#2628,#2187,#2189,#2191,#2196,#2200));
#2631= IFCREPRESENTATIONMAP(#10,#2630);
#2632= IFCMAPPEDITEM(#2631,#2203);
#2633= IFCMAPPEDITEM(#2631,#2208);
#2634= IFCSHAPEREPRESENTATION(#12,'Body','MappedRepresentation',(#2632,#2633));
#2635= IFCPRODUCTDEFINITIONSHAPE($,$,(#2634));
#2636= IFCCARTESIANPOINT((-89892.4987494481,-64738.9970463896,2095.00483149168));
#2637= IFCAXIS2PLACEMENT3D(#2636,#9,#8);
#2638= IFCLOCALPLACEMENT(#439,#2637);
#2639= IFCMECHANICALFASTENER('1CLvPMod19DguNOAEDhtk_',#2030,'Bolt assembly',$,$,#2638,#2635,'ID4c579656-ca70-4936-ae17-60a38daf7bbe',16.,60.);
#2640= IFCLOCALPLACEMENT(#42,#10);
#2641= IFCELEMENTASSEMBLY('3X5PnrUiT6uBwJbzurITYV',#45,'L\S\xsdele',$,$,#2640,$,'l6',.NOTDEFINED.,.NOTDEFINED.);
#2642= IFCPROPERTYSINGLEVALUE('Assembly/Cast unit bottom elevation',$,IFCLABEL(' +2.035'),$);
#2643= IFCPROPERTYSINGLEVALUE('Assembly/Cast unit top elevation',$,IFCLABEL(' +2.155'),$);
#2644= IFCPROPERTYSET('1zon7EGnPCwwBk0zZI8cQ1',#5,'Tekla Assembly','Assembly Properties',(#48,#49,#50,#2171,#2642,#2643,#441,#2174));
#2645= IFCSHAPEREPRESENTATION(#12,'Body','MappedRepresentation',(#2206,#2209));
#2646= IFCPRODUCTDEFINITIONSHAPE($,$,(#2645));
#2647= IFCCARTESIANPOINT((-89892.4987494481,-64963.9970463896,2095.00483149167));
#2648= IFCAXIS2PLACEMENT3D(#2647,#9,#8);
#2649= IFCLOCALPLACEMENT(#2640,#2648);
#2650= IFCMECHANICALFASTENER('0v5rSKZ3f6sfzCnni0p425',#2030,'Bolt assembly',$,$,#2649,#2646,'ID39175714-8c3a-46da-9f4c-c71b00cc4085',16.,60.);
#2651= IFCLOCALPLACEMENT(#42,#10);
#2652= IFCELEMENTASSEMBLY('01nqOcYdX9gwLRUAGXWqhR',#45,'L\S\xsdele',$,$,#2651,$,'l6',.NOTDEFINED.,.NOTDEFINED.);
#2653= IFCSHAPEREPRESENTATION(#12,'Body','SweptSolid',(#2281));
#2654= IFCPRODUCTDEFINITIONSHAPE($,$,(#2653));
#2655= IFCCARTESIANPOINT((-89922.498749448,-64993.9970463896,2095.00483149168));
#2656= IFCAXIS2PLACEMENT3D(#2655,#7,#8);
#2657= IFCLOCALPLACEMENT(#2651,#2656);
#2658= IFCPLATE('33ux8kLAP61fQRq7Hk8e4f',#45,'L\S\xsdele','FL10*120',$,#2657,#2654,'l6');
#2659= IFCPROPERTYSINGLEVALUE('Bottom elevation',$,IFCLABEL(' +2.035'),$);
#2660= IFCPROPERTYSINGLEVALUE('Top elevation',$,IFCLABEL(' +2.155'),$);
#2661= IFCPROPERTYSET('3u9l3UL2PCnOBQY5pLUzOW',#5,'Tekla Common','Common Properties to Shared building elements',(#1496,#2659,#2660,#1499,#1500,#1501,#1502));
#2662= IFCSHAPEREPRESENTATION(#12,'Body','SweptSolid',(#2281));
#2663= IFCPRODUCTDEFINITIONSHAPE($,$,(#2662));
#2664= IFCCARTESIANPOINT((-89897.498749448,-64993.9970463896,2095.00483149168));
#2665= IFCAXIS2PLACEMENT3D(#2664,#7,#8);
#2666= IFCLOCALPLACEMENT(#2640,#2665);
#2667= IFCPLATE('2_7_EpU5bBxRPXbeRorTO$',#45,'L\S\xsdele','FL10*120',$,#2666,#2663,'l6');
#2668= IFCSHAPEREPRESENTATION(#12,'Body','MappedRepresentation',(#2632,#2633));
#2669= IFCPRODUCTDEFINITIONSHAPE($,$,(#2668));
#2670= IFCCARTESIANPOINT((-84982.4987494481,-64738.9970463896,2095.00483149168));
#2671= IFCAXIS2PLACEMENT3D(#2670,#9,#8);
#2672= IFCLOCALPLACEMENT(#425,#2671);
#2673= IFCMECHANICALFASTENER('0PZax_rx1D9hqbp1ucbH4g',#2030,'Bolt assembly',$,$,#2672,#2669,'ID198e4efe-d7b0-4d26-bd25-cc1e2695112a',16.,60.);
#2674= IFCLOCALPLACEMENT(#42,#10);
#2675= IFCELEMENTASSEMBLY('38jTwBzIj5vOeaDeXdbeUa',#45,'L\S\xsdele',$,$,#2674,$,'l6',.NOTDEFINED.,.NOTDEFINED.);
#2676= IFCPROPERTYSET('1OhNj0MG19sA1NA0E_eUDZ',#5,'Tekla Assembly','Assembly Properties',(#48,#49,#50,#2171,#2642,#2643,#430,#2174));
#2677= IFCSHAPEREPRESENTATION(#12,'Body','MappedRepresentation',(#2206,#2209));
#2678= IFCPRODUCTDEFINITIONSHAPE($,$,(#2677));
#2679= IFCCARTESIANPOINT((-84982.4987494481,-64963.9970463896,2095.00483149167));
#2680= IFCAXIS2PLACEMENT3D(#2679,#9,#8);
#2681= IFCLOCALPLACEMENT(#2674,#2680);
#2682= IFCMECHANICALFASTENER('1Mcp2wcRfETv31llK4UCtZ',#2030,'Bolt assembly',$,$,#2681,#2678,'ID569b30ba-99ba-4e77-90c1-bef50478cde3',16.,60.);
#2683= IFCLOCALPLACEMENT(#42,#10);
#2684= IFCELEMENTASSEMBLY('0e01EueyD1N90KTtdtaT4M',#45,'L\S\xsdele',$,$,#2683,$,'l6',.NOTDEFINED.,.NOTDEFINED.);
#2685= IFCSHAPEREPRESENTATION(#12,'Body','SweptSolid',(#2281));
#2686= IFCPRODUCTDEFINITIONSHAPE($,$,(#2685));
#2687= IFCCARTESIANPOINT((-85012.498749448,-64993.9970463896,2095.00483149168));
#2688= IFCAXIS2PLACEMENT3D(#2687,#7,#8);
#2689= IFCLOCALPLACEMENT(#2683,#2688);
#2690= IFCPLATE('2SXmGEvKH8Zuk0hGW9dqwu',#45,'L\S\xsdele','FL10*120',$,#2689,#2686,'l6');
#2691= IFCSHAPEREPRESENTATION(#12,'Body','SweptSolid',(#2281));
#2692= IFCPRODUCTDEFINITIONSHAPE($,$,(#2691));
#2693= IFCCARTESIANPOINT((-84987.498749448,-64993.9970463896,2095.00483149168));
#2694= IFCAXIS2PLACEMENT3D(#2693,#7,#8);
#2695= IFCLOCALPLACEMENT(#2674,#2694);
#2696= IFCPLATE('3XioakVaL9B9C1eypUEBUo',#45,'L\S\xsdele','FL10*120',$,#2695,#2692,'l6');
#2697= IFCLOCALPLACEMENT(#42,#10);
#2698= IFCELEMENTASSEMBLY('2HQ7a9CuP5bvL2yt$xMFMc',#45,'L\S\xsdele',$,$,#2697,$,'l6',.NOTDEFINED.,.NOTDEFINED.);
#2699= IFCPROPERTYSET('0zcPoBClD3D9R58DSmRzjn',#5,'Tekla Assembly','Assembly Properties',(#48,#49,#50,#2171,#2642,#2643,#570,#2174));
#2700= IFCSHAPEREPRESENTATION(#12,'Body','MappedRepresentation',(#2206,#2209));
#2701= IFCPRODUCTDEFINITIONSHAPE($,$,(#2700));
#2702= IFCCARTESIANPOINT((-64982.4987494481,-64963.9970463896,2095.00483149167));
#2703= IFCAXIS2PLACEMENT3D(#2702,#9,#8);
#2704= IFCLOCALPLACEMENT(#2697,#2703);
#2705= IFCMECHANICALFASTENER('3BYYHEvRfF0wF42rAqDr92',#2030,'Bolt assembly',$,$,#2704,#2701,'IDcb8a244e-e5ba-4f03-a3c4-0b52b4375242',16.,60.);
#2706= IFCLOCALPLACEMENT(#42,#10);
#2707= IFCELEMENTASSEMBLY('2qBpTsuPPDfAHTxTO2s7rG',#45,'L\S\xsdele',$,$,#2706,$,'l6',.NOTDEFINED.,.NOTDEFINED.);
#2708= IFCSHAPEREPRESENTATION(#12,'Body','SweptSolid',(#2281));
#2709= IFCPRODUCTDEFINITIONSHAPE($,$,(#2708));
#2710= IFCCARTESIANPOINT((-65012.498749448,-64993.9970463896,2095.00483149168));
#2711= IFCAXIS2PLACEMENT3D(#2710,#7,#8);
#2712= IFCLOCALPLACEMENT(#2706,#2711);
#2713= IFCPLATE('2mcnjTfNz8lOPxjgUXz6mt',#45,'L\S\xsdele','FL10*120',$,#2712,#2709,'l6');
#2714= IFCSHAPEREPRESENTATION(#12,'Body','SweptSolid',(#2281));
#2715= IFCPRODUCTDEFINITIONSHAPE($,$,(#2714));
#2716= IFCCARTESIANPOINT((-64987.498749448,-64993.9970463896,2095.00483149168));
#2717= IFCAXIS2PLACEMENT3D(#2716,#7,#8);
#2718= IFCLOCALPLACEMENT(#2697,#2717);
#2719= IFCPLATE('3RTnTeW$L8TRRNUJcSVTDn',#45,'L\S\xsdele','FL10*120',$,#2718,#2715,'l6');
#2720= IFCLOCALPLACEMENT(#42,#10);
#2721= IFCELEMENTASSEMBLY('3dyNA7nG58UQf$aY_Gz7vb',#45,'L\S\xsdele',$,$,#2720,$,'l7',.NOTDEFINED.,.NOTDEFINED.);
#2722= IFCSHAPEREPRESENTATION(#12,'Body','SweptSolid',(#2584));
#2723= IFCPRODUCTDEFINITIONSHAPE($,$,(#2722));
#2724= IFCCARTESIANPOINT((-50237.4990509151,-94966.2003321906,2740.));
#2725= IFCAXIS2PLACEMENT3D(#2724,#155,#127);
#2726= IFCLOCALPLACEMENT(#2720,#2725);
#2727= IFCPLATE('3xQw5jFG58wxU$50oQuNR5',#45,'L\S\xsdele','FL10*120',$,#2726,#2723,'l7');
#2728= IFCCARTESIANPOINT((100.,120.));
#2729= IFCPOLYLINE((#68,#1767,#2728,#2478,#68));
#2730= IFCARBITRARYCLOSEDPROFILEDEF(.AREA.,'FL15*100',#2729);
#2731= IFCCARTESIANPOINT((0.,4.54747350886464E-13,-7.5));
#2732= IFCAXIS2PLACEMENT3D(#2731,#9,#7);
#2733= IFCEXTRUDEDAREASOLID(#2730,#2732,#9,15.);
#2734= IFCSHAPEREPRESENTATION(#12,'Body','SweptSolid',(#2733));
#2735= IFCSTYLEDITEM(#2733,(#2475),$);
#2736= IFCPRODUCTDEFINITIONSHAPE($,$,(#2734));
#2737= IFCCARTESIANPOINT((-50249.9990569149,-95289.0003321906,2740.));
#2738= IFCAXIS2PLACEMENT3D(#2737,#155,#127);
#2739= IFCLOCALPLACEMENT(#226,#2738);
#2740= IFCPLATE('36FGjKHyb0hxTkPYvdTQEa',#45,'Fladst\S\el','FL15*100',$,#2739,#2736,'IDc63d0b54-47c9-40af-b76e-662e6775a3a4');
#2741= IFCPLATETYPE('3nsJmqA6LDk8181pRt6oYH',#5,'FL15*100',$,$,$,$,$,$,.NOTDEFINED.);
#2742= IFCPROPERTYSINGLEVALUE('Weight',$,IFCMASSMEASURE(1.41),$);
#2743= IFCPROPERTYSINGLEVALUE('Area per tons',$,IFCAREAMEASURE(21.656),$);
#2744= IFCPROPERTYSINGLEVALUE('Net surface area',$,IFCAREAMEASURE(0.031),$);
#2745= IFCPROPERTYSINGLEVALUE('Width',$,IFCLENGTHMEASURE(15.),$);
#2746= IFCPROPERTYSET('2WKzoAjv1EggSYCFEnvQKE',#5,'Tekla Quantity','Quantity Properties to Shared building elements',(#2742,#1505,#2329,#2743,#2744,#2112,#2745,#2264));
#2747= IFCPROPERTYSINGLEVALUE('Reference',$,IFCIDENTIFIER('F82'),$);
#2748= IFCPROPERTYSET('3dnEWhe8r1Fg18D9hpK3oD',#5,'Pset_PlateCommon','Common Properties to plate elements',(#1513,#2747));
#2749= IFCQUANTITYLENGTH('Width',$,$,100.000000000109);
#2750= IFCQUANTITYAREA('NetArea',$,$,0.0306);
#2751= IFCQUANTITYAREA('GrossArea',$,$,0.0120000000000131);
#2752= IFCQUANTITYAREA('CrossSectionArea',$,$,0.000225);
#2753= IFCQUANTITYVOLUME('NetVolume',$,$,0.00018);
#2754= IFCQUANTITYVOLUME('GrossVolume',$,$,0.00018);
#2755= IFCELEMENTQUANTITY('2kxMkn0fXF_uUyjsnzTL2o',#5,'BaseQuantities',$,$,(#2749,#2750,#2751,#2752,#2753,#2754));
#2756= IFCLOCALPLACEMENT(#42,#10);
#2757= IFCELEMENTASSEMBLY('2PSXqlVvb008il8_ZAl6_x',#138,'Drager',$,$,#2756,$,'d29',.NOTDEFINED.,.NOTDEFINED.);
#2758= IFCPROPERTYSINGLEVALUE('Assembly/Cast unit weight',$,IFCMASSMEASURE(62.6),$);
#2759= IFCPROPERTYSINGLEVALUE('Assembly/Cast unit bottom elevation',$,IFCLABEL(' +2.318'),$);
#2760= IFCPROPERTYSINGLEVALUE('Assembly/Cast unit top elevation',$,IFCLABEL(' +3.627'),$);
#2761= IFCPROPERTYSINGLEVALUE('Assembly/Cast unit Mark',$,IFCLABEL('d29'),$);
#2762= IFCPROPERTYSET('0MHadakev3VetJ0Vg6xx8W',#5,'Tekla Assembly','Assembly Properties',(#48,#49,#50,#2758,#2759,#2760,#110,#2761));
#2763= IFCCARTESIANPOINT((0.,-9.90000083679325,0.));
#2764= IFCAXIS2PLACEMENT3D(#2763,#8,#7);
#2765= IFCEXTRUDEDAREASOLID(#2178,#2764,#9,10.);
#2766= IFCSTYLEDITEM(#2765,(#66),$);
#2767= IFCCARTESIANPOINT((0.,-0.0953487040077533,0.));
#2768= IFCAXIS2PLACEMENT3D(#2767,#8,#7);
#2769= IFCEXTRUDEDAREASOLID(#2178,#2768,#9,10.1);
#2770= IFCSTYLEDITEM(#2769,(#66),$);
#2771= IFCCARTESIANPOINT((0.,-20.0000008367932,0.));
#2772= IFCAXIS2PLACEMENT3D(#2771,#8,#7);
#2773= IFCEXTRUDEDAREASOLID(#1619,#2772,#9,10.);
#2774= IFCSTYLEDITEM(#2773,(#62),$);
#2775= IFCEXTRUDEDAREASOLID(#1624,#824,#9,55.);
#2776= IFCSTYLEDITEM(#2775,(#62),$);
#2777= IFCCARTESIANPOINT((0.,10.0046512956957,0.));
#2778= IFCAXIS2PLACEMENT3D(#2777,#8,#7);
#2779= IFCEXTRUDEDAREASOLID(#2193,#2778,#9,3.);
#2780= IFCSTYLEDITEM(#2779,(#62),$);
#2781= IFCCARTESIANPOINT((0.,13.0046512956957,0.));
#2782= IFCAXIS2PLACEMENT3D(#2781,#8,#7);
#2783= IFCEXTRUDEDAREASOLID(#1619,#2782,#9,14.8);
#2784= IFCSTYLEDITEM(#2783,(#62),$);
#2785= IFCSHAPEREPRESENTATION(#12,'Body','SweptSolid',(#2765,#2769,#2773,#2775,#2779,#2783));
#2786= IFCREPRESENTATIONMAP(#10,#2785);
#2787= IFCMAPPEDITEM(#2786,#768);
#2788= IFCCARTESIANPOINT((59.9999999996726,4.36557456851006E-11,-3.6015990190208E-10));
#2789= IFCCARTESIANTRANSFORMATIONOPERATOR3D($,$,#2788,$,$);
#2790= IFCMAPPEDITEM(#2786,#2789);
#2791= IFCSHAPEREPRESENTATION(#12,'Body','MappedRepresentation',(#2787,#2790));
#2792= IFCPRODUCTDEFINITIONSHAPE($,$,(#2791));
#2793= IFCCARTESIANPOINT((-50277.8332255779,-95233.9897449623,3468.57734442369));
#2794= IFCDIRECTION((0.374605859100644,1.09999964479357E-08,-0.927184151249075));
#2795= IFCDIRECTION((0.927184151249075,2.80000315981614E-08,0.374605859100644));
#2796= IFCAXIS2PLACEMENT3D(#2793,#2794,#2795);
#2797= IFCLOCALPLACEMENT(#2756,#2796);
#2798= IFCMECHANICALFASTENER('0XhMXYK1TBL8X1Xf6gajd9',#138,'Bolt assembly',$,$,#2797,#2792,'ID21ad6862-5017-4b54-8841-8691aa92d9c9',16.,55.);
#2799= IFCPROPERTYSINGLEVALUE('Bolt length',$,IFCLENGTHMEASURE(55.),$);
#2800= IFCPROPERTYSET('0IGE0aAWLB$9oZXugt7R7H',#5,'Tekla Bolt','Bolt Properties',(#2216,#1665,#92,#2217,#2218,#95,#2219,#97,#98,#2220,#100,#101,#1672,#2799,#104,#105));
#2801= IFCCARTESIANPOINT((0.,-0.0954244950150084,0.));
#2802= IFCAXIS2PLACEMENT3D(#2801,#8,#7);
#2803= IFCEXTRUDEDAREASOLID(#2178,#2802,#9,10.1);
#2804= IFCSTYLEDITEM(#2803,(#66),$);
#2805= IFCCARTESIANPOINT((0.,10.0045755046884,0.));
#2806= IFCAXIS2PLACEMENT3D(#2805,#8,#7);
#2807= IFCEXTRUDEDAREASOLID(#2193,#2806,#9,3.);
#2808= IFCSTYLEDITEM(#2807,(#62),$);
#2809= IFCCARTESIANPOINT((0.,13.0045755046884,0.));
#2810= IFCAXIS2PLACEMENT3D(#2809,#8,#7);
#2811= IFCEXTRUDEDAREASOLID(#1619,#2810,#9,14.8);
#2812= IFCSTYLEDITEM(#2811,(#62),$);
#2813= IFCSHAPEREPRESENTATION(#12,'Body','SweptSolid',(#2765,#2803,#2773,#2775,#2807,#2811));
#2814= IFCREPRESENTATIONMAP(#10,#2813);
#2815= IFCMAPPEDITEM(#2814,#768);
#2816= IFCMAPPEDITEM(#2814,#2789);
#2817= IFCSHAPEREPRESENTATION(#12,'Body','MappedRepresentation',(#2815,#2816));
#2818= IFCPRODUCTDEFINITIONSHAPE($,$,(#2817));
#2819= IFCCARTESIANPOINT((-52787.8332255779,-95233.9897449623,2454.47734442368));
#2820= IFCAXIS2PLACEMENT3D(#2819,#2794,#2795);
#2821= IFCLOCALPLACEMENT(#2756,#2820);
#2822= IFCMECHANICALFASTENER('2DGOxYEDT31RBsEuuxoscC',#138,'Bolt assembly',$,$,#2821,#2818,'ID8d418ee2-38d7-4305-b2f6-3b8e3bcb698c',16.,55.);
#2823= IFCRECTANGLEPROFILEDEF(.AREA.,'FL10*110',#69,10.,110.);
#2824= IFCCARTESIANPOINT((220.,0.,0.));
#2825= IFCAXIS2PLACEMENT3D(#2824,#155,#127);
#2826= IFCEXTRUDEDAREASOLID(#2823,#2825,#9,220.);
#2827= IFCSHAPEREPRESENTATION(#12,'Body','SweptSolid',(#2826));
#2828= IFCSTYLEDITEM(#2826,(#1448),$);
#2829= IFCPRODUCTDEFINITIONSHAPE($,$,(#2827));
#2830= IFCCARTESIANPOINT((-50249.9997208036,-95228.9897441251,3299.91));
#2831= IFCAXIS2PLACEMENT3D(#2830,#155,#9);
#2832= IFCLOCALPLACEMENT(#139,#2831);
#2833= IFCBEAM('29Oa2DgMn9LeXJho9xj76R',#138,'Fladst\S\el','FL10*110',$,#2832,#2829,'ID8962408d-a96c-4956-8853-af227bb4719b');
#2834= IFCBEAMTYPE('1DJ9mx2v11kfURnKLo4FnI',#5,'FL10*110',$,$,$,$,$,$,.NOTDEFINED.);
#2835= IFCPROPERTYSINGLEVALUE('Bottom elevation',$,IFCLABEL(' +3.300'),$);
#2836= IFCPROPERTYSINGLEVALUE('Top elevation',$,IFCLABEL(' +3.520'),$);
#2837= IFCPROPERTYSET('1yM6L_3CXEJQ0QCWHS_3Rk',#5,'Tekla Common','Common Properties to Shared building elements',(#1496,#2835,#2836,#1499,#1500,#1501,#1502));
#2838= IFCPROPERTYSINGLEVALUE('Weight',$,IFCMASSMEASURE(1.9),$);
#2839= IFCPROPERTYSINGLEVALUE('Area per tons',$,IFCAREAMEASURE(28.952),$);
#2840= IFCPROPERTYSINGLEVALUE('Net surface area',$,IFCAREAMEASURE(0.055),$);
#2841= IFCPROPERTYSINGLEVALUE('Height',$,IFCLENGTHMEASURE(110.),$);
#2842= IFCPROPERTYSINGLEVALUE('Length',$,IFCLENGTHMEASURE(220.),$);
#2843= IFCPROPERTYSET('3_J54tH5X2OR5p5$z$0JsA',#5,'Tekla Quantity','Quantity Properties to Shared building elements',(#2838,#1505,#2015,#2839,#2840,#2841,#1816,#2842));
#2844= IFCPROPERTYSINGLEVALUE('Reference',$,IFCIDENTIFIER('F77'),$);
#2845= IFCPROPERTYSET('2JW50fjsT88hiZtwTlUiND',#5,'Pset_BeamCommon','Common Properties to beam elements',(#1513,#2844));
#2846= IFCQUANTITYLENGTH('Length',$,$,220.000047684836);
#2847= IFCQUANTITYAREA('OuterSurfaceArea',$,$,0.0550000114443607);
#2848= IFCQUANTITYVOLUME('NetVolume',$,$,0.00024200005245332);
#2849= IFCQUANTITYWEIGHT('NetWeight',$,$,1.89970041175856);
#2850= IFCELEMENTQUANTITY('3Vj98GqOH8QexBZrTyddBE',#5,'BaseQuantities',$,$,(#2846,#2847,#2848,#2849));
#2851= IFCSHAPEREPRESENTATION(#12,'Body','SweptSolid',(#2826));
#2852= IFCPRODUCTDEFINITIONSHAPE($,$,(#2851));
#2853= IFCCARTESIANPOINT((-52759.9997208036,-95228.9897441251,2285.81));
#2854= IFCAXIS2PLACEMENT3D(#2853,#155,#9);
#2855= IFCLOCALPLACEMENT(#159,#2854);
#2856= IFCBEAM('1xckNdsU97784trvg$oaxh',#138,'Fladst\S\el','FL10*110',$,#2855,#2852,'ID7b9ae5e7-d9e2-471c-8137-d79abfca4eeb');
#2857= IFCPROPERTYSINGLEVALUE('Top elevation',$,IFCLABEL(' +2.506'),$);
#2858= IFCPROPERTYSET('1ITbU5uqz0D8gW22qsk_Th',#5,'Tekla Common','Common Properties to Shared building elements',(#1496,#2061,#2857,#1499,#1500,#1501,#1502));
#2859= IFCLOCALPLACEMENT(#42,#10);
#2860= IFCELEMENTASSEMBLY('2YcS9kEwXFkRHAWOWKtPWg',#138,'Drager',$,$,#2859,$,'d29',.NOTDEFINED.,.NOTDEFINED.);
#2861= IFCPROPERTYSET('1tuzOHrxT2eQRfjX2GSx9f',#5,'Tekla Assembly','Assembly Properties',(#48,#49,#50,#2758,#2759,#2760,#54,#2761));
#2862= IFCCARTESIANPOINT((0.,-0.100075755190636,0.));
#2863= IFCAXIS2PLACEMENT3D(#2862,#8,#7);
#2864= IFCEXTRUDEDAREASOLID(#2178,#2863,#9,10.1);
#2865= IFCSTYLEDITEM(#2864,(#66),$);
#2866= IFCCARTESIANPOINT((0.,9.99992424511856,0.));
#2867= IFCAXIS2PLACEMENT3D(#2866,#8,#7);
#2868= IFCEXTRUDEDAREASOLID(#2193,#2867,#9,3.);
#2869= IFCSTYLEDITEM(#2868,(#62),$);
#2870= IFCCARTESIANPOINT((0.,12.9999242451186,0.));
#2871= IFCAXIS2PLACEMENT3D(#2870,#8,#7);
#2872= IFCEXTRUDEDAREASOLID(#1619,#2871,#9,14.8);
#2873= IFCSTYLEDITEM(#2872,(#62),$);
#2874= IFCSHAPEREPRESENTATION(#12,'Body','SweptSolid',(#2765,#2864,#2773,#2775,#2868,#2872));
#2875= IFCREPRESENTATIONMAP(#10,#2874);
#2876= IFCMAPPEDITEM(#2875,#768);
#2877= IFCMAPPEDITEM(#2875,#2789);
#2878= IFCSHAPEREPRESENTATION(#12,'Body','MappedRepresentation',(#2876,#2877));
#2879= IFCPRODUCTDEFINITIONSHAPE($,$,(#2878));
#2880= IFCCARTESIANPOINT((-50277.8332255781,-97033.9902550377,3468.57734442368));
#2881= IFCDIRECTION((-0.374605859100623,1.09999964479357E-08,0.927184151249084));
#2882= IFCAXIS2PLACEMENT3D(#2880,#2881,#2795);
#2883= IFCLOCALPLACEMENT(#2859,#2882);
#2884= IFCMECHANICALFASTENER('0M3Nwibzf9dQALMwGHvb3r',#138,'Bolt assembly',$,$,#2883,#2879,'ID160d7eac-97da-499d-a295-5ba411e650f5',16.,55.);
#2885= IFCSHAPEREPRESENTATION(#12,'Body','SweptSolid',(#2765,#2551,#2773,#2775,#2557,#2561));
#2886= IFCREPRESENTATIONMAP(#10,#2885);
#2887= IFCMAPPEDITEM(#2886,#768);
#2888= IFCMAPPEDITEM(#2886,#2789);
#2889= IFCSHAPEREPRESENTATION(#12,'Body','MappedRepresentation',(#2887,#2888));
#2890= IFCPRODUCTDEFINITIONSHAPE($,$,(#2889));
#2891= IFCCARTESIANPOINT((-52787.8332255781,-97033.9902550377,2454.4773444237));
#2892= IFCAXIS2PLACEMENT3D(#2891,#2881,#2795);
#2893= IFCLOCALPLACEMENT(#2859,#2892);
#2894= IFCMECHANICALFASTENER('2WhPfEWPbCoBRCTT7uBWY7',#138,'Bolt assembly',$,$,#2893,#2890,'IDa0ad9a4e-8199-4cc8-b6cc-75d1f82e0887',16.,55.);
#2895= IFCSHAPEREPRESENTATION(#12,'Body','SweptSolid',(#2826));
#2896= IFCPRODUCTDEFINITIONSHAPE($,$,(#2895));
#2897= IFCCARTESIANPOINT((-50249.9997208036,-97038.990255875,3299.91));
#2898= IFCAXIS2PLACEMENT3D(#2897,#155,#9);
#2899= IFCLOCALPLACEMENT(#139,#2898);
#2900= IFCBEAM('2eK$lCBpbEIhwAHwF5kYaR',#138,'Fladst\S\el','FL10*110',$,#2899,#2896,'IDa853fbcc-2f39-4e4a-be8a-47a3c5ba291b');
#2901= IFCPROPERTYSINGLEVALUE('Reference',$,IFCIDENTIFIER('F75'),$);
#2902= IFCPROPERTYSET('3SNwsz1rzCFPfXE9S$3f1i',#5,'Pset_BeamCommon','Common Properties to beam elements',(#1513,#2901));
#2903= IFCSHAPEREPRESENTATION(#12,'Body','SweptSolid',(#2826));
#2904= IFCPRODUCTDEFINITIONSHAPE($,$,(#2903));
#2905= IFCCARTESIANPOINT((-52759.9997208036,-97038.990255875,2285.81));
#2906= IFCAXIS2PLACEMENT3D(#2905,#155,#9);
#2907= IFCLOCALPLACEMENT(#159,#2906);
#2908= IFCBEAM('2wHhMg6tTEvO1pJtFliK3Y',#138,'Fladst\S\el','FL10*110',$,#2907,#2904,'IDba46b5aa-1b77-4ee5-8073-4f73efb140e2');
#2909= IFCLOCALPLACEMENT(#42,#10);
#2910= IFCELEMENTASSEMBLY('0rkdhj6W53bOu2d6QiFTxO',#138,'Drager',$,$,#2909,$,'d28',.NOTDEFINED.,.NOTDEFINED.);
#2911= IFCPROPERTYSINGLEVALUE('Assembly/Cast unit weight',$,IFCMASSMEASURE(28.),$);
#2912= IFCPROPERTYSINGLEVALUE('Assembly/Cast unit top elevation',$,IFCLABEL(' +2.433'),$);
#2913= IFCPROPERTYSINGLEVALUE('Assembly/Cast unit Mark',$,IFCLABEL('d28'),$);
#2914= IFCPROPERTYSET('0Dr8tvQNv0zfdO_Sqna7u_',#5,'Tekla Assembly','Assembly Properties',(#48,#49,#50,#2911,#2759,#2912,#54,#2913));
#2915= IFCCARTESIANPOINT((0.,9.900083890486,0.));
#2916= IFCAXIS2PLACEMENT3D(#2915,#8,#7);
#2917= IFCEXTRUDEDAREASOLID(#2178,#2916,#9,10.1);
#2918= IFCSTYLEDITEM(#2917,(#66),$);
#2919= IFCEXTRUDEDAREASOLID(#1624,#71,#9,55.);
#2920= IFCSTYLEDITEM(#2919,(#62),$);
#2921= IFCCARTESIANPOINT((0.,20.0000838914468,0.));
#2922= IFCAXIS2PLACEMENT3D(#2921,#8,#7);
#2923= IFCEXTRUDEDAREASOLID(#2193,#2922,#9,3.);
#2924= IFCSTYLEDITEM(#2923,(#62),$);
#2925= IFCCARTESIANPOINT((0.,23.0000838914468,0.));
#2926= IFCAXIS2PLACEMENT3D(#2925,#8,#7);
#2927= IFCEXTRUDEDAREASOLID(#1619,#2926,#9,14.8);
#2928= IFCSTYLEDITEM(#2927,(#62),$);
#2929= IFCSHAPEREPRESENTATION(#12,'Body','SweptSolid',(#2181,#2917,#2189,#2919,#2923,#2927));
#2930= IFCREPRESENTATIONMAP(#10,#2929);
#2931= IFCMAPPEDITEM(#2930,#768);
#2932= IFCMAPPEDITEM(#2930,#2789);
#2933= IFCSHAPEREPRESENTATION(#12,'Body','MappedRepresentation',(#2931,#2932));
#2934= IFCPRODUCTDEFINITIONSHAPE($,$,(#2933));
#2935= IFCCARTESIANPOINT((-52996.8015008434,-96808.9902486546,2370.04887057167));
#2936= IFCDIRECTION((-0.374593385860993,1.16123992484063E-08,0.927189190655929));
#2937= IFCAXIS2PLACEMENT3D(#2935,#2936,#127);
#2938= IFCLOCALPLACEMENT(#2909,#2937);
#2939= IFCMECHANICALFASTENER('0mZM7ZOETDKBTB_5qyDB3s',#138,'Bolt assembly',$,$,#2938,#2934,'ID308d61e3-60e7-4d50-b74b-f85d3c34b0f6',16.,55.);
#2940= IFCCARTESIANPOINT((0.,9.90016183495042,0.));
#2941= IFCAXIS2PLACEMENT3D(#2940,#8,#7);
#2942= IFCEXTRUDEDAREASOLID(#2178,#2941,#9,10.1);
#2943= IFCSTYLEDITEM(#2942,(#66),$);
#2944= IFCCARTESIANPOINT((0.,20.0001618355156,0.));
#2945= IFCAXIS2PLACEMENT3D(#2944,#8,#7);
#2946= IFCEXTRUDEDAREASOLID(#2193,#2945,#9,3.);
#2947= IFCSTYLEDITEM(#2946,(#62),$);
#2948= IFCCARTESIANPOINT((0.,23.0001618355156,0.));
#2949= IFCAXIS2PLACEMENT3D(#2948,#8,#7);
#2950= IFCEXTRUDEDAREASOLID(#1619,#2949,#9,14.8);
#2951= IFCSTYLEDITEM(#2950,(#62),$);
#2952= IFCSHAPEREPRESENTATION(#12,'Body','SweptSolid',(#2181,#2942,#2189,#2919,#2946,#2950));
#2953= IFCREPRESENTATIONMAP(#10,#2952);
#2954= IFCMAPPEDITEM(#2953,#768);
#2955= IFCMAPPEDITEM(#2953,#2789);
#2956= IFCSHAPEREPRESENTATION(#12,'Body','MappedRepresentation',(#2954,#2955));
#2957= IFCPRODUCTDEFINITIONSHAPE($,$,(#2956));
#2958= IFCCARTESIANPOINT((-52996.8010791361,-95458.9943141331,2370.04484132853));
#2959= IFCDIRECTION((0.374618781988175,-1.12385605461896E-08,-0.927178929970745));
#2960= IFCAXIS2PLACEMENT3D(#2958,#2959,#8);
#2961= IFCLOCALPLACEMENT(#2909,#2960);
#2962= IFCMECHANICALFASTENER('2Kb35ifkXBbvLrjRq75i6Z',#138,'Bolt assembly',$,$,#2961,#2957,'ID9494316c-a6e8-4b97-9575-b5bd0716c1a3',16.,55.);
#2963= IFCLOCALPLACEMENT(#42,#10);
#2964= IFCELEMENTASSEMBLY('1GmhSjNUfCDP4isqGjer3a',#138,'Drager',$,$,#2963,$,'d28',.NOTDEFINED.,.NOTDEFINED.);
#2965= IFCPROPERTYSINGLEVALUE('Assembly/Cast unit bottom elevation',$,IFCLABEL(' +3.471'),$);
#2966= IFCPROPERTYSET('12d2UI0pT5J8aJE7a9ioO5',#5,'Tekla Assembly','Assembly Properties',(#48,#49,#50,#2911,#2965,#2760,#144,#2913));
#2967= IFCCARTESIANPOINT((0.,9.89820937037359,0.));
#2968= IFCAXIS2PLACEMENT3D(#2967,#8,#7);
#2969= IFCEXTRUDEDAREASOLID(#2178,#2968,#9,10.1);
#2970= IFCSTYLEDITEM(#2969,(#66),$);
#2971= IFCCARTESIANPOINT((0.,19.998209371463,0.));
#2972= IFCAXIS2PLACEMENT3D(#2971,#8,#7);
#2973= IFCEXTRUDEDAREASOLID(#2193,#2972,#9,3.);
#2974= IFCSTYLEDITEM(#2973,(#62),$);
#2975= IFCCARTESIANPOINT((0.,22.998209371463,0.));
#2976= IFCAXIS2PLACEMENT3D(#2975,#8,#7);
#2977= IFCEXTRUDEDAREASOLID(#1619,#2976,#9,14.8);
#2978= IFCSTYLEDITEM(#2977,(#62),$);
#2979= IFCSHAPEREPRESENTATION(#12,'Body','SweptSolid',(#2181,#2969,#2189,#2919,#2973,#2977));
#2980= IFCREPRESENTATIONMAP(#10,#2979);
#2981= IFCMAPPEDITEM(#2980,#768);
#2982= IFCMAPPEDITEM(#2980,#2789);
#2983= IFCSHAPEREPRESENTATION(#12,'Body','MappedRepresentation',(#2981,#2982));
#2984= IFCPRODUCTDEFINITIONSHAPE($,$,(#2983));
#2985= IFCCARTESIANPOINT((-50013.2125340928,-95458.9944042412,3575.49179533409));
#2986= IFCDIRECTION((-0.374618781988175,1.12385605461896E-08,0.927178929970745));
#2987= IFCAXIS2PLACEMENT3D(#2985,#2986,#8);
#2988= IFCLOCALPLACEMENT(#2963,#2987);
#2989= IFCMECHANICALFASTENER('0uFBASdRrB0uT1H8eu6YjN',#138,'Bolt assembly',$,$,#2988,#2984,'ID383cb29c-9dbd-4b03-8741-448a381a2b57',16.,55.);
#2990= IFCCARTESIANPOINT((0.,9.89550984904793,0.));
#2991= IFCAXIS2PLACEMENT3D(#2990,#8,#7);
#2992= IFCEXTRUDEDAREASOLID(#2178,#2991,#9,10.1);
#2993= IFCSTYLEDITEM(#2992,(#66),$);
#2994= IFCCARTESIANPOINT((0.,19.9955098499411,0.));
#2995= IFCAXIS2PLACEMENT3D(#2994,#8,#7);
#2996= IFCEXTRUDEDAREASOLID(#2193,#2995,#9,3.);
#2997= IFCSTYLEDITEM(#2996,(#62),$);
#2998= IFCCARTESIANPOINT((0.,22.9955098499411,0.));
#2999= IFCAXIS2PLACEMENT3D(#2998,#8,#7);
#3000= IFCEXTRUDEDAREASOLID(#1619,#2999,#9,14.8);
#3001= IFCSTYLEDITEM(#3000,(#62),$);
#3002= IFCSHAPEREPRESENTATION(#12,'Body','SweptSolid',(#2181,#2992,#2189,#2919,#2996,#3000));
#3003= IFCREPRESENTATIONMAP(#10,#3002);
#3004= IFCMAPPEDITEM(#3003,#768);
#3005= IFCMAPPEDITEM(#3003,#2789);
#3006= IFCSHAPEREPRESENTATION(#12,'Body','MappedRepresentation',(#3004,#3005));
#3007= IFCPRODUCTDEFINITIONSHAPE($,$,(#3006));
#3008= IFCCARTESIANPOINT((-50013.215943517,-96808.9903387812,3575.49293408173));
#3009= IFCDIRECTION((0.374593385860993,-1.16123992484063E-08,-0.927189190655929));
#3010= IFCAXIS2PLACEMENT3D(#3008,#3009,#127);
#3011= IFCLOCALPLACEMENT(#2963,#3010);
#3012= IFCMECHANICALFASTENER('1nn1j057fE4BYdXcR_iL5X',#138,'Bolt assembly',$,$,#3011,#3007,'ID71c41b40-147a-4e10-b8a7-8666feb15161',16.,55.);
#3013= IFCCARTESIANPOINT((0.,-55.));
#3014= IFCCARTESIANPOINT((0.,55.));
#3015= IFCCARTESIANPOINT((250.000000000073,55.));
#3016= IFCCARTESIANPOINT((250.000000000073,-55.));
#3017= IFCPOLYLINE((#3013,#3014,#3015,#3016,#3013));
#3018= IFCARBITRARYCLOSEDPROFILEDEF(.AREA.,'FL10*110',#3017);
#3019= IFCEXTRUDEDAREASOLID(#3018,#1797,#9,10.);
#3020= IFCSHAPEREPRESENTATION(#12,'Body','SweptSolid',(#3019));
#3021= IFCSTYLEDITEM(#3019,(#1448),$);
#3022= IFCPRODUCTDEFINITIONSHAPE($,$,(#3020));
#3023= IFCCARTESIANPOINT((-52992.1651526931,-95238.9943142779,2371.9178728718));
#3024= IFCAXIS2PLACEMENT3D(#3023,#2795,#127);
#3025= IFCLOCALPLACEMENT(#2756,#3024);
#3026= IFCPLATE('1JiCdq7qv5qfNufKhwCzlP',#138,'Fladst\S\el','FL10*110',$,#3025,#3022,'ID53b0c9f4-1f4e-45d2-95f8-a54afa33dbd9');
#3027= IFCPLATETYPE('0Vpn$tDV9BJRk8$jD0JWdY',#5,'FL10*110',$,$,$,$,$,$,.NOTDEFINED.);
#3028= IFCPROPERTYSINGLEVALUE('Bottom elevation',$,IFCLABEL(' +2.319'),$);
#3029= IFCPROPERTYSINGLEVALUE('Top elevation',$,IFCLABEL(' +2.425'),$);
#3030= IFCPROPERTYSET('21wLGgfIrErQ4L1NqzdESs',#5,'Tekla Common','Common Properties to Shared building elements',(#1496,#3028,#3029,#1499,#1500,#1501,#1502));
#3031= IFCPROPERTYSINGLEVALUE('Weight',$,IFCMASSMEASURE(2.16),$);
#3032= IFCPROPERTYSINGLEVALUE('Area per tons',$,IFCAREAMEASURE(28.813),$);
#3033= IFCPROPERTYSINGLEVALUE('Net surface area',$,IFCAREAMEASURE(0.062),$);
#3034= IFCPROPERTYSET('0tyytAChz85xL8EB4Tva2V',#5,'Tekla Quantity','Quantity Properties to Shared building elements',(#3031,#1505,#2260,#3032,#3033,#2841,#1816,#2068));
#3035= IFCPROPERTYSINGLEVALUE('Reference',$,IFCIDENTIFIER('F76'),$);
#3036= IFCPROPERTYSET('0V8g5v7d52bvNiJ1QQ2H4W',#5,'Pset_PlateCommon','Common Properties to plate elements',(#1513,#3035));
#3037= IFCQUANTITYAREA('NetArea',$,$,0.0622000000000175);
#3038= IFCQUANTITYAREA('GrossArea',$,$,0.0622000000000175);
#3039= IFCQUANTITYAREA('CrossSectionArea',$,$,0.0011);
#3040= IFCQUANTITYVOLUME('NetVolume',$,$,0.00027500000000008);
#3041= IFCQUANTITYVOLUME('GrossVolume',$,$,0.00027500000000008);
#3042= IFCELEMENTQUANTITY('3XRpjALlj56Qo7c1jyn38Y',#5,'BaseQuantities',$,$,(#319,#3037,#3038,#3039,#3040,#3041));
#3043= IFCSHAPEREPRESENTATION(#12,'Body','SweptSolid',(#3019));
#3044= IFCPRODUCTDEFINITIONSHAPE($,$,(#3043));
#3045= IFCCARTESIANPOINT((-50017.8484473359,-95238.994404108,3573.61876379052));
#3046= IFCDIRECTION((-0.927183969551444,2.78155150107886E-08,-0.374606308818773));
#3047= IFCAXIS2PLACEMENT3D(#3045,#3046,#127);
#3048= IFCLOCALPLACEMENT(#2756,#3047);
#3049= IFCPLATE('2_jb2z4z9B1wCKdNYLdt9U',#138,'Fladst\S\el','FL10*110',$,#3048,#3044,'IDbeb650bd-13d2-4b07-a314-9d78959f725e');
#3050= IFCPROPERTYSINGLEVALUE('Bottom elevation',$,IFCLABEL(' +3.521'),$);
#3051= IFCPROPERTYSINGLEVALUE('Top elevation',$,IFCLABEL(' +3.626'),$);
#3052= IFCPROPERTYSET('0reDMhwEn7sP9t$syHMosK',#5,'Tekla Common','Common Properties to Shared building elements',(#1496,#3050,#3051,#1499,#1500,#1501,#1502));
#3053= IFCSHAPEREPRESENTATION(#12,'Body','SweptSolid',(#3019));
#3054= IFCPRODUCTDEFINITIONSHAPE($,$,(#3053));
#3055= IFCCARTESIANPOINT((-50017.8518710904,-97028.9903386318,3573.61990478885));
#3056= IFCAXIS2PLACEMENT3D(#3055,#3046,#8);
#3057= IFCLOCALPLACEMENT(#2859,#3056);
#3058= IFCPLATE('3wrUWDtJfCqeCiroXRm7Fp',#138,'Fladst\S\el','FL10*110',$,#3057,#3054,'IDfad5e80d-dd3a-4cd2-832c-d7285bc073f3');
#3059= IFCSHAPEREPRESENTATION(#12,'Body','SweptSolid',(#3019));
#3060= IFCPRODUCTDEFINITIONSHAPE($,$,(#3059));
#3061= IFCCARTESIANPOINT((-52992.1655869122,-97028.9902487925,2371.92189986432));
#3062= IFCAXIS2PLACEMENT3D(#3061,#2795,#8);
#3063= IFCLOCALPLACEMENT(#2859,#3062);
#3064= IFCPLATE('0Ie$zzqJf5vxOmqB51zEBD',#138,'Fladst\S\el','FL10*110',$,#3063,#3060,'ID12a3ff7d-d13a-45e7-b630-d0b141f4e2cd');
#3065= IFCSHAPEREPRESENTATION(#12,'Body','MappedRepresentation',(#1967,#1970,#1973,#1976));
#3066= IFCPRODUCTDEFINITIONSHAPE($,$,(#3065));
#3067= IFCCARTESIANPOINT((-50309.9990598488,-96783.9996665573,2380.81));
#3068= IFCAXIS2PLACEMENT3D(#3067,#8,#85);
#3069= IFCLOCALPLACEMENT(#46,#3068);
#3070= IFCMECHANICALFASTENER('2YBGIJ36L3ceSmIKsyeMQe',#1929,'Bolt assembly',$,$,#3069,#3066,'IDa22d0493-0c65-439a-8730-494dbca166a8',12.,130.);
#3071= IFCSHAPEREPRESENTATION(#12,'Body','SweptSolid',(#2001));
#3072= IFCPRODUCTDEFINITIONSHAPE($,$,(#3071));
#3073= IFCCARTESIANPOINT((-50304.9990598488,-96783.9996665573,2235.81));
#3074= IFCAXIS2PLACEMENT3D(#3073,#155,#9);
#3075= IFCLOCALPLACEMENT(#46,#3074);
#3076= IFCPLATE('0qR9nfaGX9YgrFykkNWdNS',#45,'Fladst\S\el','FL10*90',$,#3075,#3072,'ID346c9c69-9108-498a-ad4f-f2eb978275dc');
#3077= IFCSHAPEREPRESENTATION(#12,'Body','MappedRepresentation',(#2033,#2036,#2039,#2042));
#3078= IFCPRODUCTDEFINITIONSHAPE($,$,(#3077));
#3079= IFCCARTESIANPOINT((-52699.9996665573,-96733.9996665573,2330.81));
#3080= IFCAXIS2PLACEMENT3D(#3079,#9,#127);
#3081= IFCLOCALPLACEMENT(#46,#3080);
#3082= IFCMECHANICALFASTENER('3DMdVijt9B59Xu$7hbB7eO',#2030,'Bolt assembly',$,$,#3081,#3078,'IDcd5a77ec-b772-4b14-9878-fc7ae52c7a18',12.,130.);
#3083= IFCSHAPEREPRESENTATION(#12,'Body','SweptSolid',(#2053));
#3084= IFCPRODUCTDEFINITIONSHAPE($,$,(#3083));
#3085= IFCCARTESIANPOINT((-52704.9996665573,-96908.9996665573,2330.81));
#3086= IFCAXIS2PLACEMENT3D(#3085,#7,#8);
#3087= IFCLOCALPLACEMENT(#46,#3086);
#3088= IFCPLATE('3DUGdgXZ99fvXtYRoCeAB6',#45,'Fladst\S\el','FL10*90',$,#3087,#3084,'IDcd7909ea-8632-49a7-9877-89bc8ca0a2c6');
#3089= IFCSHAPEREPRESENTATION(#12,'Body','MappedRepresentation',(#1967,#1970,#1973,#1976));
#3090= IFCPRODUCTDEFINITIONSHAPE($,$,(#3089));
#3091= IFCCARTESIANPOINT((-52759.9990598488,-96733.9996665573,2270.81));
#3092= IFCAXIS2PLACEMENT3D(#3091,#7,#127);
#3093= IFCLOCALPLACEMENT(#201,#3092);
#3094= IFCMECHANICALFASTENER('2aVLf26zXDAPRZnfiuhBX0',#2030,'Bolt assembly',$,$,#3093,#3090,'IDa47d5a42-1bd8-4d29-96e3-c69b38acb840',12.,130.);
#3095= IFCSHAPEREPRESENTATION(#12,'Body','SweptSolid',(#2001));
#3096= IFCPRODUCTDEFINITIONSHAPE($,$,(#3095));
#3097= IFCCARTESIANPOINT((-52759.9990598488,-96878.9996665573,2275.81));
#3098= IFCAXIS2PLACEMENT3D(#3097,#85,#8);
#3099= IFCLOCALPLACEMENT(#201,#3098);
#3100= IFCPLATE('2nqmD2iV98ZQVQToQIh7rX',#45,'Fladst\S\el','FL10*90',$,#3099,#3096,'IDb1d30342-b1f2-488d-a7da-772692ac7d61');
#3101= IFCPROPERTYSINGLEVALUE('Bottom elevation',$,IFCLABEL(' +2.271'),$);
#3102= IFCPROPERTYSINGLEVALUE('Top elevation',$,IFCLABEL(' +2.281'),$);
#3103= IFCPROPERTYSET('25wlfb6zv5dwPQSNdPcbW7',#5,'Tekla Common','Common Properties to Shared building elements',(#1496,#3101,#3102,#1499,#1500,#1501,#2012));
#3104= IFCPROPERTYSINGLEVALUE('Gross footprint area',$,IFCAREAMEASURE(0.017),$);
#3105= IFCPROPERTYSET('2JGcFFbUr1XBWjmzQpezeT',#5,'Tekla Quantity','Quantity Properties to Shared building elements',(#2014,#1505,#3104,#2016,#2017,#2018,#1816,#2019));
#3106= IFCOWNERHISTORY(#3,#4,$,.NOCHANGE.,$,$,$,1761213600);
#3107= IFCSHAPEREPRESENTATION(#12,'Body','MappedRepresentation',(#1967,#1970,#1973,#1976));
#3108= IFCPRODUCTDEFINITIONSHAPE($,$,(#3107));
#3109= IFCCARTESIANPOINT((-52759.9990598488,-95388.9996665573,2270.81));
#3110= IFCAXIS2PLACEMENT3D(#3109,#7,#127);
#3111= IFCLOCALPLACEMENT(#186,#3110);
#3112= IFCMECHANICALFASTENER('26NsbAyBbFxOKcDPzOV68m',#3106,'Bolt assembly',$,$,#3111,#3108,'ID865f694a-f0b9-4fed-8526-359f587c6230',12.,130.);
#3113= IFCSHAPEREPRESENTATION(#12,'Body','SweptSolid',(#2001));
#3114= IFCPRODUCTDEFINITIONSHAPE($,$,(#3113));
#3115= IFCCARTESIANPOINT((-52759.9990598488,-95533.9996665573,2275.81));
#3116= IFCAXIS2PLACEMENT3D(#3115,#85,#8);
#3117= IFCLOCALPLACEMENT(#186,#3116);
#3118= IFCPLATE('1_$cRLlND2hO3lssapF8U9',#45,'Fladst\S\el','FL10*90',$,#3117,#3114,'ID7efe66d5-bd73-42ad-80ef-db69333c8789');
#3119= IFCSHAPEREPRESENTATION(#12,'Body','MappedRepresentation',(#1967,#1970,#1973,#1976));
#3120= IFCPRODUCTDEFINITIONSHAPE($,$,(#3119));
#3121= IFCCARTESIANPOINT((-50249.9990598488,-95388.9996665573,3284.91));
#3122= IFCAXIS2PLACEMENT3D(#3121,#7,#127);
#3123= IFCLOCALPLACEMENT(#226,#3122);
#3124= IFCMECHANICALFASTENER('2RzNqbxvL8bP_L4F880VeU',#3106,'Bolt assembly',$,$,#3123,#3120,'ID9bf57d25-ef95-4895-9f95-10f20801fa1e',12.,130.);
#3125= IFCSHAPEREPRESENTATION(#12,'Body','SweptSolid',(#2001));
#3126= IFCPRODUCTDEFINITIONSHAPE($,$,(#3125));
#3127= IFCCARTESIANPOINT((-50249.9990598488,-95533.9996665573,3289.91));
#3128= IFCAXIS2PLACEMENT3D(#3127,#85,#8);
#3129= IFCLOCALPLACEMENT(#226,#3128);
#3130= IFCPLATE('2YYY7I1R1FlRpub2CiUnzP',#45,'Fladst\S\el','FL10*90',$,#3129,#3126,'IDa28a21d2-05b0-4fbd-bcf8-94232c7b1f59');
#3131= IFCPROPERTYSINGLEVALUE('Bottom elevation',$,IFCLABEL(' +3.285'),$);
#3132= IFCPROPERTYSINGLEVALUE('Top elevation',$,IFCLABEL(' +3.295'),$);
#3133= IFCPROPERTYSET('2oOnm2iuPBXREAw7AMUo40',#5,'Tekla Common','Common Properties to Shared building elements',(#1496,#3131,#3132,#1499,#1500,#1501,#2012));
#3134= IFCSHAPEREPRESENTATION(#12,'Body','MappedRepresentation',(#1967,#1970,#1973,#1976));
#3135= IFCPRODUCTDEFINITIONSHAPE($,$,(#3134));
#3136= IFCCARTESIANPOINT((-50249.9990598488,-96733.9996665573,3284.91));
#3137= IFCAXIS2PLACEMENT3D(#3136,#7,#127);
#3138= IFCLOCALPLACEMENT(#214,#3137);
#3139= IFCMECHANICALFASTENER('1FjGxs6aXDZuDcErbYNd1W',#3106,'Bolt assembly',$,$,#3138,#3135,'ID4fb50ef6-1a48-4d8f-8366-3b59625e7060',12.,130.);
#3140= IFCSHAPEREPRESENTATION(#12,'Body','SweptSolid',(#2001));
#3141= IFCPRODUCTDEFINITIONSHAPE($,$,(#3140));
#3142= IFCCARTESIANPOINT((-50249.9990598488,-96878.9996665573,3289.91));
#3143= IFCAXIS2PLACEMENT3D(#3142,#85,#8);
#3144= IFCLOCALPLACEMENT(#214,#3143);
#3145= IFCPLATE('3GV945adfECB903ar69gWe',#45,'Fladst\S\el','FL10*90',$,#3144,#3141,'IDd07c9105-927a-4e30-b240-0e4d4626a828');
#3146= IFCEXTRUDEDAREASOLID(#2178,#71,#9,10.1);
#3147= IFCSTYLEDITEM(#3146,(#66),$);
#3148= IFCCARTESIANPOINT((10.5,-6.06217782649107));
#3149= IFCCARTESIANPOINT((10.5,6.06217782649107));
#3150= IFCCARTESIANPOINT((7.42402667107435E-16,12.1243556529821));
#3151= IFCCARTESIANPOINT((-10.5,6.06217782649108));
#3152= IFCCARTESIANPOINT((-10.5,-6.06217782649106));
#3153= IFCCARTESIANPOINT((-1.29957990450703E-14,-12.1243556529821));
#3154= IFCPOLYLINE((#3148,#3149,#3150,#3151,#3152,#3153,#3148));
#3155= IFCARBITRARYCLOSEDPROFILEDEF(.AREA.,$,#3154);
#3156= IFCCARTESIANPOINT((0.,-9.24,0.));
#3157= IFCAXIS2PLACEMENT3D(#3156,#8,#7);
#3158= IFCEXTRUDEDAREASOLID(#3155,#3157,#9,9.24);
#3159= IFCSTYLEDITEM(#3158,(#1609),$);
#3160= IFCEXTRUDEDAREASOLID(#1930,#71,#9,150.);
#3161= IFCSTYLEDITEM(#3160,(#1609),$);
#3162= IFCCIRCLEPROFILEDEF(.AREA.,$,#69,12.6);
#3163= IFCEXTRUDEDAREASOLID(#3162,#1629,#9,4.62);
#3164= IFCSTYLEDITEM(#3163,(#1609),$);
#3165= IFCCARTESIANPOINT((11.62,-6.70881012798345));
#3166= IFCCARTESIANPOINT((11.62,6.70881012798345));
#3167= IFCCARTESIANPOINT((8.21592284932228E-16,13.4176202559669));
#3168= IFCCARTESIANPOINT((-11.62,6.70881012798346));
#3169= IFCCARTESIANPOINT((-11.62,-6.70881012798344));
#3170= IFCCARTESIANPOINT((-1.43820176098778E-14,-13.4176202559669));
#3171= IFCPOLYLINE((#3165,#3166,#3167,#3168,#3169,#3170,#3165));
#3172= IFCARBITRARYCLOSEDPROFILEDEF(.AREA.,$,#3171);
#3173= IFCCARTESIANPOINT((0.,14.62,0.));
#3174= IFCAXIS2PLACEMENT3D(#3173,#8,#7);
#3175= IFCEXTRUDEDAREASOLID(#3172,#3174,#9,9.24);
#3176= IFCSTYLEDITEM(#3175,(#1609),$);
#3177= IFCCARTESIANPOINT((0.,0.,-75.));
#3178= IFCCARTESIANTRANSFORMATIONOPERATOR3D($,$,#3177,$,$);
#3179= IFCSHAPEREPRESENTATION(#12,'Body','SweptSolid',(#3146,#3158,#3160,#3163,#3175));
#3180= IFCREPRESENTATIONMAP(#10,#3179);
#3181= IFCMAPPEDITEM(#3180,#3178);
#3182= IFCCARTESIANPOINT((0.,0.,75.));
#3183= IFCCARTESIANTRANSFORMATIONOPERATOR3D($,$,#3182,$,$);
#3184= IFCMAPPEDITEM(#3180,#3183);
#3185= IFCSHAPEREPRESENTATION(#12,'Body','MappedRepresentation',(#3181,#3184));
#3186= IFCPRODUCTDEFINITIONSHAPE($,$,(#3185));
#3187= IFCCARTESIANPOINT((-50249.9990598488,-95438.9996665573,10.));
#3188= IFCAXIS2PLACEMENT3D(#3187,#8,#7);
#3189= IFCLOCALPLACEMENT(#226,#3188);
#3190= IFCMECHANICALFASTENER('1TFR$L2vv3MP98wTW8ebX0',#137,'Bolt assembly',$,$,#3189,#3186,'ID5d3dbfd5-0b9e-4359-9248-e9d808a25840',14.,150.);
#3191= IFCPROPERTYSINGLEVALUE('Washer diameter',$,IFCLENGTHMEASURE(14.),$);
#3192= IFCPROPERTYSINGLEVALUE('Washer name',$,IFCLABEL(''),$);
#3193= IFCPROPERTYSINGLEVALUE('Nut name',$,IFCLABEL(''),$);
#3194= IFCPROPERTYSINGLEVALUE('Bolt size',$,IFCLENGTHMEASURE(14.),$);
#3195= IFCPROPERTYSINGLEVALUE('Bolt length',$,IFCLENGTHMEASURE(150.),$);
#3196= IFCPROPERTYSINGLEVALUE('Bolt Name',$,IFCLABEL('14X150 85/65/35 #2293600'),$);
#3197= IFCPROPERTYSET('3Lh5GIyErBXwGnWlg_1F6r',#5,'Tekla Bolt','Bolt Properties',(#2216,#3191,#1666,#3192,#2218,#1669,#3193,#97,#98,#2220,#100,#101,#3194,#3195,#1674,#3196));
#3198= IFCCARTESIANPOINT((0.,-105.));
#3199= IFCCARTESIANPOINT((0.,105.));
#3200= IFCCARTESIANPOINT((120.,105.));
#3201= IFCCARTESIANPOINT((120.,-105.));
#3202= IFCPOLYLINE((#3198,#3199,#3200,#3201,#3198));
#3203= IFCARBITRARYCLOSEDPROFILEDEF(.AREA.,'FL10*120',#3202);
#3204= IFCEXTRUDEDAREASOLID(#3203,#1797,#9,10.);
#3205= IFCSHAPEREPRESENTATION(#12,'Body','SweptSolid',(#3204));
#3206= IFCSTYLEDITEM(#3204,(#1448),$);
#3207= IFCPRODUCTDEFINITIONSHAPE($,$,(#3205));
#3208= IFCCARTESIANPOINT((-50189.9990598488,-95438.9996665573,5.00000000000001));
#3209= IFCAXIS2PLACEMENT3D(#3208,#9,#155);
#3210= IFCLOCALPLACEMENT(#226,#3209);
#3211= IFCPLATE('2sIfQRhjH7kvD8RrRDkR4T',#45,'Fladst\S\el','FL10*120',$,#3210,#3207,'IDb64a969b-aed4-47bb-9348-6f56cdb9b11d');
#3212= IFCPROPERTYSINGLEVALUE('Weight',$,IFCMASSMEASURE(1.98),$);
#3213= IFCPROPERTYSINGLEVALUE('Gross footprint area',$,IFCAREAMEASURE(0.025),$);
#3214= IFCPROPERTYSINGLEVALUE('Area per tons',$,IFCAREAMEASURE(28.814),$);
#3215= IFCPROPERTYSINGLEVALUE('Net surface area',$,IFCAREAMEASURE(0.057),$);
#3216= IFCPROPERTYSINGLEVALUE('Length',$,IFCLENGTHMEASURE(210.),$);
#3217= IFCPROPERTYSET('3nKcwjHoHDkQkNZmZ3qG$O',#5,'Tekla Quantity','Quantity Properties to Shared building elements',(#3212,#1505,#3213,#3214,#3215,#2293,#1816,#3216));
#3218= IFCPROPERTYSINGLEVALUE('Reference',$,IFCIDENTIFIER('F69'),$);
#3219= IFCPROPERTYSET('2tIC3czr1FIvHQC2bZwyym',#5,'Pset_PlateCommon','Common Properties to plate elements',(#1513,#3218));
#3220= IFCQUANTITYAREA('NetArea',$,$,0.057);
#3221= IFCQUANTITYAREA('GrossArea',$,$,0.057);
#3222= IFCQUANTITYAREA('CrossSectionArea',$,$,0.0021);
#3223= IFCQUANTITYVOLUME('NetVolume',$,$,0.000252);
#3224= IFCQUANTITYVOLUME('GrossVolume',$,$,0.000252);
#3225= IFCELEMENTQUANTITY('0kQhFxIj906wpCF1TyNCa8',#5,'BaseQuantities',$,$,(#206,#3220,#3221,#3222,#3223,#3224));
#3226= IFCSHAPEREPRESENTATION(#12,'Body','MappedRepresentation',(#3181,#3184));
#3227= IFCPRODUCTDEFINITIONSHAPE($,$,(#3226));
#3228= IFCCARTESIANPOINT((-50249.9990598488,-96783.9996665573,10.));
#3229= IFCAXIS2PLACEMENT3D(#3228,#8,#7);
#3230= IFCLOCALPLACEMENT(#214,#3229);
#3231= IFCMECHANICALFASTENER('2aXcEVClH21QsE8lJlh68t',#137,'Bolt assembly',$,$,#3230,#3227,'IDa486639f-32f4-4205-ad8e-22f4efac6237',14.,150.);
#3232= IFCSHAPEREPRESENTATION(#12,'Body','SweptSolid',(#3204));
#3233= IFCPRODUCTDEFINITIONSHAPE($,$,(#3232));
#3234= IFCCARTESIANPOINT((-50189.9990598488,-96783.9996665573,5.00000000000001));
#3235= IFCAXIS2PLACEMENT3D(#3234,#9,#155);
#3236= IFCLOCALPLACEMENT(#214,#3235);
#3237= IFCPLATE('0QObx6KYv5BQ0GPY3Pwt_3',#45,'Fladst\S\el','FL10*120',$,#3236,#3233,'ID1a625ec6-522e-452d-a010-6620d9eb7f83');
#3238= IFCSHAPEREPRESENTATION(#12,'Body','MappedRepresentation',(#3181,#3184));
#3239= IFCPRODUCTDEFINITIONSHAPE($,$,(#3238));
#3240= IFCCARTESIANPOINT((-52759.9990598488,-96783.9996665573,10.));
#3241= IFCAXIS2PLACEMENT3D(#3240,#8,#7);
#3242= IFCLOCALPLACEMENT(#201,#3241);
#3243= IFCMECHANICALFASTENER('16YkjkZNzBGPBYckJRS5PW',#137,'Bolt assembly',$,$,#3242,#3239,'ID468aeb6e-8d7f-4b41-92e2-9ae4db705660',14.,150.);
#3244= IFCSHAPEREPRESENTATION(#12,'Body','SweptSolid',(#3204));
#3245= IFCPRODUCTDEFINITIONSHAPE($,$,(#3244));
#3246= IFCCARTESIANPOINT((-52699.9990598488,-96783.9996665573,5.00000000000001));
#3247= IFCAXIS2PLACEMENT3D(#3246,#9,#155);
#3248= IFCLOCALPLACEMENT(#201,#3247);
#3249= IFCPLATE('3WEeb5Min9ZBUao97X4Ocd',#45,'Fladst\S\el','FL10*120',$,#3248,#3245,'IDe03a8945-5acc-498c-b7a4-c891e11189a7');
#3250= IFCSHAPEREPRESENTATION(#12,'Body','MappedRepresentation',(#3181,#3184));
#3251= IFCPRODUCTDEFINITIONSHAPE($,$,(#3250));
#3252= IFCCARTESIANPOINT((-52759.9990598488,-95438.9996665573,10.));
#3253= IFCAXIS2PLACEMENT3D(#3252,#8,#7);
#3254= IFCLOCALPLACEMENT(#186,#3253);
#3255= IFCMECHANICALFASTENER('0vRFK0SnjDMxz8g7VKjgR5',#137,'Bolt assembly',$,$,#3254,#3251,'ID396cf500-731b-4d5b-bf48-a877d4b6a6c5',14.,150.);
#3256= IFCSHAPEREPRESENTATION(#12,'Body','SweptSolid',(#3204));
#3257= IFCPRODUCTDEFINITIONSHAPE($,$,(#3256));
#3258= IFCCARTESIANPOINT((-52699.9990598488,-95438.9996665573,5.00000000000001));
#3259= IFCAXIS2PLACEMENT3D(#3258,#9,#155);
#3260= IFCLOCALPLACEMENT(#186,#3259);
#3261= IFCPLATE('3IZ95Tgl5FkO3KUMLQw28W',#45,'Fladst\S\el','FL10*120',$,#3260,#3257,'IDd28c915d-aaf1-4fb9-80d4-79655ae82220');
#3262= IFCSHAPEREPRESENTATION(#12,'Body','SweptSolid',(#2245));
#3263= IFCPRODUCTDEFINITIONSHAPE($,$,(#3262));
#3264= IFCCARTESIANPOINT((-89914.998749448,-64768.9970463896,2095.00483149168));
#3265= IFCAXIS2PLACEMENT3D(#3264,#7,#8);
#3266= IFCLOCALPLACEMENT(#439,#3265);
#3267= IFCPLATE('12rEnjDUf1lPaYT24s_YJ2',#45,'Fladst\S\el','FL5*60',$,#3266,#3263,'ID42d4ec6d-35ea-41bd-9922-742136fa24c2');
#3268= IFCSHAPEREPRESENTATION(#12,'Body','SweptSolid',(#2317));
#3269= IFCPRODUCTDEFINITIONSHAPE($,$,(#3268));
#3270= IFCCARTESIANPOINT((-89952.498749448,-64728.9970463896,2035.00483149168));
#3271= IFCAXIS2PLACEMENT3D(#3270,#155,#9);
#3272= IFCLOCALPLACEMENT(#439,#3271);
#3273= IFCBEAM('22R0Daz8H1ZBfhRO3MpYBS',#45,'Drager','L100*10',$,#3272,#3269,'ID826c0364-f484-418c-ba6b-6d80d6ce22dc');
#3274= IFCPROPERTYSET('0wTVRifMrDAAwW57xSuhQY',#5,'Tekla Common','Common Properties to Shared building elements',(#1496,#2659,#2660,#1499,#1500,#1501,#2326));
#3275= IFCSHAPEREPRESENTATION(#12,'Body','SweptSolid',(#2245));
#3276= IFCPRODUCTDEFINITIONSHAPE($,$,(#3275));
#3277= IFCCARTESIANPOINT((-85004.998749448,-64768.9970463896,2095.00483149168));
#3278= IFCAXIS2PLACEMENT3D(#3277,#7,#8);
#3279= IFCLOCALPLACEMENT(#425,#3278);
#3280= IFCPLATE('1MSrCDw11CLx2y14hHeQh6',#45,'Fladst\S\el','FL5*60',$,#3279,#3276,'ID5673530d-e810-4c57-b0bc-044ad1a1aac6');
#3281= IFCSHAPEREPRESENTATION(#12,'Body','SweptSolid',(#2317));
#3282= IFCPRODUCTDEFINITIONSHAPE($,$,(#3281));
#3283= IFCCARTESIANPOINT((-85042.498749448,-64728.9970463896,2035.00483149168));
#3284= IFCAXIS2PLACEMENT3D(#3283,#155,#9);
#3285= IFCLOCALPLACEMENT(#425,#3284);
#3286= IFCBEAM('172Hhax2L5cgbFuT$0N1aQ',#45,'Drager','L100*10',$,#3285,#3282,'ID47091ae4-ec25-459a-a94f-e1dfc05c191a');
#3287= IFCLOCALPLACEMENT(#42,#10);
#3288= IFCELEMENTASSEMBLY('2Q$Hzk6R9E$uokLiSZ0$ju',#138,'Drager',$,$,#3287,$,'d37',.NOTDEFINED.,.NOTDEFINED.);
#3289= IFCPROPERTYSINGLEVALUE('Assembly/Cast unit weight',$,IFCMASSMEASURE(54.3),$);
#3290= IFCPROPERTYSINGLEVALUE('Assembly/Cast unit Mark',$,IFCLABEL('d37'),$);
#3291= IFCPROPERTYSET('2hmX4ORefF8PXnn_zBaaOf',#5,'Tekla Assembly','Assembly Properties',(#48,#49,#50,#3289,#2759,#370,#270,#3290));
#3292= IFCCARTESIANPOINT((0.,-0.0880309070802369,0.));
#3293= IFCAXIS2PLACEMENT3D(#3292,#8,#7);
#3294= IFCEXTRUDEDAREASOLID(#2178,#3293,#9,10.1);
#3295= IFCSTYLEDITEM(#3294,(#66),$);
#3296= IFCCARTESIANPOINT((0.,10.01196909343,0.));
#3297= IFCAXIS2PLACEMENT3D(#3296,#8,#7);
#3298= IFCEXTRUDEDAREASOLID(#2193,#3297,#9,3.);
#3299= IFCSTYLEDITEM(#3298,(#62),$);
#3300= IFCCARTESIANPOINT((0.,13.01196909343,0.));
#3301= IFCAXIS2PLACEMENT3D(#3300,#8,#7);
#3302= IFCEXTRUDEDAREASOLID(#1619,#3301,#9,14.8);
#3303= IFCSTYLEDITEM(#3302,(#62),$);
#3304= IFCSHAPEREPRESENTATION(#12,'Body','SweptSolid',(#2765,#3294,#2773,#2775,#3298,#3302));
#3305= IFCREPRESENTATIONMAP(#10,#3304);
#3306= IFCMAPPEDITEM(#3305,#768);
#3307= IFCMAPPEDITEM(#3305,#2789);
#3308= IFCSHAPEREPRESENTATION(#12,'Body','MappedRepresentation',(#3306,#3307));
#3309= IFCPRODUCTDEFINITIONSHAPE($,$,(#3308));
#3310= IFCCARTESIANPOINT((-89977.8293972922,-64833.9979444146,2454.46577783432));
#3311= IFCDIRECTION((-0.374624159144733,0.,0.927176757358111));
#3312= IFCDIRECTION((0.927176757358111,0.,0.374624159144734));
#3313= IFCAXIS2PLACEMENT3D(#3310,#3311,#3312);
#3314= IFCLOCALPLACEMENT(#3287,#3313);
#3315= IFCMECHANICALFASTENER('2QLw9Qfc52mxvaSsF7xtPm',#138,'Bolt assembly',$,$,#3314,#3309,'ID9a57a25a-a661-42c3-be64-7363c7ef7670',16.,55.);
#3316= IFCLOCALPLACEMENT(#42,#10);
#3317= IFCELEMENTASSEMBLY('0gT1TDAuH9CPQcZcU597Dc',#138,'Drager',$,$,#3316,$,'d27',.NOTDEFINED.,.NOTDEFINED.);
#3318= IFCPROPERTYSINGLEVALUE('Assembly/Cast unit Mark',$,IFCLABEL('d27'),$);
#3319= IFCPROPERTYSET('3ZBLNSBN96cgUO4wLzCDzr',#5,'Tekla Assembly','Assembly Properties',(#48,#49,#50,#3289,#2759,#370,#270,#3318));
#3320= IFCSHAPEREPRESENTATION(#12,'Body','MappedRepresentation',(#3306,#3307));
#3321= IFCPRODUCTDEFINITIONSHAPE($,$,(#3320));
#3322= IFCCARTESIANPOINT((-85022.1681016039,-64833.9979444146,2454.46577783431));
#3323= IFCDIRECTION((-0.374624159144675,0.,-0.927176757358135));
#3324= IFCDIRECTION((-0.927176757358134,0.,0.374624159144676));
#3325= IFCAXIS2PLACEMENT3D(#3322,#3323,#3324);
#3326= IFCLOCALPLACEMENT(#3316,#3325);
#3327= IFCMECHANICALFASTENER('3T79s0HVHB98HdnRLWFDDl',#138,'Bolt assembly',$,$,#3326,#3321,'IDdd1c9d80-45f4-4b24-8467-c5b5603cd36f',16.,55.);
#3328= IFCCARTESIANPOINT((220.000047684836,55.));
#3329= IFCCARTESIANPOINT((220.000047684836,-55.));
#3330= IFCPOLYLINE((#3013,#3014,#3328,#3329,#3013));
#3331= IFCARBITRARYCLOSEDPROFILEDEF(.AREA.,'FL10*110',#3330);
#3332= IFCEXTRUDEDAREASOLID(#3331,#1797,#9,10.);
#3333= IFCSHAPEREPRESENTATION(#12,'Body','SweptSolid',(#3332));
#3334= IFCSTYLEDITEM(#3332,(#1448),$);
#3335= IFCPRODUCTDEFINITIONSHAPE($,$,(#3333));
#3336= IFCCARTESIANPOINT((-89949.99567559,-64838.9979444146,2284.99995231516));
#3337= IFCAXIS2PLACEMENT3D(#3336,#8,#9);
#3338= IFCLOCALPLACEMENT(#313,#3337);
#3339= IFCPLATE('2GdKCDesz5aujn_HF0qOQE',#138,'Fladst\S\el','FL10*110',$,#3338,#3335,'ID909d430d-a36f-4593-8b71-f913c0d1868e');
#3340= IFCPROPERTYSINGLEVALUE('Bottom elevation',$,IFCLABEL(' +2.285'),$);
#3341= IFCPROPERTYSINGLEVALUE('Top elevation',$,IFCLABEL(' +2.505'),$);
#3342= IFCPROPERTYSET('0OhgcHaZz1fA7FJHQoC5Lg',#5,'Tekla Common','Common Properties to Shared building elements',(#1496,#3340,#3341,#1499,#1500,#1501,#1502));
#3343= IFCPROPERTYSET('27itLjxQfEiOM6dcEO8_$_',#5,'Pset_PlateCommon','Common Properties to plate elements',(#1513,#2901));
#3344= IFCQUANTITYAREA('NetArea',$,$,0.0550000114443607);
#3345= IFCQUANTITYAREA('GrossArea',$,$,0.0550000114443607);
#3346= IFCQUANTITYVOLUME('GrossVolume',$,$,0.00024200005245332);
#3347= IFCELEMENTQUANTITY('1OWlG0cnL2DPETn2yGBlq7',#5,'BaseQuantities',$,$,(#319,#3344,#3345,#3039,#2848,#3346));
#3348= IFCSHAPEREPRESENTATION(#12,'Body','SweptSolid',(#3332));
#3349= IFCPRODUCTDEFINITIONSHAPE($,$,(#3348));
#3350= IFCCARTESIANPOINT((-85050.0018233061,-64838.9979444146,2284.99995231516));
#3351= IFCAXIS2PLACEMENT3D(#3350,#127,#9);
#3352= IFCLOCALPLACEMENT(#327,#3351);
#3353= IFCPLATE('2E6pTmhh98igNfgcSEyzdp',#138,'Fladst\S\el','FL10*110',$,#3352,#3349,'ID8e1b3770-aeb2-48b2-a5e9-aa670ef3d9f3');
#3354= IFCPROPERTYSET('0d$RWuMSX5HwdYkZqHu1H8',#5,'Pset_PlateCommon','Common Properties to plate elements',(#1513,#2844));
#3355= IFCLOCALPLACEMENT(#42,#10);
#3356= IFCELEMENTASSEMBLY('0GTnCzBXrEMP5mAQBHbCJG',#138,'Drager',$,$,#3355,$,'d28',.NOTDEFINED.,.NOTDEFINED.);
#3357= IFCPROPERTYSET('1RaM5TaeX7ZQxzC73R4_8l',#5,'Tekla Assembly','Assembly Properties',(#48,#49,#50,#2911,#2759,#2912,#329,#2913));
#3358= IFCCARTESIANPOINT((0.,9.89879986543973,0.));
#3359= IFCAXIS2PLACEMENT3D(#3358,#8,#7);
#3360= IFCEXTRUDEDAREASOLID(#2178,#3359,#9,10.1);
#3361= IFCSTYLEDITEM(#3360,(#66),$);
#3362= IFCCARTESIANPOINT((0.,19.9987998689004,0.));
#3363= IFCAXIS2PLACEMENT3D(#3362,#8,#7);
#3364= IFCEXTRUDEDAREASOLID(#2193,#3363,#9,3.);
#3365= IFCSTYLEDITEM(#3364,(#62),$);
#3366= IFCCARTESIANPOINT((0.,22.9987998689004,0.));
#3367= IFCAXIS2PLACEMENT3D(#3366,#8,#7);
#3368= IFCEXTRUDEDAREASOLID(#1619,#3367,#9,14.8);
#3369= IFCSTYLEDITEM(#3368,(#62),$);
#3370= IFCSHAPEREPRESENTATION(#12,'Body','SweptSolid',(#2181,#3360,#2189,#2919,#3364,#3368));
#3371= IFCREPRESENTATIONMAP(#10,#3370);
#3372= IFCMAPPEDITEM(#3371,#768);
#3373= IFCMAPPEDITEM(#3371,#2789);
#3374= IFCSHAPEREPRESENTATION(#12,'Body','MappedRepresentation',(#3372,#3373));
#3375= IFCPRODUCTDEFINITIONSHAPE($,$,(#3374));
#3376= IFCCARTESIANPOINT((-84813.208805803,-64608.9859828598,2370.04807798017));
#3377= IFCDIRECTION((-0.374631539175839,1.12389607238583E-08,-0.927173775435189));
#3378= IFCAXIS2PLACEMENT3D(#3376,#3377,#127);
#3379= IFCLOCALPLACEMENT(#3355,#3378);
#3380= IFCMECHANICALFASTENER('2QND4mAwD9N87b6pPao1aZ',#138,'Bolt assembly',$,$,#3379,#3375,'ID9a5cd130-2ba3-495c-81e5-1b3664c81923',16.,55.);
#3381= IFCLOCALPLACEMENT(#42,#10);
#3382= IFCELEMENTASSEMBLY('1EIn90iEnEaQ8mAUuiPbPP',#138,'Drager',$,$,#3381,$,'d28',.NOTDEFINED.,.NOTDEFINED.);
#3383= IFCPROPERTYSET('2Bti8UK2H1mhxa0_1ixC57',#5,'Tekla Assembly','Assembly Properties',(#48,#49,#50,#2911,#2759,#2912,#316,#2913));
#3384= IFCCARTESIANPOINT((0.,9.89805780235292,0.));
#3385= IFCAXIS2PLACEMENT3D(#3384,#8,#7);
#3386= IFCEXTRUDEDAREASOLID(#2178,#3385,#9,10.1);
#3387= IFCSTYLEDITEM(#3386,(#66),$);
#3388= IFCCARTESIANPOINT((0.,19.9980578013828,0.));
#3389= IFCAXIS2PLACEMENT3D(#3388,#8,#7);
#3390= IFCEXTRUDEDAREASOLID(#2193,#3389,#9,3.);
#3391= IFCSTYLEDITEM(#3390,(#62),$);
#3392= IFCCARTESIANPOINT((0.,22.9980578013828,0.));
#3393= IFCAXIS2PLACEMENT3D(#3392,#8,#7);
#3394= IFCEXTRUDEDAREASOLID(#1619,#3393,#9,14.8);
#3395= IFCSTYLEDITEM(#3394,(#62),$);
#3396= IFCSHAPEREPRESENTATION(#12,'Body','SweptSolid',(#2181,#3386,#2189,#2919,#3390,#3394));
#3397= IFCREPRESENTATIONMAP(#10,#3396);
#3398= IFCMAPPEDITEM(#3397,#768);
#3399= IFCMAPPEDITEM(#3397,#2789);
#3400= IFCSHAPEREPRESENTATION(#12,'Body','MappedRepresentation',(#3398,#3399));
#3401= IFCPRODUCTDEFINITIONSHAPE($,$,(#3400));
#3402= IFCCARTESIANPOINT((-90186.8015478,-64608.9859816263,2370.03735019866));
#3403= IFCDIRECTION((-0.374606592907904,-1.1238211300224E-08,0.927183854772036));
#3404= IFCAXIS2PLACEMENT3D(#3402,#3403,#127);
#3405= IFCLOCALPLACEMENT(#3381,#3404);
#3406= IFCMECHANICALFASTENER('0yX4TV_rTEDv9bnnLtAlDN',#138,'Bolt assembly',$,$,#3405,#3401,'ID3c84475f-fb57-4e37-9265-c715772af357',16.,55.);
#3407= IFCCARTESIANPOINT((0.,-59.9,0.));
#3408= IFCAXIS2PLACEMENT3D(#3407,#8,#7);
#3409= IFCEXTRUDEDAREASOLID(#1930,#3408,#9,10.);
#3410= IFCSTYLEDITEM(#3409,(#66),$);
#3411= IFCCARTESIANPOINT((0.,-49.9999999954889,0.));
#3412= IFCAXIS2PLACEMENT3D(#3411,#8,#7);
#3413= IFCEXTRUDEDAREASOLID(#1930,#3412,#9,100.);
#3414= IFCSTYLEDITEM(#3413,(#66),$);
#3415= IFCCARTESIANPOINT((0.,49.9,0.));
#3416= IFCAXIS2PLACEMENT3D(#3415,#8,#7);
#3417= IFCEXTRUDEDAREASOLID(#1930,#3416,#9,10.1);
#3418= IFCSTYLEDITEM(#3417,(#66),$);
#3419= IFCCARTESIANPOINT((0.,-67.5,0.));
#3420= IFCAXIS2PLACEMENT3D(#3419,#8,#7);
#3421= IFCEXTRUDEDAREASOLID(#1946,#3420,#9,7.5);
#3422= IFCSTYLEDITEM(#3421,(#62),$);
#3423= IFCCARTESIANPOINT((0.,-60.,0.));
#3424= IFCAXIS2PLACEMENT3D(#3423,#8,#7);
#3425= IFCEXTRUDEDAREASOLID(#1951,#3424,#9,140.);
#3426= IFCSTYLEDITEM(#3425,(#62),$);
#3427= IFCCARTESIANPOINT((0.,60.,0.));
#3428= IFCAXIS2PLACEMENT3D(#3427,#8,#7);
#3429= IFCEXTRUDEDAREASOLID(#1956,#3428,#9,2.5);
#3430= IFCSTYLEDITEM(#3429,(#62),$);
#3431= IFCCARTESIANPOINT((0.,62.5,0.));
#3432= IFCAXIS2PLACEMENT3D(#3431,#8,#7);
#3433= IFCEXTRUDEDAREASOLID(#1946,#3432,#9,10.8);
#3434= IFCSTYLEDITEM(#3433,(#62),$);
#3435= IFCCARTESIANPOINT((34.7124362821701,0.,30.));
#3436= IFCCARTESIANTRANSFORMATIONOPERATOR3D($,$,#3435,$,$);
#3437= IFCSHAPEREPRESENTATION(#12,'Body','SweptSolid',(#3409,#3413,#3417,#3421,#3425,#3429,#3433));
#3438= IFCREPRESENTATIONMAP(#10,#3437);
#3439= IFCMAPPEDITEM(#3438,#3436);
#3440= IFCCARTESIANPOINT((34.7124362821701,0.,-10.));
#3441= IFCCARTESIANTRANSFORMATIONOPERATOR3D($,$,#3440,$,$);
#3442= IFCMAPPEDITEM(#3438,#3441);
#3443= IFCCARTESIANPOINT((94.7124362821701,0.,30.));
#3444= IFCCARTESIANTRANSFORMATIONOPERATOR3D($,$,#3443,$,$);
#3445= IFCMAPPEDITEM(#3438,#3444);
#3446= IFCCARTESIANPOINT((94.7124362821701,0.,-10.));
#3447= IFCCARTESIANTRANSFORMATIONOPERATOR3D($,$,#3446,$,$);
#3448= IFCMAPPEDITEM(#3438,#3447);
#3449= IFCSHAPEREPRESENTATION(#12,'Body','MappedRepresentation',(#3439,#3442,#3445,#3448));
#3450= IFCPRODUCTDEFINITIONSHAPE($,$,(#3449));
#3451= IFCCARTESIANPOINT((-87499.9987494526,-64773.9959029785,3500.79406393809));
#3452= IFCAXIS2PLACEMENT3D(#3451,#127,#85);
#3453= IFCLOCALPLACEMENT(#379,#3452);
#3454= IFCMECHANICALFASTENER('3b7Y$iW0v3HuZcd0SywWjw',#45,'Bolt assembly',$,$,#3453,#3450,'IDe51e2fec-800e-4347-88e6-9c073cea0b7a',12.,140.);
#3455= IFCPROPERTYSINGLEVALUE('Bolt length',$,IFCLENGTHMEASURE(140.),$);
#3456= IFCPROPERTYSET('2GKNydV7X9P8fxLLUZ7vA$',#5,'Tekla Bolt','Bolt Properties',(#1664,#1983,#92,#1984,#1668,#95,#1985,#97,#98,#1986,#100,#1671,#1987,#3455,#1989,#105));
#3457= IFCCARTESIANPOINT((0.,-50.));
#3458= IFCCARTESIANPOINT((0.,50.));
#3459= IFCCARTESIANPOINT((124.42,50.));
#3460= IFCCARTESIANPOINT((124.42,-50.));
#3461= IFCPOLYLINE((#3457,#3458,#3459,#3460,#3457));
#3462= IFCARBITRARYCLOSEDPROFILEDEF(.AREA.,'FL10*100',#3461);
#3463= IFCEXTRUDEDAREASOLID(#3462,#1797,#9,10.);
#3464= IFCSHAPEREPRESENTATION(#12,'Body','SweptSolid',(#3463));
#3465= IFCSTYLEDITEM(#3463,(#2475),$);
#3466= IFCPRODUCTDEFINITIONSHAPE($,$,(#3464));
#3467= IFCCARTESIANPOINT((-87444.9987494526,-64778.9959029785,3371.66));
#3468= IFCAXIS2PLACEMENT3D(#3467,#155,#9);
#3469= IFCLOCALPLACEMENT(#3316,#3468);
#3470= IFCPLATE('18rDslEzP7wBRFEFAcvsMj',#138,'Fladst\S\el','FL10*100',$,#3469,#3466,'ID48d4ddaf-3bd6-47e8-b6cf-38f2a6e765ad');
#3471= IFCPLATETYPE('1pChXbKIbEz8GnR$r7RCEi',#5,'FL10*100',$,$,$,$,$,$,.NOTDEFINED.);
#3472= IFCPROPERTYSINGLEVALUE('Bottom elevation',$,IFCLABEL(' +3.372'),$);
#3473= IFCPROPERTYSINGLEVALUE('Top elevation',$,IFCLABEL(' +3.496'),$);
#3474= IFCPROPERTYSET('3TFVfy8gz3QQXggz49Fc1W',#5,'Tekla Common','Common Properties to Shared building elements',(#1496,#3472,#3473,#1499,#1500,#1501,#2489));
#3475= IFCPROPERTYSINGLEVALUE('Weight',$,IFCMASSMEASURE(0.98),$);
#3476= IFCPROPERTYSINGLEVALUE('Area per tons',$,IFCAREAMEASURE(30.073),$);
#3477= IFCPROPERTYSINGLEVALUE('Net surface area',$,IFCAREAMEASURE(0.029),$);
#3478= IFCPROPERTYSINGLEVALUE('Length',$,IFCLENGTHMEASURE(124.4),$);
#3479= IFCPROPERTYSET('1N8ifp4Gz5OvqBk9FQlzvO',#5,'Tekla Quantity','Quantity Properties to Shared building elements',(#3475,#1505,#2015,#3476,#3477,#2112,#1816,#3478));
#3480= IFCPROPERTYSINGLEVALUE('Reference',$,IFCIDENTIFIER('F73'),$);
#3481= IFCPROPERTYSET('0AZ4Igps97ZOjWw22_CMrA',#5,'Pset_PlateCommon','Common Properties to plate elements',(#1513,#3480));
#3482= IFCQUANTITYAREA('NetArea',$,$,0.0293724);
#3483= IFCQUANTITYAREA('GrossArea',$,$,0.0293724);
#3484= IFCQUANTITYAREA('CrossSectionArea',$,$,0.001);
#3485= IFCQUANTITYVOLUME('NetVolume',$,$,0.00012442);
#3486= IFCQUANTITYVOLUME('GrossVolume',$,$,0.00012442);
#3487= IFCELEMENTQUANTITY('1CwwAbx6TAVuB9NTukddSq',#5,'BaseQuantities',$,$,(#395,#3482,#3483,#3484,#3485,#3486));
#3488= IFCSHAPEREPRESENTATION(#12,'Body','SweptSolid',(#3463));
#3489= IFCPRODUCTDEFINITIONSHAPE($,$,(#3488));
#3490= IFCCARTESIANPOINT((-87554.9987494526,-64778.9959029785,3371.66));
#3491= IFCAXIS2PLACEMENT3D(#3490,#155,#9);
#3492= IFCLOCALPLACEMENT(#3287,#3491);
#3493= IFCPLATE('0IicPZbIz1dO1dRNXZ_eiW',#138,'Fladst\S\el','FL10*100',$,#3492,#3489,'ID12b26663-952f-419d-8067-6d7863fa8b20');
#3494= IFCCARTESIANPOINT((90.,45.));
#3495= IFCCARTESIANPOINT((90.,-45.));
#3496= IFCPOLYLINE((#1995,#1996,#3494,#3495,#1995));
#3497= IFCARBITRARYCLOSEDPROFILEDEF(.AREA.,'FL5*90',#3496);
#3498= IFCEXTRUDEDAREASOLID(#3497,#1484,#9,5.);
#3499= IFCSHAPEREPRESENTATION(#12,'Body','SweptSolid',(#3498));
#3500= IFCSTYLEDITEM(#3498,(#1448),$);
#3501= IFCPRODUCTDEFINITIONSHAPE($,$,(#3499));
#3502= IFCCARTESIANPOINT((-87499.9987494481,-64829.000040931,3493.58));
#3503= IFCAXIS2PLACEMENT3D(#3502,#85,#8);
#3504= IFCLOCALPLACEMENT(#379,#3503);
#3505= IFCPLATE('3jjA5fHxv8VPBLVm2RJOdD',#45,'Fladst\S\el','FL5*90',$,#3504,#3501,'IDedb4a169-47be-487d-92d5-7f009b4d89cd');
#3506= IFCPLATETYPE('3XmCNXFPf2cwmNW4uhPQW2',#5,'FL5*90',$,$,$,$,$,$,.NOTDEFINED.);
#3507= IFCPROPERTYSINGLEVALUE('Bottom elevation',$,IFCLABEL(' +3.491'),$);
#3508= IFCPROPERTYSET('13bxQljYr4vPf9BRcRATyI',#5,'Tekla Common','Common Properties to Shared building elements',(#1496,#3507,#3473,#1499,#1500,#1501,#1502));
#3509= IFCPROPERTYSINGLEVALUE('Weight',$,IFCMASSMEASURE(0.32),$);
#3510= IFCPROPERTYSINGLEVALUE('Gross footprint area',$,IFCAREAMEASURE(0.008),$);
#3511= IFCPROPERTYSINGLEVALUE('Area per tons',$,IFCAREAMEASURE(56.617),$);
#3512= IFCPROPERTYSINGLEVALUE('Net surface area',$,IFCAREAMEASURE(0.018),$);
#3513= IFCPROPERTYSINGLEVALUE('Length',$,IFCLENGTHMEASURE(90.),$);
#3514= IFCPROPERTYSET('0FSTO$ow12lA6YeTLyjGX_',#5,'Tekla Quantity','Quantity Properties to Shared building elements',(#3509,#1505,#3510,#3511,#3512,#2018,#1510,#3513));
#3515= IFCPROPERTYSINGLEVALUE('Reference',$,IFCIDENTIFIER('F74'),$);
#3516= IFCPROPERTYSET('13KddkVuX4i8vWDwqIKMiK',#5,'Pset_PlateCommon','Common Properties to plate elements',(#1513,#3515));
#3517= IFCQUANTITYAREA('NetArea',$,$,0.018);
#3518= IFCQUANTITYAREA('GrossArea',$,$,0.018);
#3519= IFCQUANTITYAREA('CrossSectionArea',$,$,0.00045);
#3520= IFCQUANTITYVOLUME('NetVolume',$,$,4.05E-05);
#3521= IFCQUANTITYVOLUME('GrossVolume',$,$,4.05E-05);
#3522= IFCELEMENTQUANTITY('1YyFVHKyT84gqiBqUSp7Nq',#5,'BaseQuantities',$,$,(#2023,#3517,#3518,#3519,#3520,#3521));
#3523= IFCCARTESIANPOINT((0.,9.89517460875114,0.));
#3524= IFCAXIS2PLACEMENT3D(#3523,#8,#7);
#3525= IFCEXTRUDEDAREASOLID(#2178,#3524,#9,10.1);
#3526= IFCSTYLEDITEM(#3525,(#66),$);
#3527= IFCCARTESIANPOINT((0.,19.995174611563,0.));
#3528= IFCAXIS2PLACEMENT3D(#3527,#8,#7);
#3529= IFCEXTRUDEDAREASOLID(#2193,#3528,#9,3.);
#3530= IFCSTYLEDITEM(#3529,(#62),$);
#3531= IFCCARTESIANPOINT((0.,22.995174611563,0.));
#3532= IFCAXIS2PLACEMENT3D(#3531,#8,#7);
#3533= IFCEXTRUDEDAREASOLID(#1619,#3532,#9,14.8);
#3534= IFCSTYLEDITEM(#3533,(#62),$);
#3535= IFCSHAPEREPRESENTATION(#12,'Body','SweptSolid',(#2181,#3525,#2189,#2919,#3529,#3533));
#3536= IFCREPRESENTATIONMAP(#10,#3535);
#3537= IFCMAPPEDITEM(#3536,#768);
#3538= IFCMAPPEDITEM(#3536,#2789);
#3539= IFCSHAPEREPRESENTATION(#12,'Body','MappedRepresentation',(#3537,#3538));
#3540= IFCPRODUCTDEFINITIONSHAPE($,$,(#3539));
#3541= IFCCARTESIANPOINT((-90186.7986930585,-63258.9940171319,2370.03807797269));
#3542= IFCDIRECTION((0.374631539175839,-1.12389607238583E-08,-0.927173775435189));
#3543= IFCAXIS2PLACEMENT3D(#3541,#3542,#8);
#3544= IFCLOCALPLACEMENT(#3381,#3543);
#3545= IFCMECHANICALFASTENER('2qRmja3Pn7hej5B0PiMQ66',#138,'Bolt assembly',$,$,#3544,#3540,'IDb46f0b64-0d9c-47ae-8b45-2c066c59a186',16.,55.);
#3546= IFCCARTESIANPOINT((0.,9.89467433021039,0.));
#3547= IFCAXIS2PLACEMENT3D(#3546,#8,#7);
#3548= IFCEXTRUDEDAREASOLID(#2178,#3547,#9,10.1);
#3549= IFCSTYLEDITEM(#3548,(#66),$);
#3550= IFCCARTESIANPOINT((0.,19.9946743298908,0.));
#3551= IFCAXIS2PLACEMENT3D(#3550,#8,#7);
#3552= IFCEXTRUDEDAREASOLID(#2193,#3551,#9,3.);
#3553= IFCSTYLEDITEM(#3552,(#62),$);
#3554= IFCCARTESIANPOINT((0.,22.9946743298908,0.));
#3555= IFCAXIS2PLACEMENT3D(#3554,#8,#7);
#3556= IFCEXTRUDEDAREASOLID(#1619,#3555,#9,14.8);
#3557= IFCSTYLEDITEM(#3556,(#62),$);
#3558= IFCSHAPEREPRESENTATION(#12,'Body','SweptSolid',(#2181,#3548,#2189,#2919,#3552,#3556));
#3559= IFCREPRESENTATIONMAP(#10,#3558);
#3560= IFCMAPPEDITEM(#3559,#768);
#3561= IFCMAPPEDITEM(#3559,#2789);
#3562= IFCSHAPEREPRESENTATION(#12,'Body','MappedRepresentation',(#3560,#3561));
#3563= IFCPRODUCTDEFINITIONSHAPE($,$,(#3562));
#3564= IFCCARTESIANPOINT((-84813.2088052993,-63258.9940176966,2370.04807912641));
#3565= IFCDIRECTION((0.374606592907904,1.1238211300224E-08,0.927183854772036));
#3566= IFCAXIS2PLACEMENT3D(#3564,#3565,#8);
#3567= IFCLOCALPLACEMENT(#3355,#3566);
#3568= IFCMECHANICALFASTENER('0B_abGVij2D8RYse$LoFWT',#138,'Bolt assembly',$,$,#3567,#3563,'ID0bfa4950-7ecb-4234-86e2-da8fd5c8f81d',16.,55.);
#3569= IFCCARTESIANPOINT((34.7124362821701,0.,-30.));
#3570= IFCCARTESIANTRANSFORMATIONOPERATOR3D($,$,#3569,$,$);
#3571= IFCMAPPEDITEM(#3438,#3570);
#3572= IFCCARTESIANPOINT((34.7124362821701,0.,10.));
#3573= IFCCARTESIANTRANSFORMATIONOPERATOR3D($,$,#3572,$,$);
#3574= IFCMAPPEDITEM(#3438,#3573);
#3575= IFCCARTESIANPOINT((94.7124362821701,0.,-30.));
#3576= IFCCARTESIANTRANSFORMATIONOPERATOR3D($,$,#3575,$,$);
#3577= IFCMAPPEDITEM(#3438,#3576);
#3578= IFCCARTESIANPOINT((94.7124362821701,0.,10.));
#3579= IFCCARTESIANTRANSFORMATIONOPERATOR3D($,$,#3578,$,$);
#3580= IFCMAPPEDITEM(#3438,#3579);
#3581= IFCSHAPEREPRESENTATION(#12,'Body','MappedRepresentation',(#3571,#3574,#3577,#3580));
#3582= IFCPRODUCTDEFINITIONSHAPE($,$,(#3581));
#3583= IFCCARTESIANPOINT((-87499.9987494526,-63094.0040970215,3500.79406393809));
#3584= IFCAXIS2PLACEMENT3D(#3583,#127,#85);
#3585= IFCLOCALPLACEMENT(#366,#3584);
#3586= IFCMECHANICALFASTENER('2OU3GakNzDKvVUB2poq0yF',#3106,'Bolt assembly',$,$,#3585,#3582,'ID98783424-b97f-4d53-97de-2c2cf2d00f0f',12.,140.);
#3587= IFCLOCALPLACEMENT(#42,#10);
#3588= IFCELEMENTASSEMBLY('1gc2pUl$H8buLPtM3NfYiu',#138,'Drager',$,$,#3587,$,'d37',.NOTDEFINED.,.NOTDEFINED.);
#3589= IFCPROPERTYSET('0WHr$7YLDBavc$BNV$EY6E',#5,'Tekla Assembly','Assembly Properties',(#48,#49,#50,#3289,#2759,#370,#290,#3290));
#3590= IFCSHAPEREPRESENTATION(#12,'Body','SweptSolid',(#3463));
#3591= IFCPRODUCTDEFINITIONSHAPE($,$,(#3590));
#3592= IFCCARTESIANPOINT((-87444.9987494526,-63089.0040970215,3371.66));
#3593= IFCAXIS2PLACEMENT3D(#3592,#7,#9);
#3594= IFCLOCALPLACEMENT(#3587,#3593);
#3595= IFCPLATE('1dJw5qMO92LOLlPt_O6GG4',#138,'Fladst\S\el','FL10*100',$,#3594,#3591,'ID674fa174-5982-4255-856f-677f98190404');
#3596= IFCLOCALPLACEMENT(#42,#10);
#3597= IFCELEMENTASSEMBLY('3vtrN5VlLBdwjSN45dXmf5',#138,'Drager',$,$,#3596,$,'d27',.NOTDEFINED.,.NOTDEFINED.);
#3598= IFCPROPERTYSET('3lK7rM5VLF8QBZGarcsQN8',#5,'Tekla Assembly','Assembly Properties',(#48,#49,#50,#3289,#2759,#370,#290,#3318));
#3599= IFCSHAPEREPRESENTATION(#12,'Body','SweptSolid',(#3463));
#3600= IFCPRODUCTDEFINITIONSHAPE($,$,(#3599));
#3601= IFCCARTESIANPOINT((-87554.9987494526,-63089.0040970215,3371.66));
#3602= IFCAXIS2PLACEMENT3D(#3601,#7,#9);
#3603= IFCLOCALPLACEMENT(#3596,#3602);
#3604= IFCPLATE('2odZUx3H54aeifIZW9k5tn',#138,'Fladst\S\el','FL10*100',$,#3603,#3600,'IDb29e37bb-0d11-4492-8b29-4a3809b85df1');
#3605= IFCSHAPEREPRESENTATION(#12,'Body','SweptSolid',(#3498));
#3606= IFCPRODUCTDEFINITIONSHAPE($,$,(#3605));
#3607= IFCCARTESIANPOINT((-87499.9987494481,-63129.000040931,3493.58));
#3608= IFCAXIS2PLACEMENT3D(#3607,#85,#8);
#3609= IFCLOCALPLACEMENT(#366,#3608);
#3610= IFCPLATE('3sxQOykSrBF88t3iImlU8K',#45,'Fladst\S\el','FL5*90',$,#3609,#3606,'IDf6eda63c-b9cd-4b3c-8237-0ec4b0bde214');
#3611= IFCCARTESIANPOINT((0.,-0.108032118104865,0.));
#3612= IFCAXIS2PLACEMENT3D(#3611,#8,#7);
#3613= IFCEXTRUDEDAREASOLID(#2178,#3612,#9,10.1);
#3614= IFCSTYLEDITEM(#3613,(#66),$);
#3615= IFCCARTESIANPOINT((0.,9.99196788228973,0.));
#3616= IFCAXIS2PLACEMENT3D(#3615,#8,#7);
#3617= IFCEXTRUDEDAREASOLID(#2193,#3616,#9,3.);
#3618= IFCSTYLEDITEM(#3617,(#62),$);
#3619= IFCCARTESIANPOINT((0.,12.9919678822897,0.));
#3620= IFCAXIS2PLACEMENT3D(#3619,#8,#7);
#3621= IFCEXTRUDEDAREASOLID(#1619,#3620,#9,14.8);
#3622= IFCSTYLEDITEM(#3621,(#62),$);
#3623= IFCSHAPEREPRESENTATION(#12,'Body','SweptSolid',(#2765,#3613,#2773,#2775,#3617,#3621));
#3624= IFCREPRESENTATIONMAP(#10,#3623);
#3625= IFCMAPPEDITEM(#3624,#768);
#3626= IFCMAPPEDITEM(#3624,#2789);
#3627= IFCSHAPEREPRESENTATION(#12,'Body','MappedRepresentation',(#3625,#3626));
#3628= IFCPRODUCTDEFINITIONSHAPE($,$,(#3627));
#3629= IFCCARTESIANPOINT((-89977.8293972922,-63034.0020555854,2454.46577783434));
#3630= IFCDIRECTION((0.374624159144703,0.,-0.927176757358123));
#3631= IFCAXIS2PLACEMENT3D(#3629,#3630,#3312);
#3632= IFCLOCALPLACEMENT(#3596,#3631);
#3633= IFCMECHANICALFASTENER('0XbFzPP8L5k9XmnGxaMGeY',#138,'Bolt assembly',$,$,#3632,#3628,'ID2194ff59-6485-45b8-9870-c50ee4590a22',16.,55.);
#3634= IFCSHAPEREPRESENTATION(#12,'Body','SweptSolid',(#3332));
#3635= IFCPRODUCTDEFINITIONSHAPE($,$,(#3634));
#3636= IFCCARTESIANPOINT((-89949.99567559,-63029.0020555854,2284.99995231516));
#3637= IFCAXIS2PLACEMENT3D(#3636,#8,#9);
#3638= IFCLOCALPLACEMENT(#313,#3637);
#3639= IFCPLATE('1oM_HIdYf8SvhoRDnFcAdY',#138,'Fladst\S\el','FL10*110',$,#3638,#3635,'ID725be452-9e2a-4873-9af2-6cdc4f98a9e2');
#3640= IFCSHAPEREPRESENTATION(#12,'Body','MappedRepresentation',(#3625,#3626));
#3641= IFCPRODUCTDEFINITIONSHAPE($,$,(#3640));
#3642= IFCCARTESIANPOINT((-85022.1681015891,-63034.0020555854,2454.46577786972));
#3643= IFCDIRECTION((0.374624157937709,0.,0.927176757845807));
#3644= IFCAXIS2PLACEMENT3D(#3642,#3643,#3324);
#3645= IFCLOCALPLACEMENT(#3587,#3644);
#3646= IFCMECHANICALFASTENER('16chBHyzb7kw$wcNFQMssH',#138,'Bolt assembly',$,$,#3645,#3641,'ID469ab2d1-f3d9-47bb-affa-9973da5b6d91',16.,55.);
#3647= IFCSHAPEREPRESENTATION(#12,'Body','SweptSolid',(#3332));
#3648= IFCPRODUCTDEFINITIONSHAPE($,$,(#3647));
#3649= IFCCARTESIANPOINT((-85050.0018233061,-63029.0020555854,2284.99995231516));
#3650= IFCAXIS2PLACEMENT3D(#3649,#127,#9);
#3651= IFCLOCALPLACEMENT(#327,#3650);
#3652= IFCPLATE('2ysP0yk6zA4Or5lUuBymRm',#138,'Fladst\S\el','FL10*110',$,#3651,#3648,'IDbcd9903c-b86f-4a11-8d45-bdee0bf306f0');
#3653= IFCSHAPEREPRESENTATION(#12,'Body','SweptSolid',(#3019));
#3654= IFCPRODUCTDEFINITIONSHAPE($,$,(#3653));
#3655= IFCCARTESIANPOINT((-84817.8447064742,-64828.985982715,2371.92117330934));
#3656= IFCDIRECTION((-0.927178815187516,2.78153603798934E-08,0.374619066075758));
#3657= IFCAXIS2PLACEMENT3D(#3655,#3656,#8);
#3658= IFCLOCALPLACEMENT(#3316,#3657);
#3659= IFCPLATE('2MHToq_BzCzwFff$hDooI8',#138,'Fladst\S\el','FL10*110',$,#3658,#3654,'ID9645dcb4-f8bf-4cf7-a3e9-a7facdcb2488');
#3660= IFCSHAPEREPRESENTATION(#12,'Body','SweptSolid',(#3019));
#3661= IFCPRODUCTDEFINITIONSHAPE($,$,(#3660));
#3662= IFCCARTESIANPOINT((-84817.8447059713,-63038.9940178352,2371.92117445161));
#3663= IFCAXIS2PLACEMENT3D(#3662,#3656,#127);
#3664= IFCLOCALPLACEMENT(#3587,#3663);
#3665= IFCPLATE('0TvMxcf2fCPAohcIsk0Uce',#138,'Fladst\S\el','FL10*110',$,#3664,#3661,'ID1de56ee6-a42a-4c64-acab-992dae01e9a8');
#3666= IFCSHAPEREPRESENTATION(#12,'Body','SweptSolid',(#3019));
#3667= IFCPRODUCTDEFINITIONSHAPE($,$,(#3666));
#3668= IFCCARTESIANPOINT((-90182.1656471285,-64828.9859814815,2371.91044552698));
#3669= IFCDIRECTION((0.927178815187516,2.78153603798934E-08,0.374619066075758));
#3670= IFCAXIS2PLACEMENT3D(#3668,#3669,#8);
#3671= IFCLOCALPLACEMENT(#3287,#3670);
#3672= IFCPLATE('2AKx5E5DrChv2CYlfECCqa',#138,'Fladst\S\el','FL10*110',$,#3671,#3667,'ID8a53b14e-14dd-4caf-908c-8afa4e30cd24');
#3673= IFCSHAPEREPRESENTATION(#12,'Body','SweptSolid',(#3019));
#3674= IFCPRODUCTDEFINITIONSHAPE($,$,(#3673));
#3675= IFCCARTESIANPOINT((-90182.162792387,-63038.9940172767,2371.91117330186));
#3676= IFCAXIS2PLACEMENT3D(#3675,#3669,#127);
#3677= IFCLOCALPLACEMENT(#3596,#3676);
#3678= IFCPLATE('2aje2v7WT5QPl4SaeFRCoe',#138,'Fladst\S\el','FL10*110',$,#3677,#3674,'IDa4b680b9-1e07-4569-9bc4-724a0f6ccca8');
#3679= IFCOWNERHISTORY(#3,#4,$,.NOCHANGE.,$,$,$,1761663600);
#3680= IFCLOCALPLACEMENT(#42,#10);
#3681= IFCELEMENTASSEMBLY('1XPKX$5_58VQW_G4wb0mMf',#45,'L\S\xsdele',$,$,#3680,$,'l5',.NOTDEFINED.,.NOTDEFINED.);
#3682= IFCPROPERTYSINGLEVALUE('Assembly/Cast unit weight',$,IFCMASSMEASURE(0.3),$);
#3683= IFCPROPERTYSINGLEVALUE('Assembly/Cast unit bottom elevation',$,IFCLABEL(' -0.149'),$);
#3684= IFCPROPERTYSINGLEVALUE('Assembly/Cast unit top elevation',$,IFCLABEL(' -0.041'),$);
#3685= IFCPROPERTYSINGLEVALUE('Assembly/Cast unit Mark',$,IFCLABEL('l5'),$);
#3686= IFCPROPERTYSET('27i0tokx911OIreNgIV4gn',#5,'Tekla Assembly','Assembly Properties',(#48,#49,#50,#3682,#3683,#3684,#346,#3685));
#3687= IFCQUANTITYLENGTH('Width',$,$,5.);
#3688= IFCELEMENTQUANTITY('1GG1Hx7qHCIgQemIrl21RU',#5,'BaseQuantities',$,$,(#3687));
#3689= IFCCARTESIANPOINT((0.,5.00000000003638,0.));
#3690= IFCAXIS2PLACEMENT3D(#3689,#8,#7);
#3691= IFCEXTRUDEDAREASOLID(#1930,#3690,#9,5.1);
#3692= IFCSTYLEDITEM(#3691,(#66),$);
#3693= IFCSHAPEREPRESENTATION(#12,'Body','SweptSolid',(#3691));
#3694= IFCREPRESENTATIONMAP(#10,#3693);
#3695= IFCMAPPEDITEM(#3694,#768);
#3696= IFCSHAPEREPRESENTATION(#12,'Body','MappedRepresentation',(#3695));
#3697= IFCPRODUCTDEFINITIONSHAPE($,$,(#3696));
#3698= IFCCARTESIANPOINT((-64880.0022131325,-63321.9981766939,-95.00004768484));
#3699= IFCAXIS2PLACEMENT3D(#3698,#85,#8);
#3700= IFCLOCALPLACEMENT(#3680,#3699);
#3701= IFCMECHANICALFASTENER('3S$T5wLGz59QjNV80qb8M$',#3679,'Bolt assembly',$,$,#3700,#3697,'IDdcfdd17a-550f-4525-ab57-7c80349485bf',12.,5.);
#3702= IFCPROPERTYSINGLEVALUE('Bolt length',$,IFCLENGTHMEASURE(5.),$);
#3703= IFCPROPERTYSET('2$4Fbk$k12u91vb9MTyDFy',#5,'Tekla Bolt','Bolt Properties',(#90,#1983,#92,#1984,#94,#95,#1985,#97,#98,#1986,#100,#782,#3194,#3702,#104,#105));
#3704= IFCLOCALPLACEMENT(#42,#10);
#3705= IFCELEMENTASSEMBLY('2S$M$NJxT8guroUiPjLUlO',#45,'L\S\xsdele',$,$,#3704,$,'l5',.NOTDEFINED.,.NOTDEFINED.);
#3706= IFCPROPERTYSET('0WMClP57DAnOvyhAryCs90',#5,'Tekla Assembly','Assembly Properties',(#48,#49,#50,#3682,#3683,#3684,#544,#3685));
#3707= IFCSHAPEREPRESENTATION(#12,'Body','MappedRepresentation',(#3695));
#3708= IFCPRODUCTDEFINITIONSHAPE($,$,(#3707));
#3709= IFCCARTESIANPOINT((-60120.0018980384,-63321.9981766939,-95.0000476848327));
#3710= IFCAXIS2PLACEMENT3D(#3709,#9,#8);
#3711= IFCLOCALPLACEMENT(#3704,#3710);
#3712= IFCMECHANICALFASTENER('2ns0XE0Fv23R1bHmJkI$Dq',#3679,'Bolt assembly',$,$,#3711,#3708,'IDb1d8084e-00fe-420d-b065-4704ee4bf374',12.,5.);
#3713= IFCLOCALPLACEMENT(#42,#10);
#3714= IFCELEMENTASSEMBLY('0SSlXHeJ9B7Ri9HN8$hsvi',#45,'Drager',$,$,#3713,$,'d30',.NOTDEFINED.,.NOTDEFINED.);
#3715= IFCPROPERTYSINGLEVALUE('Assembly/Cast unit weight',$,IFCMASSMEASURE(50.9),$);
#3716= IFCPROPERTYSINGLEVALUE('Assembly/Cast unit bottom elevation',$,IFCLABEL(' -0.155'),$);
#3717= IFCPROPERTYSINGLEVALUE('Assembly/Cast unit top elevation',$,IFCLABEL(' -0.035'),$);
#3718= IFCPROPERTYSINGLEVALUE('Assembly/Cast unit Mark',$,IFCLABEL('d30'),$);
#3719= IFCPROPERTYSET('2epuwd8e55dAAoe8diLCD4',#5,'Tekla Assembly','Assembly Properties',(#48,#49,#50,#3715,#3716,#3717,#411,#3718));
#3720= IFCQUANTITYLENGTH('Width',$,$,134.005855102536);
#3721= IFCELEMENTQUANTITY('3WkDB6C_51IvxYLbxS6iIK',#5,'BaseQuantities',$,$,(#3720));
#3722= IFCCARTESIANPOINT((0.,5.29999995252911,0.));
#3723= IFCAXIS2PLACEMENT3D(#3722,#8,#7);
#3724= IFCEXTRUDEDAREASOLID(#1930,#3723,#9,4.5);
#3725= IFCSTYLEDITEM(#3724,(#66),$);
#3726= IFCSHAPEREPRESENTATION(#12,'Body','SweptSolid',(#3724));
#3727= IFCREPRESENTATIONMAP(#10,#3726);
#3728= IFCMAPPEDITEM(#3727,#768);
#3729= IFCSHAPEREPRESENTATION(#12,'Body','MappedRepresentation',(#3728));
#3730= IFCPRODUCTDEFINITIONSHAPE($,$,(#3729));
#3731= IFCCARTESIANPOINT((-60179.0018980384,-63291.498176694,-120.000047684822));
#3732= IFCAXIS2PLACEMENT3D(#3731,#155,#9);
#3733= IFCLOCALPLACEMENT(#3713,#3732);
#3734= IFCMECHANICALFASTENER('1zWDDL1GrEYAJZalV9uJsT',#3106,'Bolt assembly',$,$,#3733,#3730,'ID7d80d355-050d-4e88-a4e3-92f7c9e13d9d',12.,5.);
#3735= IFCLOCALPLACEMENT(#42,#10);
#3736= IFCELEMENTASSEMBLY('2_sCKLkNX4uwYS1zgBPekQ',#45,'L\S\xsdele',$,$,#3735,$,'l5',.NOTDEFINED.,.NOTDEFINED.);
#3737= IFCPROPERTYSET('0RJXDAcmL4jh54HYNhqZTx',#5,'Tekla Assembly','Assembly Properties',(#48,#49,#50,#3682,#3683,#3684,#329,#3685));
#3738= IFCSHAPEREPRESENTATION(#12,'Body','MappedRepresentation',(#3695));
#3739= IFCPRODUCTDEFINITIONSHAPE($,$,(#3738));
#3740= IFCCARTESIANPOINT((-85119.9988818359,-63321.9965820312,-95.0000523030758));
#3741= IFCAXIS2PLACEMENT3D(#3740,#9,#8);
#3742= IFCLOCALPLACEMENT(#3735,#3741);
#3743= IFCMECHANICALFASTENER('12C2cwgMnFze$hqrpEuazB',#3679,'Bolt assembly',$,$,#3742,#3739,'ID423029ba-a96c-4ff6-8feb-d35ccee24f4b',12.,5.);
#3744= IFCLOCALPLACEMENT(#42,#10);
#3745= IFCELEMENTASSEMBLY('1eGSiNUVf3mRuYE60qlFz$',#45,'Drager',$,$,#3744,$,'d30',.NOTDEFINED.,.NOTDEFINED.);
#3746= IFCPROPERTYSET('0eTcM3tFv6ewmercQUzzTE',#5,'Tekla Assembly','Assembly Properties',(#48,#49,#50,#3715,#3716,#3717,#290,#3718));
#3747= IFCQUANTITYLENGTH('Width',$,$,134.007449765209);
#3748= IFCELEMENTQUANTITY('0XwcpXylPBp9REMWYCv3ti',#5,'BaseQuantities',$,$,(#3747));
#3749= IFCSHAPEREPRESENTATION(#12,'Body','MappedRepresentation',(#3728));
#3750= IFCPRODUCTDEFINITIONSHAPE($,$,(#3749));
#3751= IFCCARTESIANPOINT((-85178.9988818359,-63291.4965820313,-120.000052303069));
#3752= IFCAXIS2PLACEMENT3D(#3751,#155,#9);
#3753= IFCLOCALPLACEMENT(#3744,#3752);
#3754= IFCMECHANICALFASTENER('2e0WGON9999BS6aZVwHDrD',#3106,'Bolt assembly',$,$,#3753,#3750,'IDa8020418-5c92-4924-b706-9237fa44dd4d',12.,5.);
#3755= IFCLOCALPLACEMENT(#42,#10);
#3756= IFCELEMENTASSEMBLY('0L7nHnacHA4uBfWC3Vu1qj',#45,'L\S\xsdele',$,$,#3755,$,'l5',.NOTDEFINED.,.NOTDEFINED.);
#3757= IFCPROPERTYSET('3B2Dv6RSn6_v$beVOkMZIa',#5,'Tekla Assembly','Assembly Properties',(#48,#49,#50,#3682,#3683,#3684,#316,#3685));
#3758= IFCSHAPEREPRESENTATION(#12,'Body','MappedRepresentation',(#3695));
#3759= IFCPRODUCTDEFINITIONSHAPE($,$,(#3758));
#3760= IFCCARTESIANPOINT((-89879.9991969299,-63321.9965820312,-95.0000523030831));
#3761= IFCAXIS2PLACEMENT3D(#3760,#85,#8);
#3762= IFCLOCALPLACEMENT(#3755,#3761);
#3763= IFCMECHANICALFASTENER('1lkLM75lj9ZeQiPfQf4jFo',#3679,'Bolt assembly',$,$,#3762,#3759,'ID6fb95587-16fb-498e-86ac-6696a912d3f2',12.,5.);
#3764= IFCSHAPEREPRESENTATION(#12,'Body','MappedRepresentation',(#3181,#3184));
#3765= IFCPRODUCTDEFINITIONSHAPE($,$,(#3764));
#3766= IFCCARTESIANPOINT((-89949.9987494481,-64629.000040931,10.));
#3767= IFCAXIS2PLACEMENT3D(#3766,#8,#7);
#3768= IFCLOCALPLACEMENT(#439,#3767);
#3769= IFCMECHANICALFASTENER('1B_jodtKL94wpMXOEiUYWU',#137,'Bolt assembly',$,$,#3768,#3765,'ID4bfadca7-dd45-4913-acd6-8583ac7a281e',14.,150.);
#3770= IFCSHAPEREPRESENTATION(#12,'Body','SweptSolid',(#3204));
#3771= IFCPRODUCTDEFINITIONSHAPE($,$,(#3770));
#3772= IFCCARTESIANPOINT((-89889.9987494481,-64629.000040931,5.00000000000001));
#3773= IFCAXIS2PLACEMENT3D(#3772,#9,#155);
#3774= IFCLOCALPLACEMENT(#439,#3773);
#3775= IFCPLATE('3wD5vKOKjDa8Hd9q8F4$DH',#45,'Fladst\S\el','FL10*120',$,#3774,#3771,'IDfa345e54-614b-4d90-8467-27420f13f351');
#3776= IFCSHAPEREPRESENTATION(#12,'Body','MappedRepresentation',(#3181,#3184));
#3777= IFCPRODUCTDEFINITIONSHAPE($,$,(#3776));
#3778= IFCCARTESIANPOINT((-89949.9987494481,-63294.000040931,10.));
#3779= IFCAXIS2PLACEMENT3D(#3778,#8,#7);
#3780= IFCLOCALPLACEMENT(#450,#3779);
#3781= IFCMECHANICALFASTENER('3fJQ8FGFL9dukwWyAcnIw$',#137,'Bolt assembly',$,$,#3780,#3777,'IDe94da20f-40f5-499f-8bba-83c2a6c52ebf',14.,150.);
#3782= IFCSHAPEREPRESENTATION(#12,'Body','SweptSolid',(#3204));
#3783= IFCPRODUCTDEFINITIONSHAPE($,$,(#3782));
#3784= IFCCARTESIANPOINT((-89889.9987494481,-63294.000040931,5.00000000000001));
#3785= IFCAXIS2PLACEMENT3D(#3784,#9,#155);
#3786= IFCLOCALPLACEMENT(#450,#3785);
#3787= IFCPLATE('1L8urCplb7JfQZcs_Ur$7c',#45,'Fladst\S\el','FL10*120',$,#3786,#3783,'ID55238d4c-cef9-474e-96a3-9b6f9ed7f1e6');
#3788= IFCSHAPEREPRESENTATION(#12,'Body','MappedRepresentation',(#3181,#3184));
#3789= IFCPRODUCTDEFINITIONSHAPE($,$,(#3788));
#3790= IFCCARTESIANPOINT((-85049.9987494481,-64629.000040931,9.99999999999999));
#3791= IFCAXIS2PLACEMENT3D(#3790,#8,#7);
#3792= IFCLOCALPLACEMENT(#425,#3791);
#3793= IFCMECHANICALFASTENER('0cZSC2XKnCix6OA4lWWqYN',#137,'Bolt assembly',$,$,#3792,#3789,'ID268dc302-854c-4cb3-b198-284be0834897',14.,150.);
#3794= IFCSHAPEREPRESENTATION(#12,'Body','SweptSolid',(#3204));
#3795= IFCPRODUCTDEFINITIONSHAPE($,$,(#3794));
#3796= IFCCARTESIANPOINT((-84989.9987494481,-64629.000040931,4.99999999999999));
#3797= IFCAXIS2PLACEMENT3D(#3796,#9,#155);
#3798= IFCLOCALPLACEMENT(#425,#3797);
#3799= IFCPLATE('1_9kp3uN1BwxfwlXVMl9tI',#45,'Fladst\S\el','FL10*120',$,#3798,#3795,'ID7e26ecc3-e170-4beb-ba7a-be17d6bc9dd2');
#3800= IFCPROPERTYSINGLEVALUE('Bottom elevation',$,IFCLABEL(' -0.000'),$);
#3801= IFCPROPERTYSET('3yZdFek7H65w49GZHkvWjK',#5,'Tekla Common','Common Properties to Shared building elements',(#1496,#3800,#1808,#1499,#1500,#1501,#1502));
#3802= IFCSHAPEREPRESENTATION(#12,'Body','MappedRepresentation',(#3181,#3184));
#3803= IFCPRODUCTDEFINITIONSHAPE($,$,(#3802));
#3804= IFCCARTESIANPOINT((-85049.9987494481,-63294.000040931,9.99999999999999));
#3805= IFCAXIS2PLACEMENT3D(#3804,#8,#7);
#3806= IFCLOCALPLACEMENT(#460,#3805);
#3807= IFCMECHANICALFASTENER('1b9TwnqkzCawH7QjBq4snz',#137,'Bolt assembly',$,$,#3806,#3803,'ID6525deb1-d2ef-4c93-a447-6ad2f4136c7d',14.,150.);
#3808= IFCSHAPEREPRESENTATION(#12,'Body','SweptSolid',(#3204));
#3809= IFCPRODUCTDEFINITIONSHAPE($,$,(#3808));
#3810= IFCCARTESIANPOINT((-84989.9987494481,-63294.000040931,4.99999999999999));
#3811= IFCAXIS2PLACEMENT3D(#3810,#9,#155);
#3812= IFCLOCALPLACEMENT(#460,#3811);
#3813= IFCPLATE('3FJwu5PoD1bvvGgElsY11C',#45,'Fladst\S\el','FL10*120',$,#3812,#3809,'IDcf4fae05-6723-4197-9e50-a8ebf688104c');
#3814= IFCCARTESIANPOINT((0.,0.,-26.));
#3815= IFCCARTESIANTRANSFORMATIONOPERATOR3D($,$,#3814,$,$);
#3816= IFCMAPPEDITEM(#1966,#3815);
#3817= IFCCARTESIANPOINT((0.,0.,25.9999999999854));
#3818= IFCCARTESIANTRANSFORMATIONOPERATOR3D($,$,#3817,$,$);
#3819= IFCMAPPEDITEM(#1966,#3818);
#3820= IFCSHAPEREPRESENTATION(#12,'Body','MappedRepresentation',(#3816,#3819));
#3821= IFCPRODUCTDEFINITIONSHAPE($,$,(#3820));
#3822= IFCCARTESIANPOINT((-87500.0018233061,-63144.000040931,3245.69995231516));
#3823= IFCAXIS2PLACEMENT3D(#3822,#7,#9);
#3824= IFCLOCALPLACEMENT(#388,#3823);
#3825= IFCMECHANICALFASTENER('2EQp3HMRT4jeUv$kmnLChE',#3106,'Bolt assembly',$,$,#3824,#3821,'ID8e6b30d1-59b7-44b6-87b9-feec3154cace',12.,130.);
#3826= IFCPROPERTYSET('1fZ9eoGTTDbew75aRNKXcg',#5,'Tekla Bolt','Bolt Properties',(#2216,#1983,#92,#1984,#2218,#95,#1985,#97,#98,#1986,#100,#101,#1987,#1988,#1989,#105));
#3827= IFCCARTESIANPOINT((140.,45.));
#3828= IFCCARTESIANPOINT((140.,-45.));
#3829= IFCPOLYLINE((#1995,#1996,#3827,#3828,#1995));
#3830= IFCARBITRARYCLOSEDPROFILEDEF(.AREA.,'FL10*90',#3829);
#3831= IFCEXTRUDEDAREASOLID(#3830,#1797,#9,10.);
#3832= IFCSHAPEREPRESENTATION(#12,'Body','SweptSolid',(#3831));
#3833= IFCSTYLEDITEM(#3831,(#1994),$);
#3834= IFCPRODUCTDEFINITIONSHAPE($,$,(#3832));
#3835= IFCCARTESIANPOINT((-87500.0018233061,-63139.000040931,3365.69995231516));
#3836= IFCAXIS2PLACEMENT3D(#3835,#127,#85);
#3837= IFCLOCALPLACEMENT(#388,#3836);
#3838= IFCPLATE('0ai6by7EjDHuCkbUPTcuoP',#45,'Fladst\S\el','FL10*90',$,#3837,#3834,'ID24b0697c-1ceb-4d47-832e-95e65d9b8c99');
#3839= IFCPROPERTYSINGLEVALUE('Bottom elevation',$,IFCLABEL(' +3.226'),$);
#3840= IFCPROPERTYSINGLEVALUE('Top elevation',$,IFCLABEL(' +3.366'),$);
#3841= IFCPROPERTYSET('2ySSMSfNXA1gN0ELX1BluP',#5,'Tekla Common','Common Properties to Shared building elements',(#1496,#3839,#3840,#1499,#1500,#1501,#2012));
#3842= IFCPROPERTYSINGLEVALUE('Weight',$,IFCMASSMEASURE(0.99),$);
#3843= IFCPROPERTYSINGLEVALUE('Area per tons',$,IFCAREAMEASURE(30.128),$);
#3844= IFCPROPERTYSINGLEVALUE('Length',$,IFCLENGTHMEASURE(140.),$);
#3845= IFCPROPERTYSET('0Ks6rV3xb8SR83j8e2RTFQ',#5,'Tekla Quantity','Quantity Properties to Shared building elements',(#3842,#1505,#2015,#3843,#3477,#2018,#1816,#3844));
#3846= IFCPROPERTYSINGLEVALUE('Reference',$,IFCIDENTIFIER('F72'),$);
#3847= IFCPROPERTYSET('15MO6$KbH6deenOycifmZA',#5,'Pset_PlateCommon','Common Properties to plate elements',(#1513,#3846));
#3848= IFCQUANTITYAREA('NetArea',$,$,0.0298);
#3849= IFCQUANTITYAREA('GrossArea',$,$,0.0298);
#3850= IFCQUANTITYVOLUME('NetVolume',$,$,0.000126);
#3851= IFCQUANTITYVOLUME('GrossVolume',$,$,0.000126);
#3852= IFCELEMENTQUANTITY('3ueVGO_Jv2MOpCQVtL$kQ5',#5,'BaseQuantities',$,$,(#2023,#3848,#3849,#2026,#3850,#3851));
#3853= IFCSHAPEREPRESENTATION(#12,'Body','MappedRepresentation',(#3816,#3819));
#3854= IFCPRODUCTDEFINITIONSHAPE($,$,(#3853));
#3855= IFCCARTESIANPOINT((-87500.0018233061,-64724.000040931,3245.69995231516));
#3856= IFCAXIS2PLACEMENT3D(#3855,#155,#9);
#3857= IFCLOCALPLACEMENT(#388,#3856);
#3858= IFCMECHANICALFASTENER('25OHftSEjA_hP_GeKwjGTr',#3106,'Bolt assembly',$,$,#3857,#3854,'ID85611a77-70eb-4afa-b67e-42853ab50775',12.,130.);
#3859= IFCSHAPEREPRESENTATION(#12,'Body','SweptSolid',(#3831));
#3860= IFCPRODUCTDEFINITIONSHAPE($,$,(#3859));
#3861= IFCCARTESIANPOINT((-87500.0018233061,-64729.000040931,3365.69995231516));
#3862= IFCAXIS2PLACEMENT3D(#3861,#8,#85);
#3863= IFCLOCALPLACEMENT(#388,#3862);
#3864= IFCPLATE('0304SGHR13XBoGERQkqQo8',#45,'Fladst\S\el','FL10*90',$,#3863,#3860,'ID03004710-45b0-4384-bc90-39b6aed1ac88');
#3865= IFCSHAPEREPRESENTATION(#12,'Body','MappedRepresentation',(#1967,#1970,#1973,#1976));
#3866= IFCPRODUCTDEFINITIONSHAPE($,$,(#3865));
#3867= IFCCARTESIANPOINT((-87549.9987494481,-64784.000040931,2389.99995231516));
#3868= IFCAXIS2PLACEMENT3D(#3867,#127,#7);
#3869= IFCLOCALPLACEMENT(#379,#3868);
#3870= IFCMECHANICALFASTENER('0gN2_Fvon3pffT5bxnsugc',#3106,'Bolt assembly',$,$,#3869,#3866,'ID2a5c2f8f-e72c-43ce-9a5d-165ef1db8aa6',12.,130.);
#3871= IFCSHAPEREPRESENTATION(#12,'Body','SweptSolid',(#2001));
#3872= IFCPRODUCTDEFINITIONSHAPE($,$,(#3871));
#3873= IFCCARTESIANPOINT((-87404.9987494481,-64784.000040931,2384.99995231516));
#3874= IFCAXIS2PLACEMENT3D(#3873,#9,#155);
#3875= IFCLOCALPLACEMENT(#379,#3874);
#3876= IFCPLATE('2wnJbK9MX7Xx8mYhlRRpkj',#45,'Fladst\S\el','FL10*90',$,#3875,#3872,'IDbac53954-2568-4787-b230-8abbdb6f3bad');
#3877= IFCPROPERTYSINGLEVALUE('Bottom elevation',$,IFCLABEL(' +2.380'),$);
#3878= IFCPROPERTYSINGLEVALUE('Top elevation',$,IFCLABEL(' +2.390'),$);
#3879= IFCPROPERTYSET('1B6KZ0n1vBAAeSpiLFGAUS',#5,'Tekla Common','Common Properties to Shared building elements',(#1496,#3877,#3878,#1499,#1500,#1501,#2012));
#3880= IFCSHAPEREPRESENTATION(#12,'Body','MappedRepresentation',(#1967,#1970,#1973,#1976));
#3881= IFCPRODUCTDEFINITIONSHAPE($,$,(#3880));
#3882= IFCCARTESIANPOINT((-87549.9987494481,-63084.000040931,2389.99995231516));
#3883= IFCAXIS2PLACEMENT3D(#3882,#127,#7);
#3884= IFCLOCALPLACEMENT(#366,#3883);
#3885= IFCMECHANICALFASTENER('1l8DHHWmn3e8ofFY3CRsZK',#3106,'Bolt assembly',$,$,#3884,#3881,'ID6f20d451-830c-43a0-8ca9-3e20cc6f68d4',12.,130.);
#3886= IFCSHAPEREPRESENTATION(#12,'Body','SweptSolid',(#2001));
#3887= IFCPRODUCTDEFINITIONSHAPE($,$,(#3886));
#3888= IFCCARTESIANPOINT((-87404.9987494481,-63084.000040931,2384.99995231516));
#3889= IFCAXIS2PLACEMENT3D(#3888,#9,#155);
#3890= IFCLOCALPLACEMENT(#366,#3889);
#3891= IFCPLATE('1Pc8G9VO58neeZP0mceAPY',#45,'Fladst\S\el','FL10*90',$,#3890,#3887,'ID59988409-7d81-48c6-8a23-640c26a0a662');
#3892= IFCSHAPEREPRESENTATION(#12,'Body','MappedRepresentation',(#3816,#3819));
#3893= IFCPRODUCTDEFINITIONSHAPE($,$,(#3892));
#3894= IFCCARTESIANPOINT((-89890.0018233061,-63158.9981766939,2329.99995231516));
#3895= IFCAXIS2PLACEMENT3D(#3894,#85,#8);
#3896= IFCLOCALPLACEMENT(#287,#3895);
#3897= IFCMECHANICALFASTENER('2jj1gglwjD2vdOrBsd6lhy',#3106,'Bolt assembly',$,$,#3896,#3893,'IDadb41aaa-bfab-4d0b-99d8-d4bda71afafc',12.,130.);
#3898= IFCSHAPEREPRESENTATION(#12,'Body','SweptSolid',(#3831));
#3899= IFCPRODUCTDEFINITIONSHAPE($,$,(#3898));
#3900= IFCCARTESIANPOINT((-89895.0018233061,-63038.9981766939,2329.99995231516));
#3901= IFCAXIS2PLACEMENT3D(#3900,#7,#127);
#3902= IFCLOCALPLACEMENT(#287,#3901);
#3903= IFCPLATE('1fF3j_znv2LhanqzALnsyI',#45,'Fladst\S\el','FL10*90',$,#3902,#3899,'ID693c3b7e-f71e-4256-b931-d3d295c76f12');
#3904= IFCPROPERTYSINGLEVALUE('Top elevation',$,IFCLABEL(' +2.375'),$);
#3905= IFCPROPERTYSET('2bUrVZ$CrEEO0rLDrqwsBb',#5,'Tekla Common','Common Properties to Shared building elements',(#1496,#3340,#3904,#1499,#1500,#1501,#2012));
#3906= IFCSHAPEREPRESENTATION(#12,'Body','MappedRepresentation',(#3816,#3819));
#3907= IFCPRODUCTDEFINITIONSHAPE($,$,(#3906));
#3908= IFCCARTESIANPOINT((-85110.0018233061,-63158.9981766939,2329.99995231516));
#3909= IFCAXIS2PLACEMENT3D(#3908,#9,#8);
#3910= IFCLOCALPLACEMENT(#287,#3909);
#3911= IFCMECHANICALFASTENER('10zVtTVdrEQAVzNq0UItAo',#3106,'Bolt assembly',$,$,#3910,#3907,'ID40f5fddd-7e7d-4e68-a7fd-5f401e4b72b2',12.,130.);
#3912= IFCSHAPEREPRESENTATION(#12,'Body','SweptSolid',(#3831));
#3913= IFCPRODUCTDEFINITIONSHAPE($,$,(#3912));
#3914= IFCCARTESIANPOINT((-85105.0018233061,-63038.9981766939,2329.99995231516));
#3915= IFCAXIS2PLACEMENT3D(#3914,#155,#127);
#3916= IFCLOCALPLACEMENT(#287,#3915);
#3917= IFCPLATE('3OwDnsFvX509D6nwu$q0xH',#45,'Fladst\S\el','FL10*90',$,#3916,#3913,'IDd8e8dc76-3f98-4500-9346-c7ae3fd00ed1');
#3918= IFCSHAPEREPRESENTATION(#12,'Body','MappedRepresentation',(#3816,#3819));
#3919= IFCPRODUCTDEFINITIONSHAPE($,$,(#3918));
#3920= IFCCARTESIANPOINT((-89890.0018233061,-64673.9981766939,2329.99995231516));
#3921= IFCAXIS2PLACEMENT3D(#3920,#9,#127);
#3922= IFCLOCALPLACEMENT(#265,#3921);
#3923= IFCMECHANICALFASTENER('0u0jByCA1BSgWEVGcUpDLz',#45,'Bolt assembly',$,$,#3922,#3919,'ID3802d2fc-30a0-4b72-a80e-7d099eccd57d',12.,130.);
#3924= IFCCARTESIANPOINT((180.,45.));
#3925= IFCCARTESIANPOINT((180.,-45.));
#3926= IFCPOLYLINE((#1995,#1996,#3924,#3925,#1995));
#3927= IFCARBITRARYCLOSEDPROFILEDEF(.AREA.,'FL10*90',#3926);
#3928= IFCEXTRUDEDAREASOLID(#3927,#1797,#9,10.);
#3929= IFCSHAPEREPRESENTATION(#12,'Body','SweptSolid',(#3928));
#3930= IFCSTYLEDITEM(#3928,(#1994),$);
#3931= IFCPRODUCTDEFINITIONSHAPE($,$,(#3929));
#3932= IFCCARTESIANPOINT((-89895.0018233061,-64828.9981766939,2329.99995231516));
#3933= IFCAXIS2PLACEMENT3D(#3932,#7,#8);
#3934= IFCLOCALPLACEMENT(#265,#3933);
#3935= IFCPLATE('3DFdxKmoXEFPQCR0ahxJq$',#45,'Fladst\S\el','FL10*90',$,#3934,#3931,'IDcd3e7ed4-c328-4e3d-968c-6c092bed3d3f');
#3936= IFCPROPERTYSINGLEVALUE('Weight',$,IFCMASSMEASURE(1.27),$);
#3937= IFCPROPERTYSINGLEVALUE('Area per tons',$,IFCAREAMEASURE(29.724),$);
#3938= IFCPROPERTYSINGLEVALUE('Net surface area',$,IFCAREAMEASURE(0.038),$);
#3939= IFCPROPERTYSINGLEVALUE('Length',$,IFCLENGTHMEASURE(180.),$);
#3940= IFCPROPERTYSET('3LximZhfDEkuRI_2yhNzer',#5,'Tekla Quantity','Quantity Properties to Shared building elements',(#3936,#1505,#2329,#3937,#3938,#2018,#1816,#3939));
#3941= IFCPROPERTYSINGLEVALUE('Reference',$,IFCIDENTIFIER('F71'),$);
#3942= IFCPROPERTYSET('291fL$3RPAiQfejErDtvYJ',#5,'Pset_PlateCommon','Common Properties to plate elements',(#1513,#3941));
#3943= IFCQUANTITYAREA('NetArea',$,$,0.0378);
#3944= IFCQUANTITYAREA('GrossArea',$,$,0.0378);
#3945= IFCQUANTITYVOLUME('NetVolume',$,$,0.000162);
#3946= IFCQUANTITYVOLUME('GrossVolume',$,$,0.000162);
#3947= IFCELEMENTQUANTITY('16p1Px41v58A37WcnwDzr2',#5,'BaseQuantities',$,$,(#2023,#3943,#3944,#2026,#3945,#3946));
#3948= IFCSHAPEREPRESENTATION(#12,'Body','MappedRepresentation',(#3816,#3819));
#3949= IFCPRODUCTDEFINITIONSHAPE($,$,(#3948));
#3950= IFCCARTESIANPOINT((-85110.0018233061,-64673.9981766939,2329.99995231516));
#3951= IFCAXIS2PLACEMENT3D(#3950,#85,#127);
#3952= IFCLOCALPLACEMENT(#265,#3951);
#3953= IFCMECHANICALFASTENER('0z_umYq9H9RPKexvnvpNxS',#2030,'Bolt assembly',$,$,#3952,#3949,'ID3dfb8c22-d094-496d-9528-ef9c79cd7edc',12.,130.);
#3954= IFCSHAPEREPRESENTATION(#12,'Body','SweptSolid',(#3928));
#3955= IFCPRODUCTDEFINITIONSHAPE($,$,(#3954));
#3956= IFCCARTESIANPOINT((-85105.0018233061,-64828.9981766939,2329.99995231516));
#3957= IFCAXIS2PLACEMENT3D(#3956,#155,#8);
#3958= IFCLOCALPLACEMENT(#265,#3957);
#3959= IFCPLATE('3IVv6cRX52ke_VmMBssVor',#45,'Fladst\S\el','FL10*90',$,#3958,#3955,'IDd27f91a6-6e11-42ba-8f9f-c162f6d9fcb5');
#3960= IFCSHAPEREPRESENTATION(#12,'Body','MappedRepresentation',(#1967,#1970,#1973,#1976));
#3961= IFCPRODUCTDEFINITIONSHAPE($,$,(#3960));
#3962= IFCCARTESIANPOINT((-89949.9987494481,-64579.000040931,2269.99995231516));
#3963= IFCAXIS2PLACEMENT3D(#3962,#7,#127);
#3964= IFCLOCALPLACEMENT(#439,#3963);
#3965= IFCMECHANICALFASTENER('2kJfP8vbz57uEs1S9060Rm',#2030,'Bolt assembly',$,$,#3964,#3961,'IDae4e9648-e65f-451f-83b6-05c2401806f0',12.,130.);
#3966= IFCSHAPEREPRESENTATION(#12,'Body','SweptSolid',(#2001));
#3967= IFCPRODUCTDEFINITIONSHAPE($,$,(#3966));
#3968= IFCCARTESIANPOINT((-89949.9987494481,-64724.000040931,2274.99995231516));
#3969= IFCAXIS2PLACEMENT3D(#3968,#85,#8);
#3970= IFCLOCALPLACEMENT(#439,#3969);
#3971= IFCPLATE('3SQ22qJyHBBvxR3vuosESv',#45,'Fladst\S\el','FL10*90',$,#3970,#3967,'IDdc6820b4-4fc4-4b2f-9edb-0f9e32d8e739');
#3972= IFCPROPERTYSINGLEVALUE('Bottom elevation',$,IFCLABEL(' +2.270'),$);
#3973= IFCPROPERTYSINGLEVALUE('Top elevation',$,IFCLABEL(' +2.280'),$);
#3974= IFCPROPERTYSET('1LDOL8N2L0rBKrp98eBRpY',#5,'Tekla Common','Common Properties to Shared building elements',(#1496,#3972,#3973,#1499,#1500,#1501,#2012));
#3975= IFCSHAPEREPRESENTATION(#12,'Body','MappedRepresentation',(#1967,#1970,#1973,#1976));
#3976= IFCPRODUCTDEFINITIONSHAPE($,$,(#3975));
#3977= IFCCARTESIANPOINT((-85049.9987494481,-64579.000040931,2269.99995231516));
#3978= IFCAXIS2PLACEMENT3D(#3977,#7,#127);
#3979= IFCLOCALPLACEMENT(#425,#3978);
#3980= IFCMECHANICALFASTENER('3St6alAnzDE8hiYFKNtSTI',#2030,'Bolt assembly',$,$,#3979,#3976,'IDdcdc692f-2b1f-4d38-8aec-88f517ddc752',12.,130.);
#3981= IFCSHAPEREPRESENTATION(#12,'Body','SweptSolid',(#2001));
#3982= IFCPRODUCTDEFINITIONSHAPE($,$,(#3981));
#3983= IFCCARTESIANPOINT((-85049.9987494481,-64724.000040931,2274.99995231516));
#3984= IFCAXIS2PLACEMENT3D(#3983,#85,#8);
#3985= IFCLOCALPLACEMENT(#425,#3984);
#3986= IFCPLATE('1A5_m3KxLF2udG2UrCKOu7',#45,'Fladst\S\el','FL10*90',$,#3985,#3982,'ID4a17ec03-53b5-4f0b-89d0-09ed4c518e07');
#3987= IFCSHAPEREPRESENTATION(#12,'Body','MappedRepresentation',(#1967,#1970,#1973,#1976));
#3988= IFCPRODUCTDEFINITIONSHAPE($,$,(#3987));
#3989= IFCCARTESIANPOINT((-89949.9987494481,-63244.000040931,2269.99995231516));
#3990= IFCAXIS2PLACEMENT3D(#3989,#7,#127);
#3991= IFCLOCALPLACEMENT(#450,#3990);
#3992= IFCMECHANICALFASTENER('2yEBRYawb9QQjSyrUIejhX',#3106,'Bolt assembly',$,$,#3991,#3988,'IDbc38b6e2-93a9-4969-ab5c-f35792a2dae1',12.,130.);
#3993= IFCSHAPEREPRESENTATION(#12,'Body','SweptSolid',(#2001));
#3994= IFCPRODUCTDEFINITIONSHAPE($,$,(#3993));
#3995= IFCCARTESIANPOINT((-89949.9987494481,-63389.000040931,2274.99995231516));
#3996= IFCAXIS2PLACEMENT3D(#3995,#85,#8);
#3997= IFCLOCALPLACEMENT(#450,#3996);
#3998= IFCPLATE('3rJOFbNPD8ZR4U_bAs4Kx1',#45,'Fladst\S\el','FL10*90',$,#3997,#3994,'IDf54d83e5-5d93-488d-b11e-fa52b6114ec1');
#3999= IFCSHAPEREPRESENTATION(#12,'Body','MappedRepresentation',(#1967,#1970,#1973,#1976));
#4000= IFCPRODUCTDEFINITIONSHAPE($,$,(#3999));
#4001= IFCCARTESIANPOINT((-85049.9987494481,-63244.000040931,2269.99995231516));
#4002= IFCAXIS2PLACEMENT3D(#4001,#7,#127);
#4003= IFCLOCALPLACEMENT(#460,#4002);
#4004= IFCMECHANICALFASTENER('15R$$ws5z69959kbWtWq1l',#3106,'Bolt assembly',$,$,#4003,#4000,'ID456ffffa-d85f-4624-9149-ba583783406f',12.,130.);
#4005= IFCSHAPEREPRESENTATION(#12,'Body','SweptSolid',(#2001));
#4006= IFCPRODUCTDEFINITIONSHAPE($,$,(#4005));
#4007= IFCCARTESIANPOINT((-85049.9987494481,-63389.000040931,2274.99995231516));
#4008= IFCAXIS2PLACEMENT3D(#4007,#85,#8);
#4009= IFCLOCALPLACEMENT(#460,#4008);
#4010= IFCPLATE('1kindyGufBxfQltlRDZn0S',#45,'Fladst\S\el','FL10*90',$,#4009,#4006,'ID6eb319fc-438a-4bee-96af-def6cd8f101c');
#4011= IFCLOCALPLACEMENT(#42,#10);
#4012= IFCELEMENTASSEMBLY('24rWgiuWv2Mez1cDqHo6Jr',#138,'Drager',$,$,#4011,$,'d29',.NOTDEFINED.,.NOTDEFINED.);
#4013= IFCPROPERTYSET('2k$Iw5RGb7uuAR4hbsJyuk',#5,'Tekla Assembly','Assembly Properties',(#48,#49,#50,#2758,#2759,#2760,#677,#2761));
#4014= IFCQUANTITYLENGTH('Width',$,$,255.);
#4015= IFCELEMENTQUANTITY('3rgBN9sq5AFwnJcZGmi78i',#5,'BaseQuantities',$,$,(#4014));
#4016= IFCCARTESIANPOINT((0.,-0.117136423644843,0.));
#4017= IFCAXIS2PLACEMENT3D(#4016,#8,#7);
#4018= IFCEXTRUDEDAREASOLID(#2178,#4017,#9,10.1);
#4019= IFCSTYLEDITEM(#4018,(#66),$);
#4020= IFCCARTESIANPOINT((0.,9.98286357635516,0.));
#4021= IFCAXIS2PLACEMENT3D(#4020,#8,#7);
#4022= IFCEXTRUDEDAREASOLID(#2193,#4021,#9,3.);
#4023= IFCSTYLEDITEM(#4022,(#62),$);
#4024= IFCCARTESIANPOINT((0.,12.9828635763552,0.));
#4025= IFCAXIS2PLACEMENT3D(#4024,#8,#7);
#4026= IFCEXTRUDEDAREASOLID(#1619,#4025,#9,14.8);
#4027= IFCSTYLEDITEM(#4026,(#62),$);
#4028= IFCSHAPEREPRESENTATION(#12,'Body','SweptSolid',(#2765,#4018,#2773,#2775,#4022,#4026));
#4029= IFCREPRESENTATIONMAP(#10,#4028);
#4030= IFCMAPPEDITEM(#4029,#768);
#4031= IFCMAPPEDITEM(#4029,#2789);
#4032= IFCSHAPEREPRESENTATION(#12,'Body','MappedRepresentation',(#4030,#4031));
#4033= IFCPRODUCTDEFINITIONSHAPE($,$,(#4032));
#4034= IFCCARTESIANPOINT((-27732.1681844025,-64833.9779444146,3468.47557290873));
#4035= IFCDIRECTION((-0.374617163897019,0.,-0.927179583745109));
#4036= IFCDIRECTION((-0.92717958374511,0.,0.374617163897018));
#4037= IFCAXIS2PLACEMENT3D(#4034,#4035,#4036);
#4038= IFCLOCALPLACEMENT(#4011,#4037);
#4039= IFCMECHANICALFASTENER('2ITi7KuOjCZujuoJ7I86su',#138,'Bolt assembly',$,$,#4038,#4033,'ID9276c1d4-e18b-4c8f-8b78-c931d2206db8',16.,55.);
#4040= IFCSHAPEREPRESENTATION(#12,'Body','MappedRepresentation',(#4030,#4031));
#4041= IFCPRODUCTDEFINITIONSHAPE($,$,(#4040));
#4042= IFCCARTESIANPOINT((-25222.1681844025,-64833.9779444146,2454.47557290873));
#4043= IFCAXIS2PLACEMENT3D(#4042,#4035,#4036);
#4044= IFCLOCALPLACEMENT(#4011,#4043);
#4045= IFCMECHANICALFASTENER('0bdN6XSxrEb9UwObpsCiGd',#138,'Bolt assembly',$,$,#4044,#4041,'ID259d71a1-73bd-4e94-97ba-625cf632c427',16.,55.);
#4046= IFCSHAPEREPRESENTATION(#12,'Body','SweptSolid',(#3332));
#4047= IFCPRODUCTDEFINITIONSHAPE($,$,(#4046));
#4048= IFCCARTESIANPOINT((-27760.0018233061,-64838.9779444146,3299.99995231516));
#4049= IFCAXIS2PLACEMENT3D(#4048,#127,#9);
#4050= IFCLOCALPLACEMENT(#631,#4049);
#4051= IFCPLATE('3abicca7D2XfuOlo2Dtg_n',#138,'Fladst\S\el','FL10*110',$,#4050,#4047,'IDe496c9a6-9073-4286-9e18-bf208ddeafb1');
#4052= IFCSHAPEREPRESENTATION(#12,'Body','SweptSolid',(#3332));
#4053= IFCPRODUCTDEFINITIONSHAPE($,$,(#4052));
#4054= IFCCARTESIANPOINT((-25250.0018233061,-64838.9779444146,2285.99995231516));
#4055= IFCAXIS2PLACEMENT3D(#4054,#127,#9);
#4056= IFCLOCALPLACEMENT(#621,#4055);
#4057= IFCPLATE('1HHyD9ErP5qu7oke_hVHvh',#138,'Fladst\S\el','FL10*110',$,#4056,#4053,'ID5147c349-3b56-45d3-81f2-ba8fab7d1e6b');
#4058= IFCLOCALPLACEMENT(#42,#10);
#4059= IFCELEMENTASSEMBLY('2XXKy6JHP4Xwa02vCZSVGb',#138,'Drager',$,$,#4058,$,'d28',.NOTDEFINED.,.NOTDEFINED.);
#4060= IFCPROPERTYSET('3J7AmLlEP5092hRohYP2hT',#5,'Tekla Assembly','Assembly Properties',(#48,#49,#50,#2911,#2759,#2912,#623,#2913));
#4061= IFCCARTESIANPOINT((0.,-19.8975357660973,0.));
#4062= IFCAXIS2PLACEMENT3D(#4061,#8,#7);
#4063= IFCEXTRUDEDAREASOLID(#2178,#4062,#9,10.);
#4064= IFCSTYLEDITEM(#4063,(#66),$);
#4065= IFCCARTESIANPOINT((0.,-29.9975357660973,0.));
#4066= IFCAXIS2PLACEMENT3D(#4065,#8,#7);
#4067= IFCEXTRUDEDAREASOLID(#1619,#4066,#9,10.);
#4068= IFCSTYLEDITEM(#4067,(#62),$);
#4069= IFCCARTESIANPOINT((0.,-19.9975357660973,0.));
#4070= IFCAXIS2PLACEMENT3D(#4069,#8,#7);
#4071= IFCEXTRUDEDAREASOLID(#1624,#4070,#9,55.);
#4072= IFCSTYLEDITEM(#4071,(#62),$);
#4073= IFCSHAPEREPRESENTATION(#12,'Body','SweptSolid',(#4063,#2395,#4067,#4071,#2405,#2409));
#4074= IFCREPRESENTATIONMAP(#10,#4073);
#4075= IFCMAPPEDITEM(#4074,#768);
#4076= IFCMAPPEDITEM(#4074,#2789);
#4077= IFCSHAPEREPRESENTATION(#12,'Body','MappedRepresentation',(#4075,#4076));
#4078= IFCPRODUCTDEFINITIONSHAPE($,$,(#4077));
#4079= IFCCARTESIANPOINT((-25013.1930748714,-64608.9950808382,2370.05732898366));
#4080= IFCDIRECTION((0.374613911872628,0.,0.927180897684744));
#4081= IFCAXIS2PLACEMENT3D(#4079,#4080,#127);
#4082= IFCLOCALPLACEMENT(#4058,#4081);
#4083= IFCMECHANICALFASTENER('38MW2A_9D5i9hBlGZU4Anm',#138,'Bolt assembly',$,$,#4082,#4078,'IDc85a008a-f893-45b0-9acb-bd08de10ac70',16.,55.);
#4084= IFCLOCALPLACEMENT(#42,#10);
#4085= IFCELEMENTASSEMBLY('3dhKegroTF_A_WfvT$Umvp',#138,'Drager',$,$,#4084,$,'d28',.NOTDEFINED.,.NOTDEFINED.);
#4086= IFCPROPERTYSET('2GWtpSZYv2gASdmpZpKj5F',#5,'Tekla Assembly','Assembly Properties',(#48,#49,#50,#2911,#2965,#2760,#633,#2913));
#4087= IFCCARTESIANPOINT((0.,9.90348243303466,0.));
#4088= IFCAXIS2PLACEMENT3D(#4087,#8,#7);
#4089= IFCEXTRUDEDAREASOLID(#2178,#4088,#9,10.1);
#4090= IFCSTYLEDITEM(#4089,(#66),$);
#4091= IFCCARTESIANPOINT((0.,20.0034824333313,0.));
#4092= IFCAXIS2PLACEMENT3D(#4091,#8,#7);
#4093= IFCEXTRUDEDAREASOLID(#2193,#4092,#9,3.);
#4094= IFCSTYLEDITEM(#4093,(#62),$);
#4095= IFCCARTESIANPOINT((0.,23.0034824333313,0.));
#4096= IFCAXIS2PLACEMENT3D(#4095,#8,#7);
#4097= IFCEXTRUDEDAREASOLID(#1619,#4096,#9,14.8);
#4098= IFCSTYLEDITEM(#4097,(#62),$);
#4099= IFCSHAPEREPRESENTATION(#12,'Body','SweptSolid',(#2181,#4089,#2189,#2919,#4093,#4097));
#4100= IFCREPRESENTATIONMAP(#10,#4099);
#4101= IFCMAPPEDITEM(#4100,#768);
#4102= IFCMAPPEDITEM(#4100,#2789);
#4103= IFCSHAPEREPRESENTATION(#12,'Body','MappedRepresentation',(#4101,#4102));
#4104= IFCPRODUCTDEFINITIONSHAPE($,$,(#4103));
#4105= IFCCARTESIANPOINT((-27996.7991619256,-64608.9950808382,3575.50780449621));
#4106= IFCAXIS2PLACEMENT3D(#4105,#4080,#127);
#4107= IFCLOCALPLACEMENT(#4084,#4106);
#4108= IFCMECHANICALFASTENER('0DDix0P0n7kwW9_hYZB6km',#138,'Bolt assembly',$,$,#4107,#4104,'ID0d36cec0-640c-47bb-a809-fab8a32c6bb0',16.,55.);
#4109= IFCCARTESIANPOINT((0.,9.9012668401368,0.));
#4110= IFCAXIS2PLACEMENT3D(#4109,#8,#7);
#4111= IFCEXTRUDEDAREASOLID(#2178,#4110,#9,10.1);
#4112= IFCSTYLEDITEM(#4111,(#66),$);
#4113= IFCCARTESIANPOINT((0.,20.0012668406719,0.));
#4114= IFCAXIS2PLACEMENT3D(#4113,#8,#7);
#4115= IFCEXTRUDEDAREASOLID(#2193,#4114,#9,3.);
#4116= IFCSTYLEDITEM(#4115,(#62),$);
#4117= IFCCARTESIANPOINT((0.,23.0012668406719,0.));
#4118= IFCAXIS2PLACEMENT3D(#4117,#8,#7);
#4119= IFCEXTRUDEDAREASOLID(#1619,#4118,#9,14.8);
#4120= IFCSTYLEDITEM(#4119,(#62),$);
#4121= IFCSHAPEREPRESENTATION(#12,'Body','SweptSolid',(#2181,#4111,#2189,#2919,#4115,#4119));
#4122= IFCREPRESENTATIONMAP(#10,#4121);
#4123= IFCMAPPEDITEM(#4122,#768);
#4124= IFCMAPPEDITEM(#4122,#2789);
#4125= IFCSHAPEREPRESENTATION(#12,'Body','MappedRepresentation',(#4123,#4124));
#4126= IFCPRODUCTDEFINITIONSHAPE($,$,(#4125));
#4127= IFCCARTESIANPOINT((-25013.1930697763,-63258.9889068212,2370.04728137145));
#4128= IFCDIRECTION((0.37459680010541,0.,0.927187811260905));
#4129= IFCAXIS2PLACEMENT3D(#4127,#4128,#8);
#4130= IFCLOCALPLACEMENT(#4058,#4129);
#4131= IFCMECHANICALFASTENER('3vXLMeSkf1rwkBws6iCzY7',#138,'Bolt assembly',$,$,#4130,#4126,'IDf98555a8-72ea-41d7-ab8b-eb61ac33d887',16.,55.);
#4132= IFCCARTESIANPOINT((0.,9.90052255660472,0.));
#4133= IFCAXIS2PLACEMENT3D(#4132,#8,#7);
#4134= IFCEXTRUDEDAREASOLID(#2178,#4133,#9,10.1);
#4135= IFCSTYLEDITEM(#4134,(#66),$);
#4136= IFCCARTESIANPOINT((0.,20.0005225571595,0.));
#4137= IFCAXIS2PLACEMENT3D(#4136,#8,#7);
#4138= IFCEXTRUDEDAREASOLID(#2193,#4137,#9,3.);
#4139= IFCSTYLEDITEM(#4138,(#62),$);
#4140= IFCCARTESIANPOINT((0.,23.0005225571595,0.));
#4141= IFCAXIS2PLACEMENT3D(#4140,#8,#7);
#4142= IFCEXTRUDEDAREASOLID(#1619,#4141,#9,14.8);
#4143= IFCSTYLEDITEM(#4142,(#62),$);
#4144= IFCSHAPEREPRESENTATION(#12,'Body','SweptSolid',(#2181,#4134,#2189,#2919,#4138,#4142));
#4145= IFCREPRESENTATIONMAP(#10,#4144);
#4146= IFCMAPPEDITEM(#4145,#768);
#4147= IFCMAPPEDITEM(#4145,#2789);
#4148= IFCSHAPEREPRESENTATION(#12,'Body','MappedRepresentation',(#4146,#4147));
#4149= IFCPRODUCTDEFINITIONSHAPE($,$,(#4148));
#4150= IFCCARTESIANPOINT((-27996.7947772247,-63258.9889068212,3575.51064878883));
#4151= IFCDIRECTION((-0.37459680010541,0.,-0.927187811260905));
#4152= IFCAXIS2PLACEMENT3D(#4150,#4151,#8);
#4153= IFCLOCALPLACEMENT(#4084,#4152);
#4154= IFCMECHANICALFASTENER('2ll73YAErA1AvMATVkDP1b',#138,'Bolt assembly',$,$,#4153,#4149,'IDafbc70e2-28ed-4a04-ae56-29d7ee359065',16.,55.);
#4155= IFCRECTANGLEPROFILEDEF(.AREA.,'FL10*110',#69,10.,250.);
#4156= IFCCARTESIANPOINT((109.999999999184,3.64408503372711E-12,0.));
#4157= IFCAXIS2PLACEMENT3D(#4156,#155,#127);
#4158= IFCEXTRUDEDAREASOLID(#4155,#4157,#9,110.);
#4159= IFCSHAPEREPRESENTATION(#12,'Body','SweptSolid',(#4158));
#4160= IFCSTYLEDITEM(#4158,(#1448),$);
#4161= IFCPRODUCTDEFINITIONSHAPE($,$,(#4159));
#4162= IFCCARTESIANPOINT((-28012.766534743,-64703.9950808382,3522.63963822121));
#4163= IFCDIRECTION((0.374605356178643,0.,0.927184354442131));
#4164= IFCAXIS2PLACEMENT3D(#4162,#127,#4163);
#4165= IFCLOCALPLACEMENT(#4011,#4164);
#4166= IFCMEMBER('3sIQhQyGPFlPTNjJXTSWR$',#138,'Fladst\S\el','FL10*110',$,#4165,#4161,'IDf649aada-f106-4fbd-9757-b5385d7206ff');
#4167= IFCMEMBERTYPE('1mEl7PFdzBjQCxFBakDCPG',#5,'FL10*110',$,$,$,$,$,$,.NOTDEFINED.);
#4168= IFCPROPERTYSINGLEVALUE('Top elevation',$,IFCLABEL(' +3.627'),$);
#4169= IFCPROPERTYSET('2U718WNarATg8oVl1_D8ln',#5,'Tekla Common','Common Properties to Shared building elements',(#1496,#3050,#4168,#1499,#1500,#1501,#1502));
#4170= IFCPROPERTYSET('07Sec4T3b59QYm1pXlwukj',#5,'Pset_MemberCommon','Common Properties to member elements',(#1513,#3035));
#4171= IFCQUANTITYLENGTH('Length',$,$,250.);
#4172= IFCQUANTITYAREA('OuterSurfaceArea',$,$,0.0621999999996481);
#4173= IFCQUANTITYAREA('GrossSurfaceArea',$,$,0.0621999999996481);
#4174= IFCQUANTITYAREA('CrossSectionArea',$,$,0.0025);
#4175= IFCQUANTITYVOLUME('NetVolume',$,$,0.000274999999998308);
#4176= IFCQUANTITYVOLUME('GrossVolume',$,$,0.000274999999998308);
#4177= IFCQUANTITYWEIGHT('NetWeight',$,$,2.15874999998672);
#4178= IFCQUANTITYWEIGHT('GrossWeight',$,$,2.15874999998672);
#4179= IFCELEMENTQUANTITY('0QKxMqxAf4PBiXFit3dARQ',#5,'BaseQuantities',$,$,(#4171,#4172,#4173,#4174,#4175,#4176,#4177,#4178));
#4180= IFCSHAPEREPRESENTATION(#12,'Body','SweptSolid',(#4158));
#4181= IFCPRODUCTDEFINITIONSHAPE($,$,(#4180));
#4182= IFCCARTESIANPOINT((-25038.4322912152,-64703.9950808382,2320.93521626975));
#4183= IFCAXIS2PLACEMENT3D(#4182,#8,#4163);
#4184= IFCLOCALPLACEMENT(#4011,#4183);
#4185= IFCMEMBER('06YS3VvxrDXRsRSH7mgrN5',#138,'Fladst\S\el','FL10*110',$,#4184,#4181,'ID0689c0df-e7bd-4d85-bd9b-7111f0ab55c5');
#4186= IFCLOCALPLACEMENT(#42,#10);
#4187= IFCELEMENTASSEMBLY('3TEUo9zy52veFRB2hw2YJs',#138,'Drager',$,$,#4186,$,'d29',.NOTDEFINED.,.NOTDEFINED.);
#4188= IFCPROPERTYSET('0jjVB$4Tj0nQhw0Gs5W2ps',#5,'Tekla Assembly','Assembly Properties',(#48,#49,#50,#2758,#2759,#2760,#633,#2761));
#4189= IFCSHAPEREPRESENTATION(#12,'Body','SweptSolid',(#3019));
#4190= IFCPRODUCTDEFINITIONSHAPE($,$,(#4189));
#4191= IFCCARTESIANPOINT((-25017.8289836322,-63038.988906827,2371.92032773362));
#4192= IFCDIRECTION((-0.927182771948453,0.,0.374609272979171));
#4193= IFCAXIS2PLACEMENT3D(#4191,#4192,#127);
#4194= IFCLOCALPLACEMENT(#4186,#4193);
#4195= IFCPLATE('3LcEKW1sr7effZac61cKjw',#138,'Fladst\S\el','FL10*110',$,#4194,#4190,'IDd598e520-076d-47a2-9a63-926181994b7a');
#4196= IFCSHAPEREPRESENTATION(#12,'Body','SweptSolid',(#3019));
#4197= IFCPRODUCTDEFINITIONSHAPE($,$,(#4196));
#4198= IFCCARTESIANPOINT((-27992.1588633688,-63038.988906827,3573.63760242667));
#4199= IFCDIRECTION((0.927182771948453,0.,-0.374609272979171));
#4200= IFCAXIS2PLACEMENT3D(#4198,#4199,#127);
#4201= IFCLOCALPLACEMENT(#4186,#4200);
#4202= IFCPLATE('3RRjfYdUDF3wtGhtGpTf9L',#138,'Fladst\S\el','FL10*110',$,#4201,#4197,'IDdb6eda62-9de3-4f0f-add0-af7433769255');
#4203= IFCCARTESIANPOINT((0.,-0.113148758422176,0.));
#4204= IFCAXIS2PLACEMENT3D(#4203,#8,#7);
#4205= IFCEXTRUDEDAREASOLID(#2178,#4204,#9,10.1);
#4206= IFCSTYLEDITEM(#4205,(#66),$);
#4207= IFCCARTESIANPOINT((0.,9.98685124157782,0.));
#4208= IFCAXIS2PLACEMENT3D(#4207,#8,#7);
#4209= IFCEXTRUDEDAREASOLID(#2193,#4208,#9,3.);
#4210= IFCSTYLEDITEM(#4209,(#62),$);
#4211= IFCCARTESIANPOINT((0.,12.9868512415778,0.));
#4212= IFCAXIS2PLACEMENT3D(#4211,#8,#7);
#4213= IFCEXTRUDEDAREASOLID(#1619,#4212,#9,14.8);
#4214= IFCSTYLEDITEM(#4213,(#62),$);
#4215= IFCSHAPEREPRESENTATION(#12,'Body','SweptSolid',(#2765,#4205,#2773,#2775,#4209,#4213));
#4216= IFCREPRESENTATIONMAP(#10,#4215);
#4217= IFCMAPPEDITEM(#4216,#768);
#4218= IFCMAPPEDITEM(#4216,#2789);
#4219= IFCSHAPEREPRESENTATION(#12,'Body','MappedRepresentation',(#4217,#4218));
#4220= IFCPRODUCTDEFINITIONSHAPE($,$,(#4219));
#4221= IFCCARTESIANPOINT((-27732.1681844024,-63034.0020555854,3468.47557290875));
#4222= IFCDIRECTION((0.374617163897008,0.,0.927179583745114));
#4223= IFCAXIS2PLACEMENT3D(#4221,#4222,#4036);
#4224= IFCLOCALPLACEMENT(#4186,#4223);
#4225= IFCMECHANICALFASTENER('1Eo0bq9zL28QHoEPX$2HZY',#138,'Bolt assembly',$,$,#4224,#4220,'ID4ec80974-27d5-4221-a472-39987f0918e2',16.,55.);
#4226= IFCSHAPEREPRESENTATION(#12,'Body','SweptSolid',(#3332));
#4227= IFCPRODUCTDEFINITIONSHAPE($,$,(#4226));
#4228= IFCCARTESIANPOINT((-27760.0018233061,-63029.0020555854,3299.99995231516));
#4229= IFCAXIS2PLACEMENT3D(#4228,#127,#9);
#4230= IFCLOCALPLACEMENT(#631,#4229);
#4231= IFCPLATE('0mmfBBy9P7nOdfyW27SuwG',#138,'Fladst\S\el','FL10*110',$,#4230,#4227,'ID30c292cb-f096-47c5-89e9-f20087738e90');
#4232= IFCSHAPEREPRESENTATION(#12,'Body','MappedRepresentation',(#4217,#4218));
#4233= IFCPRODUCTDEFINITIONSHAPE($,$,(#4232));
#4234= IFCCARTESIANPOINT((-25222.1681844024,-63034.0020555854,2454.47557290875));
#4235= IFCAXIS2PLACEMENT3D(#4234,#4222,#4036);
#4236= IFCLOCALPLACEMENT(#4186,#4235);
#4237= IFCMECHANICALFASTENER('1sggsNzpn5Dx3Kzxphs831',#138,'Bolt assembly',$,$,#4236,#4233,'ID76aaad97-f73c-4537-b0d4-f7bcebd880c1',16.,55.);
#4238= IFCSHAPEREPRESENTATION(#12,'Body','SweptSolid',(#3332));
#4239= IFCPRODUCTDEFINITIONSHAPE($,$,(#4238));
#4240= IFCCARTESIANPOINT((-25250.0018233061,-63029.0020555854,2285.99995231516));
#4241= IFCAXIS2PLACEMENT3D(#4240,#127,#9);
#4242= IFCLOCALPLACEMENT(#621,#4241);
#4243= IFCPLATE('38WDlnxdP6zADGr9kL9zmA',#138,'Fladst\S\el','FL10*110',$,#4242,#4239,'IDc880dbf1-ee76-46f4-a350-d49b9527dc0a');
#4244= IFCCARTESIANPOINT((0.,0.168752062422044,0.));
#4245= IFCAXIS2PLACEMENT3D(#4244,#8,#7);
#4246= IFCEXTRUDEDAREASOLID(#2178,#4245,#9,6.1);
#4247= IFCSTYLEDITEM(#4246,(#66),$);
#4248= IFCCARTESIANPOINT((0.,-9.07124793757796,0.));
#4249= IFCAXIS2PLACEMENT3D(#4248,#8,#7);
#4250= IFCEXTRUDEDAREASOLID(#3155,#4249,#9,9.24);
#4251= IFCSTYLEDITEM(#4250,(#1609),$);
#4252= IFCEXTRUDEDAREASOLID(#1930,#4245,#9,100.);
#4253= IFCSTYLEDITEM(#4252,(#1609),$);
#4254= IFCCARTESIANPOINT((0.,6.16879424957346,0.));
#4255= IFCAXIS2PLACEMENT3D(#4254,#8,#7);
#4256= IFCEXTRUDEDAREASOLID(#3162,#4255,#9,4.62);
#4257= IFCSTYLEDITEM(#4256,(#1609),$);
#4258= IFCCARTESIANPOINT((0.,10.7887942495735,0.));
#4259= IFCAXIS2PLACEMENT3D(#4258,#8,#7);
#4260= IFCEXTRUDEDAREASOLID(#3172,#4259,#9,9.24);
#4261= IFCSTYLEDITEM(#4260,(#1609),$);
#4262= IFCSHAPEREPRESENTATION(#12,'Body','SweptSolid',(#4246,#4250,#4252,#4256,#4260));
#4263= IFCREPRESENTATIONMAP(#10,#4262);
#4264= IFCMAPPEDITEM(#4263,#2203);
#4265= IFCMAPPEDITEM(#4263,#2208);
#4266= IFCSHAPEREPRESENTATION(#12,'Body','MappedRepresentation',(#4264,#4265));
#4267= IFCPRODUCTDEFINITIONSHAPE($,$,(#4266));
#4268= IFCCARTESIANPOINT((-87500.0020243259,-63351.0042460914,-148.831249124326));
#4269= IFCDIRECTION((-6.9500000606137E-07,0.999992968818792,-0.00374997499932026));
#4270= IFCAXIS2PLACEMENT3D(#4268,#155,#4269);
#4271= IFCLOCALPLACEMENT(#3744,#4270);
#4272= IFCMECHANICALFASTENER('33cG4zz2H5fRJGeaMu0gvN',#3106,'Bolt assembly',$,$,#4271,#4267,'IDc399013d-f424-45a5-b4d0-a245b802ae57',14.,100.);
#4273= IFCPROPERTYSINGLEVALUE('Bolt Name',$,IFCLABEL('14X100 35/15/_ #2293599'),$);
#4274= IFCPROPERTYSET('2fJlElwE5EgO0mPEk2sHX5',#5,'Tekla Bolt','Bolt Properties',(#2216,#3191,#1666,#3192,#2218,#1669,#3193,#97,#98,#2220,#100,#101,#3194,#1673,#1674,#4273));
#4275= IFCLOCALPLACEMENT(#42,#10);
#4276= IFCELEMENTASSEMBLY('2Y0bHPitr8XwGMcaVKsHeb',#45,'Drager',$,$,#4275,$,'d31',.NOTDEFINED.,.NOTDEFINED.);
#4277= IFCPROPERTYSINGLEVALUE('Assembly/Cast unit Mark',$,IFCLABEL('d31'),$);
#4278= IFCPROPERTYSET('0hblNmclvBGRwKXuz7ZOnp',#5,'Tekla Assembly','Assembly Properties',(#48,#49,#50,#3715,#3716,#3717,#270,#4277));
#4279= IFCQUANTITYLENGTH('Width',$,$,133.993763427745);
#4280= IFCELEMENTQUANTITY('2NVssMMOjCNxlWwGp0vU1I',#5,'BaseQuantities',$,$,(#4279));
#4281= IFCSHAPEREPRESENTATION(#12,'Body','MappedRepresentation',(#4264,#4265));
#4282= IFCPRODUCTDEFINITIONSHAPE($,$,(#4281));
#4283= IFCCARTESIANPOINT((-87500.0020243259,-64617.0042460914,-148.831249124326));
#4284= IFCAXIS2PLACEMENT3D(#4283,#155,#4269);
#4285= IFCLOCALPLACEMENT(#4275,#4284);
#4286= IFCMECHANICALFASTENER('1YwSODwPT47u$0mjcbKSTZ',#3106,'Bolt assembly',$,$,#4285,#4282,'ID62e9c60d-e997-441f-8fc0-c2d9a551c763',14.,100.);
#4287= IFCCARTESIANPOINT((0.,-35.));
#4288= IFCCARTESIANPOINT((0.,35.));
#4289= IFCCARTESIANPOINT((150.,35.));
#4290= IFCCARTESIANPOINT((150.,-35.));
#4291= IFCPOLYLINE((#4287,#4288,#4289,#4290,#4287));
#4292= IFCARBITRARYCLOSEDPROFILEDEF(.AREA.,'FL6*70',#4291);
#4293= IFCCARTESIANPOINT((0.,0.,-3.));
#4294= IFCAXIS2PLACEMENT3D(#4293,#9,#7);
#4295= IFCEXTRUDEDAREASOLID(#4292,#4294,#9,6.);
#4296= IFCSHAPEREPRESENTATION(#12,'Body','SweptSolid',(#4295));
#4297= IFCSTYLEDITEM(#4295,(#1448),$);
#4298= IFCPRODUCTDEFINITIONSHAPE($,$,(#4296));
#4299= IFCCARTESIANPOINT((-87575.0020555854,-63351.0040317965,-152.));
#4300= IFCAXIS2PLACEMENT3D(#4299,#9,#7);
#4301= IFCLOCALPLACEMENT(#3744,#4300);
#4302= IFCPLATE('316Q4GWeLB2hOtFhltLQa2',#45,'Fladst\S\el','FL6*70',$,#4301,#4298,'IDc119a110-8285-4b0a-b637-3ebbf755a902');
#4303= IFCPLATETYPE('3V$yk$iEr6xBGqgRyGXjRt',#5,'FL6*70',$,$,$,$,$,$,.NOTDEFINED.);
#4304= IFCPROPERTYSINGLEVALUE('Bottom elevation',$,IFCLABEL(' -0.155'),$);
#4305= IFCPROPERTYSINGLEVALUE('Top elevation',$,IFCLABEL(' -0.149'),$);
#4306= IFCPROPERTYSET('23FoV3F911RgMmgYDC4p1k',#5,'Tekla Common','Common Properties to Shared building elements',(#1496,#4304,#4305,#1499,#1500,#1501,#1502));
#4307= IFCPROPERTYSINGLEVALUE('Weight',$,IFCMASSMEASURE(0.49),$);
#4308= IFCPROPERTYSINGLEVALUE('Gross footprint area',$,IFCAREAMEASURE(0.011),$);
#4309= IFCPROPERTYSINGLEVALUE('Area per tons',$,IFCAREAMEASURE(47.801),$);
#4310= IFCPROPERTYSINGLEVALUE('Net surface area',$,IFCAREAMEASURE(0.024),$);
#4311= IFCPROPERTYSINGLEVALUE('Height',$,IFCLENGTHMEASURE(70.),$);
#4312= IFCPROPERTYSINGLEVALUE('Width',$,IFCLENGTHMEASURE(6.),$);
#4313= IFCPROPERTYSINGLEVALUE('Length',$,IFCLENGTHMEASURE(150.),$);
#4314= IFCPROPERTYSET('0JjeyhcpDACxJOQmB9Dd$i',#5,'Tekla Quantity','Quantity Properties to Shared building elements',(#4307,#1505,#4308,#4309,#4310,#4311,#4312,#4313));
#4315= IFCPROPERTYSINGLEVALUE('Reference',$,IFCIDENTIFIER('F81'),$);
#4316= IFCPROPERTYSET('3r7ZG3dpnFSfHRyxnKJZ_O',#5,'Pset_PlateCommon','Common Properties to plate elements',(#1513,#4315));
#4317= IFCQUANTITYLENGTH('Width',$,$,70.);
#4318= IFCQUANTITYAREA('NetArea',$,$,0.02364);
#4319= IFCQUANTITYAREA('GrossArea',$,$,0.02364);
#4320= IFCQUANTITYAREA('CrossSectionArea',$,$,0.00042);
#4321= IFCQUANTITYVOLUME('NetVolume',$,$,6.3E-05);
#4322= IFCQUANTITYVOLUME('GrossVolume',$,$,6.3E-05);
#4323= IFCELEMENTQUANTITY('3Tdik2ydr0RAH6ZHH$smKu',#5,'BaseQuantities',$,$,(#4317,#4318,#4319,#4320,#4321,#4322));
#4324= IFCSHAPEREPRESENTATION(#12,'Body','SweptSolid',(#4295));
#4325= IFCPRODUCTDEFINITIONSHAPE($,$,(#4324));
#4326= IFCCARTESIANPOINT((-87575.0020555854,-64617.0040317965,-152.));
#4327= IFCAXIS2PLACEMENT3D(#4326,#9,#7);
#4328= IFCLOCALPLACEMENT(#4275,#4327);
#4329= IFCPLATE('0NPRb_9yD7NBan10IF4QFU',#45,'Fladst\S\el','FL6*70',$,#4328,#4325,'ID1765b97e-27c3-475c-b931-04048f11a3de');
#4330= IFCSHAPEREPRESENTATION(#12,'Body','MappedRepresentation',(#4264,#4265));
#4331= IFCPRODUCTDEFINITIONSHAPE($,$,(#4330));
#4332= IFCCARTESIANPOINT((-62500.0020243259,-63351.0042460914,-148.831249124326));
#4333= IFCAXIS2PLACEMENT3D(#4332,#155,#4269);
#4334= IFCLOCALPLACEMENT(#3713,#4333);
#4335= IFCMECHANICALFASTENER('3nR9sQYrf5MQGtEBvea0PV',#3106,'Bolt assembly',$,$,#4334,#4331,'IDf16c9d9a-8b5a-4559-a437-38be6890065f',14.,100.);
#4336= IFCSHAPEREPRESENTATION(#12,'Body','SweptSolid',(#4295));
#4337= IFCPRODUCTDEFINITIONSHAPE($,$,(#4336));
#4338= IFCCARTESIANPOINT((-62575.0020555854,-63351.0040317965,-152.));
#4339= IFCAXIS2PLACEMENT3D(#4338,#9,#7);
#4340= IFCLOCALPLACEMENT(#3713,#4339);
#4341= IFCPLATE('0hYnFP4hLAlfg2wJ_mgNUd',#45,'Fladst\S\el','FL6*70',$,#4340,#4337,'ID2b8b13d9-12b5-4abe-9a82-e93fb0a977a7');
#4342= IFCLOCALPLACEMENT(#42,#10);
#4343= IFCELEMENTASSEMBLY('3UsuvAjRH5zPTdsrgLdh5X',#45,'Drager',$,$,#4342,$,'d31',.NOTDEFINED.,.NOTDEFINED.);
#4344= IFCPROPERTYSET('1LSN9mil50AO8wtpxr6iaE',#5,'Tekla Assembly','Assembly Properties',(#48,#49,#50,#3715,#3716,#3717,#495,#4277));
#4345= IFCQUANTITYLENGTH('Width',$,$,134.);
#4346= IFCELEMENTQUANTITY('1ZLCPJaHf7ffNsz$q9rInW',#5,'BaseQuantities',$,$,(#4345));
#4347= IFCSHAPEREPRESENTATION(#12,'Body','MappedRepresentation',(#4264,#4265));
#4348= IFCPRODUCTDEFINITIONSHAPE($,$,(#4347));
#4349= IFCCARTESIANPOINT((-62500.0020243259,-64617.0042460914,-148.831249124326));
#4350= IFCAXIS2PLACEMENT3D(#4349,#155,#4269);
#4351= IFCLOCALPLACEMENT(#4342,#4350);
#4352= IFCMECHANICALFASTENER('2SeudlUyb2bv7gRk_tJJHQ',#3106,'Bolt assembly',$,$,#4351,#4348,'ID9ca389ef-7bc9-4297-91ea-6eefb74d345a',14.,100.);
#4353= IFCSHAPEREPRESENTATION(#12,'Body','SweptSolid',(#4295));
#4354= IFCPRODUCTDEFINITIONSHAPE($,$,(#4353));
#4355= IFCCARTESIANPOINT((-62575.0020555854,-64617.0040317965,-152.));
#4356= IFCAXIS2PLACEMENT3D(#4355,#9,#7);
#4357= IFCLOCALPLACEMENT(#4342,#4356);
#4358= IFCPLATE('0TfCSHZ81BQQqxUp4zelns',#45,'Fladst\S\el','FL6*70',$,#4357,#4354,'ID1da4c711-8c80-4b69-ad3b-7b313da2fc76');
#4359= IFCSHAPEREPRESENTATION(#12,'Body','MappedRepresentation',(#3181,#3184));
#4360= IFCPRODUCTDEFINITIONSHAPE($,$,(#4359));
#4361= IFCCARTESIANPOINT((-25249.9987494481,-64629.000040931,10.));
#4362= IFCAXIS2PLACEMENT3D(#4361,#8,#7);
#4363= IFCLOCALPLACEMENT(#662,#4362);
#4364= IFCMECHANICALFASTENER('2_8JzVeYTAM9L7n21fGeI5',#137,'Bolt assembly',$,$,#4363,#4360,'IDbe213f5f-a227-4a58-9547-c42069428485',14.,150.);
#4365= IFCSHAPEREPRESENTATION(#12,'Body','SweptSolid',(#3204));
#4366= IFCPRODUCTDEFINITIONSHAPE($,$,(#4365));
#4367= IFCCARTESIANPOINT((-25189.9987494481,-64629.000040931,5.));
#4368= IFCAXIS2PLACEMENT3D(#4367,#9,#155);
#4369= IFCLOCALPLACEMENT(#662,#4368);
#4370= IFCPLATE('2p4iWq0dP019xnTByFGKSM',#45,'Fladst\S\el','FL10*120',$,#4369,#4366,'IDb312c834-0276-4004-9ef1-74bf0f414716');
#4371= IFCSHAPEREPRESENTATION(#12,'Body','MappedRepresentation',(#3181,#3184));
#4372= IFCPRODUCTDEFINITIONSHAPE($,$,(#4371));
#4373= IFCCARTESIANPOINT((-27759.9987494481,-64629.000040931,10.));
#4374= IFCAXIS2PLACEMENT3D(#4373,#8,#7);
#4375= IFCLOCALPLACEMENT(#674,#4374);
#4376= IFCMECHANICALFASTENER('1NxedzTHT39h0uC$BBytFF',#137,'Bolt assembly',$,$,#4375,#4372,'ID57ee89fd-7517-4326-b038-33f2cbf373cf',14.,150.);
#4377= IFCSHAPEREPRESENTATION(#12,'Body','SweptSolid',(#3204));
#4378= IFCPRODUCTDEFINITIONSHAPE($,$,(#4377));
#4379= IFCCARTESIANPOINT((-27699.9987494481,-64629.000040931,5.));
#4380= IFCAXIS2PLACEMENT3D(#4379,#9,#155);
#4381= IFCLOCALPLACEMENT(#674,#4380);
#4382= IFCPLATE('3ipYnp0VPBgv4N5SokHgvJ',#45,'Fladst\S\el','FL10*120',$,#4381,#4378,'IDecce2c73-01f6-4bab-9117-15ccae46ae53');
#4383= IFCSHAPEREPRESENTATION(#12,'Body','MappedRepresentation',(#3181,#3184));
#4384= IFCPRODUCTDEFINITIONSHAPE($,$,(#4383));
#4385= IFCCARTESIANPOINT((-27759.9987494481,-63284.000040931,10.));
#4386= IFCAXIS2PLACEMENT3D(#4385,#8,#7);
#4387= IFCLOCALPLACEMENT(#688,#4386);
#4388= IFCMECHANICALFASTENER('2ercZ4mobDauoIerZKPjOz',#137,'Bolt assembly',$,$,#4387,#4384,'IDa8d668c4-c329-4d93-8c92-a358d466d63d',14.,150.);
#4389= IFCSHAPEREPRESENTATION(#12,'Body','SweptSolid',(#3204));
#4390= IFCPRODUCTDEFINITIONSHAPE($,$,(#4389));
#4391= IFCCARTESIANPOINT((-27699.9987494481,-63284.000040931,5.));
#4392= IFCAXIS2PLACEMENT3D(#4391,#9,#155);
#4393= IFCLOCALPLACEMENT(#688,#4392);
#4394= IFCPLATE('33I64oxwnE$vrszdYMTjQC',#45,'Fladst\S\el','FL10*120',$,#4393,#4390,'IDc3486132-efac-4eff-9d76-f6789676d68c');
#4395= IFCSHAPEREPRESENTATION(#12,'Body','MappedRepresentation',(#3181,#3184));
#4396= IFCPRODUCTDEFINITIONSHAPE($,$,(#4395));
#4397= IFCCARTESIANPOINT((-25249.9987494481,-63284.000040931,10.));
#4398= IFCAXIS2PLACEMENT3D(#4397,#8,#7);
#4399= IFCLOCALPLACEMENT(#653,#4398);
#4400= IFCMECHANICALFASTENER('1KhhDOroLAMBOo3cbDj0XS',#137,'Bolt assembly',$,$,#4399,#4396,'ID54aeb358-d725-4a58-b632-0e694db4085c',14.,150.);
#4401= IFCSHAPEREPRESENTATION(#12,'Body','SweptSolid',(#3204));
#4402= IFCPRODUCTDEFINITIONSHAPE($,$,(#4401));
#4403= IFCCARTESIANPOINT((-25189.9987494481,-63284.000040931,5.));
#4404= IFCAXIS2PLACEMENT3D(#4403,#9,#155);
#4405= IFCLOCALPLACEMENT(#653,#4404);
#4406= IFCPLATE('3kE5xDnln92u3cyslYHAoX',#45,'Fladst\S\el','FL10*120',$,#4405,#4402,'IDee385ecd-c6fc-490b-80e6-f36be244aca1');
#4407= IFCSHAPEREPRESENTATION(#12,'Body','MappedRepresentation',(#1967,#1970,#1973,#1976));
#4408= IFCPRODUCTDEFINITIONSHAPE($,$,(#4407));
#4409= IFCCARTESIANPOINT((-27699.9987494481,-63283.9981766939,2380.99995231516));
#4410= IFCAXIS2PLACEMENT3D(#4409,#127,#85);
#4411= IFCLOCALPLACEMENT(#738,#4410);
#4412= IFCMECHANICALFASTENER('0fTeEgA4f7cR92mfEm3HR6',#1929,'Bolt assembly',$,$,#4411,#4408,'ID297683aa-284a-4799-b242-c293b00d16c6',12.,130.);
#4413= IFCSHAPEREPRESENTATION(#12,'Body','SweptSolid',(#2001));
#4414= IFCPRODUCTDEFINITIONSHAPE($,$,(#4413));
#4415= IFCCARTESIANPOINT((-27704.9987494481,-63283.9981766939,2235.99995231516));
#4416= IFCAXIS2PLACEMENT3D(#4415,#7,#9);
#4417= IFCLOCALPLACEMENT(#738,#4416);
#4418= IFCPLATE('3zFQLB02zFKQrD72UksJ_s',#45,'Fladst\S\el','FL10*90',$,#4417,#4414,'IDfd3da54b-002f-4f51-ad4d-1c27aed93fb6');
#4419= IFCSHAPEREPRESENTATION(#12,'Body','MappedRepresentation',(#2033,#2036,#2039,#2042));
#4420= IFCPRODUCTDEFINITIONSHAPE($,$,(#4419));
#4421= IFCCARTESIANPOINT((-25310.0018233061,-63233.9981766939,2330.99995231516));
#4422= IFCAXIS2PLACEMENT3D(#4421,#85,#127);
#4423= IFCLOCALPLACEMENT(#738,#4422);
#4424= IFCMECHANICALFASTENER('1I0h2NZMTCAgaV2s8PsxsE',#2030,'Bolt assembly',$,$,#4423,#4420,'ID5202b097-8d67-4c2a-a91f-0b6219dbbd8e',12.,130.);
#4425= IFCSHAPEREPRESENTATION(#12,'Body','SweptSolid',(#2053));
#4426= IFCPRODUCTDEFINITIONSHAPE($,$,(#4425));
#4427= IFCCARTESIANPOINT((-25305.0018233061,-63408.9981766939,2330.99995231516));
#4428= IFCAXIS2PLACEMENT3D(#4427,#155,#8);
#4429= IFCLOCALPLACEMENT(#738,#4428);
#4430= IFCPLATE('3YMhThkWHD5wR2QMO1pcek',#45,'Fladst\S\el','FL10*90',$,#4429,#4426,'IDe25ab76b-ba04-4d17-a6c2-696601ce6a2e');
#4431= IFCSHAPEREPRESENTATION(#12,'Body','MappedRepresentation',(#1967,#1970,#1973,#1976));
#4432= IFCPRODUCTDEFINITIONSHAPE($,$,(#4431));
#4433= IFCCARTESIANPOINT((-27759.9987494481,-63234.000040931,3284.99995231516));
#4434= IFCAXIS2PLACEMENT3D(#4433,#7,#127);
#4435= IFCLOCALPLACEMENT(#688,#4434);
#4436= IFCMECHANICALFASTENER('3738RMqvbEv8YRYtQGi1Vy',#3106,'Bolt assembly',$,$,#4435,#4432,'IDc70c86d6-d399-4ee4-889b-8b7690b017fc',12.,130.);
#4437= IFCSHAPEREPRESENTATION(#12,'Body','SweptSolid',(#2001));
#4438= IFCPRODUCTDEFINITIONSHAPE($,$,(#4437));
#4439= IFCCARTESIANPOINT((-27759.9987494481,-63379.000040931,3289.99995231516));
#4440= IFCAXIS2PLACEMENT3D(#4439,#85,#8);
#4441= IFCLOCALPLACEMENT(#688,#4440);
#4442= IFCPLATE('1XFTkxGeX859$YwOKWCOhO',#45,'Fladst\S\el','FL10*90',$,#4441,#4438,'ID613ddbbb-4288-4814-9fe2-e98520318ad8');
#4443= IFCSHAPEREPRESENTATION(#12,'Body','MappedRepresentation',(#1967,#1970,#1973,#1976));
#4444= IFCPRODUCTDEFINITIONSHAPE($,$,(#4443));
#4445= IFCCARTESIANPOINT((-25249.9987494481,-63234.000040931,2270.99995231516));
#4446= IFCAXIS2PLACEMENT3D(#4445,#7,#127);
#4447= IFCLOCALPLACEMENT(#653,#4446);
#4448= IFCMECHANICALFASTENER('23NaSgapP45x9qSUPTskuJ',#2030,'Bolt assembly',$,$,#4447,#4444,'ID835e472a-9336-4417-b274-71e65ddaee13',12.,130.);
#4449= IFCSHAPEREPRESENTATION(#12,'Body','SweptSolid',(#2001));
#4450= IFCPRODUCTDEFINITIONSHAPE($,$,(#4449));
#4451= IFCCARTESIANPOINT((-25249.9987494481,-63379.000040931,2275.99995231516));
#4452= IFCAXIS2PLACEMENT3D(#4451,#85,#8);
#4453= IFCLOCALPLACEMENT(#653,#4452);
#4454= IFCPLATE('0o1gE5PO50Q87hgIxyyS9A',#45,'Fladst\S\el','FL10*90',$,#4453,#4450,'ID3206a385-6581-4068-81eb-a92efcf1c24a');
#4455= IFCSHAPEREPRESENTATION(#12,'Body','MappedRepresentation',(#1967,#1970,#1973,#1976));
#4456= IFCPRODUCTDEFINITIONSHAPE($,$,(#4455));
#4457= IFCCARTESIANPOINT((-27759.9987494481,-64579.000040931,3284.99995231516));
#4458= IFCAXIS2PLACEMENT3D(#4457,#7,#127);
#4459= IFCLOCALPLACEMENT(#674,#4458);
#4460= IFCMECHANICALFASTENER('0Yda3qqufDl9uaPZb6C6ck',#3106,'Bolt assembly',$,$,#4459,#4456,'ID229e40f4-d38a-4dbc-9e24-6639463069ae',12.,130.);
#4461= IFCSHAPEREPRESENTATION(#12,'Body','SweptSolid',(#2001));
#4462= IFCPRODUCTDEFINITIONSHAPE($,$,(#4461));
#4463= IFCCARTESIANPOINT((-27759.9987494481,-64724.000040931,3289.99995231516));
#4464= IFCAXIS2PLACEMENT3D(#4463,#85,#8);
#4465= IFCLOCALPLACEMENT(#674,#4464);
#4466= IFCPLATE('1Gkm$CWYr4uv6Qk3_gMDqn',#45,'Fladst\S\el','FL10*90',$,#4465,#4462,'ID50bb0fcc-822d-44e3-919a-b83faa58dd31');
#4467= IFCSHAPEREPRESENTATION(#12,'Body','MappedRepresentation',(#1967,#1970,#1973,#1976));
#4468= IFCPRODUCTDEFINITIONSHAPE($,$,(#4467));
#4469= IFCCARTESIANPOINT((-25249.9987494481,-64579.000040931,2270.99995231516));
#4470= IFCAXIS2PLACEMENT3D(#4469,#7,#127);
#4471= IFCLOCALPLACEMENT(#662,#4470);
#4472= IFCMECHANICALFASTENER('3lCMgFZGH3mOSlKIyXwkn$',#3106,'Bolt assembly',$,$,#4471,#4468,'IDef316a8f-8d04-43c1-872f-512f21eaec7f',12.,130.);
#4473= IFCSHAPEREPRESENTATION(#12,'Body','SweptSolid',(#2001));
#4474= IFCPRODUCTDEFINITIONSHAPE($,$,(#4473));
#4475= IFCCARTESIANPOINT((-25249.9987494481,-64724.000040931,2275.99995231516));
#4476= IFCAXIS2PLACEMENT3D(#4475,#85,#8);
#4477= IFCLOCALPLACEMENT(#662,#4476);
#4478= IFCPLATE('3mTez3xLb6iAa_wfK8a$uw',#45,'Fladst\S\el','FL10*90',$,#4477,#4474,'IDf0768f43-ed59-46b0-a93e-ea950893fe3a');
#4479= IFCSHAPEREPRESENTATION(#12,'Body','SweptSolid',(#2245));
#4480= IFCPRODUCTDEFINITIONSHAPE($,$,(#4479));
#4481= IFCCARTESIANPOINT((-64995.001250552,-64768.9970463896,2095.00483149168));
#4482= IFCAXIS2PLACEMENT3D(#4481,#7,#8);
#4483= IFCLOCALPLACEMENT(#568,#4482);
#4484= IFCPLATE('3eTgEqbZr3kxGaVW0InrSx',#45,'Fladst\S\el','FL5*60',$,#4483,#4480,'IDe876a3b4-963d-43bb-b424-7e0012c7573b');
#4485= IFCSHAPEREPRESENTATION(#12,'Body','SweptSolid',(#2245));
#4486= IFCPRODUCTDEFINITIONSHAPE($,$,(#4485));
#4487= IFCCARTESIANPOINT((-60004.998749448,-64768.9970463896,2095.00483149168));
#4488= IFCAXIS2PLACEMENT3D(#4487,#7,#8);
#4489= IFCLOCALPLACEMENT(#558,#4488);
#4490= IFCPLATE('0$QI4_bcLAqvqpyVO272OW',#45,'Fladst\S\el','FL5*60',$,#4489,#4486,'ID3f69213e-9665-4ad3-9d33-f1f6021c2620');
#4491= IFCSHAPEREPRESENTATION(#12,'Body','SweptSolid',(#2317));
#4492= IFCPRODUCTDEFINITIONSHAPE($,$,(#4491));
#4493= IFCCARTESIANPOINT((-64957.5012505519,-64728.9970463896,2155.00483149168));
#4494= IFCAXIS2PLACEMENT3D(#4493,#7,#85);
#4495= IFCLOCALPLACEMENT(#568,#4494);
#4496= IFCBEAM('1JRJ5i8$n0gB38Hse$$eTF',#45,'Drager','L100*10',$,#4495,#4492,'ID536d316c-23fc-40a8-b0c8-476a3ffe874f');
#4497= IFCSHAPEREPRESENTATION(#12,'Body','MappedRepresentation',(#2632,#2633));
#4498= IFCPRODUCTDEFINITIONSHAPE($,$,(#4497));
#4499= IFCCARTESIANPOINT((-59982.4987494481,-64738.9970463896,2095.00483149168));
#4500= IFCAXIS2PLACEMENT3D(#4499,#9,#8);
#4501= IFCLOCALPLACEMENT(#558,#4500);
#4502= IFCMECHANICALFASTENER('3LsdmOeYH8YQDrwaBLb4Wd',#2030,'Bolt assembly',$,$,#4501,#4498,'IDd5da7c18-a224-4889-a375-ea42d5944827',16.,60.);
#4503= IFCLOCALPLACEMENT(#42,#10);
#4504= IFCELEMENTASSEMBLY('0r0qPugLT70wrpm1kSl1LT',#45,'L\S\xsdele',$,$,#4503,$,'l6',.NOTDEFINED.,.NOTDEFINED.);
#4505= IFCPROPERTYSET('1fKaCfJI5FexzzzTtjKPOY',#5,'Tekla Assembly','Assembly Properties',(#48,#49,#50,#2171,#2642,#2643,#560,#2174));
#4506= IFCSHAPEREPRESENTATION(#12,'Body','MappedRepresentation',(#2206,#2209));
#4507= IFCPRODUCTDEFINITIONSHAPE($,$,(#4506));
#4508= IFCCARTESIANPOINT((-59982.4987494481,-64963.9970463896,2095.00483149167));
#4509= IFCAXIS2PLACEMENT3D(#4508,#9,#8);
#4510= IFCLOCALPLACEMENT(#4503,#4509);
#4511= IFCMECHANICALFASTENER('2zTOLmNmP63RUJ3_E0UNO8',#2030,'Bolt assembly',$,$,#4510,#4507,'IDbd758570-5f06-460d-b793-0fe380797608',16.,60.);
#4512= IFCSHAPEREPRESENTATION(#12,'Body','SweptSolid',(#2317));
#4513= IFCPRODUCTDEFINITIONSHAPE($,$,(#4512));
#4514= IFCCARTESIANPOINT((-60042.4987494481,-64728.9970463896,2035.00483149168));
#4515= IFCAXIS2PLACEMENT3D(#4514,#155,#9);
#4516= IFCLOCALPLACEMENT(#558,#4515);
#4517= IFCBEAM('12CfZmjYbDavbuXpQ8mKXm',#45,'Drager','L100*10',$,#4516,#4513,'ID423298f0-b629-4d93-9978-873688c14870');
#4518= IFCLOCALPLACEMENT(#42,#10);
#4519= IFCELEMENTASSEMBLY('3gqum6VKn7w8guktv4to$w',#45,'L\S\xsdele',$,$,#4518,$,'l6',.NOTDEFINED.,.NOTDEFINED.);
#4520= IFCSHAPEREPRESENTATION(#12,'Body','SweptSolid',(#2281));
#4521= IFCPRODUCTDEFINITIONSHAPE($,$,(#4520));
#4522= IFCCARTESIANPOINT((-60012.498749448,-64993.9970463896,2095.00483149168));
#4523= IFCAXIS2PLACEMENT3D(#4522,#7,#8);
#4524= IFCLOCALPLACEMENT(#4518,#4523);
#4525= IFCPLATE('2nygKgeiL1sQV118J$1msi',#45,'L\S\xsdele','FL10*120',$,#4524,#4521,'l6');
#4526= IFCSHAPEREPRESENTATION(#12,'Body','SweptSolid',(#2281));
#4527= IFCPRODUCTDEFINITIONSHAPE($,$,(#4526));
#4528= IFCCARTESIANPOINT((-59987.498749448,-64993.9970463896,2095.00483149168));
#4529= IFCAXIS2PLACEMENT3D(#4528,#7,#8);
#4530= IFCLOCALPLACEMENT(#4503,#4529);
#4531= IFCPLATE('2hBeT$OHD2YB7tI7oKcDQ9',#45,'L\S\xsdele','FL10*120',$,#4530,#4527,'l6');
#4532= IFCSHAPEREPRESENTATION(#12,'Body','MappedRepresentation',(#3439,#3442,#3445,#3448));
#4533= IFCPRODUCTDEFINITIONSHAPE($,$,(#4532));
#4534= IFCCARTESIANPOINT((-62499.9987494526,-64773.9959029785,3500.79406393809));
#4535= IFCAXIS2PLACEMENT3D(#4534,#127,#85);
#4536= IFCLOCALPLACEMENT(#524,#4535);
#4537= IFCMECHANICALFASTENER('0Jz6VDsL1BEPtjWq$1Xx49',#45,'Bolt assembly',$,$,#4536,#4533,'ID13f467cd-d950-4b39-9ded-834fc187b109',12.,140.);
#4538= IFCLOCALPLACEMENT(#42,#10);
#4539= IFCELEMENTASSEMBLY('1nfDvntaXFAvWLn6n$kWjd',#138,'Drager',$,$,#4538,$,'d27',.NOTDEFINED.,.NOTDEFINED.);
#4540= IFCPROPERTYSET('3wcIKJjdvCtBfqGSpm3iGy',#5,'Tekla Assembly','Assembly Properties',(#48,#49,#50,#3289,#2759,#370,#495,#3318));
#4541= IFCSHAPEREPRESENTATION(#12,'Body','SweptSolid',(#3463));
#4542= IFCPRODUCTDEFINITIONSHAPE($,$,(#4541));
#4543= IFCCARTESIANPOINT((-62444.9987494526,-64778.9959029785,3371.66));
#4544= IFCAXIS2PLACEMENT3D(#4543,#155,#9);
#4545= IFCLOCALPLACEMENT(#4538,#4544);
#4546= IFCPLATE('1CExtprdfFC9S5anyN5FoC',#138,'Fladst\S\el','FL10*100',$,#4545,#4542,'ID4c3bbdf3-d67a-4f30-9705-931f1714fc8c');
#4547= IFCLOCALPLACEMENT(#42,#10);
#4548= IFCELEMENTASSEMBLY('3Q9QM$43v4hRgCqCcK_9Zb',#138,'Drager',$,$,#4547,$,'d37',.NOTDEFINED.,.NOTDEFINED.);
#4549= IFCPROPERTYSET('22V_VBFSfDoP1xOm8UeQj6',#5,'Tekla Assembly','Assembly Properties',(#48,#49,#50,#3289,#2759,#370,#495,#3290));
#4550= IFCSHAPEREPRESENTATION(#12,'Body','SweptSolid',(#3463));
#4551= IFCPRODUCTDEFINITIONSHAPE($,$,(#4550));
#4552= IFCCARTESIANPOINT((-62554.9987494526,-64778.9959029785,3371.66));
#4553= IFCAXIS2PLACEMENT3D(#4552,#155,#9);
#4554= IFCLOCALPLACEMENT(#4547,#4553);
#4555= IFCPLATE('1ceRnwfVX1H97qDgtyK$rz',#138,'Fladst\S\el','FL10*100',$,#4554,#4551,'ID66a1bc7a-a5f8-4144-91f4-36adfc53fd7d');
#4556= IFCSHAPEREPRESENTATION(#12,'Body','SweptSolid',(#3498));
#4557= IFCPRODUCTDEFINITIONSHAPE($,$,(#4556));
#4558= IFCCARTESIANPOINT((-62499.9987494481,-64829.000040931,3493.58));
#4559= IFCAXIS2PLACEMENT3D(#4558,#85,#8);
#4560= IFCLOCALPLACEMENT(#524,#4559);
#4561= IFCPLATE('2t8MKIlgT2ROG80wSXgYKp',#45,'Fladst\S\el','FL5*90',$,#4560,#4557,'IDb7216512-bea7-426d-8408-03a721aa2533');
#4562= IFCCARTESIANPOINT((0.,-0.0980315797130075,0.));
#4563= IFCAXIS2PLACEMENT3D(#4562,#8,#7);
#4564= IFCEXTRUDEDAREASOLID(#2178,#4563,#9,10.1);
#4565= IFCSTYLEDITEM(#4564,(#66),$);
#4566= IFCCARTESIANPOINT((0.,10.0019684204974,0.));
#4567= IFCAXIS2PLACEMENT3D(#4566,#8,#7);
#4568= IFCEXTRUDEDAREASOLID(#2193,#4567,#9,3.);
#4569= IFCSTYLEDITEM(#4568,(#62),$);
#4570= IFCCARTESIANPOINT((0.,13.0019684204974,0.));
#4571= IFCAXIS2PLACEMENT3D(#4570,#8,#7);
#4572= IFCEXTRUDEDAREASOLID(#1619,#4571,#9,14.8);
#4573= IFCSTYLEDITEM(#4572,(#62),$);
#4574= IFCSHAPEREPRESENTATION(#12,'Body','SweptSolid',(#2765,#4564,#2773,#2775,#4568,#4572));
#4575= IFCREPRESENTATIONMAP(#10,#4574);
#4576= IFCMAPPEDITEM(#4575,#768);
#4577= IFCMAPPEDITEM(#4575,#2789);
#4578= IFCSHAPEREPRESENTATION(#12,'Body','MappedRepresentation',(#4576,#4577));
#4579= IFCPRODUCTDEFINITIONSHAPE($,$,(#4578));
#4580= IFCCARTESIANPOINT((-64977.8293973026,-64833.9979444146,2454.46577785933));
#4581= IFCAXIS2PLACEMENT3D(#4580,#3311,#3312);
#4582= IFCLOCALPLACEMENT(#4547,#4581);
#4583= IFCMECHANICALFASTENER('1_zu9IpGj6bxhoNepQxZUu',#138,'Bolt assembly',$,$,#4582,#4579,'ID7ef78252-cd0b-4697-baf2-5e8cdaee37b8',16.,55.);
#4584= IFCSHAPEREPRESENTATION(#12,'Body','MappedRepresentation',(#4576,#4577));
#4585= IFCPRODUCTDEFINITIONSHAPE($,$,(#4584));
#4586= IFCCARTESIANPOINT((-60022.1681015935,-64833.9979444146,2454.46577785933));
#4587= IFCAXIS2PLACEMENT3D(#4586,#3323,#3324);
#4588= IFCLOCALPLACEMENT(#4538,#4587);
#4589= IFCMECHANICALFASTENER('269YNQVjL1cOMYDdHIZoBZ',#138,'Bolt assembly',$,$,#4588,#4585,'ID862625da-7ed5-4199-85a2-3674528f22e3',16.,55.);
#4590= IFCSHAPEREPRESENTATION(#12,'Body','SweptSolid',(#3332));
#4591= IFCPRODUCTDEFINITIONSHAPE($,$,(#4590));
#4592= IFCCARTESIANPOINT((-64949.99567559,-64838.9979444146,2284.99995231516));
#4593= IFCAXIS2PLACEMENT3D(#4592,#8,#9);
#4594= IFCLOCALPLACEMENT(#344,#4593);
#4595= IFCPLATE('11zFyoAgzDs87C$03MyDxp',#138,'Fladst\S\el','FL10*110',$,#4594,#4591,'ID41f4ff32-2aaf-4dd8-81cc-fc00d6f0def3');
#4596= IFCSHAPEREPRESENTATION(#12,'Body','SweptSolid',(#3332));
#4597= IFCPRODUCTDEFINITIONSHAPE($,$,(#4596));
#4598= IFCCARTESIANPOINT((-60050.0018233061,-64838.9979444146,2284.99995231516));
#4599= IFCAXIS2PLACEMENT3D(#4598,#127,#9);
#4600= IFCLOCALPLACEMENT(#542,#4599);
#4601= IFCPLATE('0TLAfDEHzFGONTf$KoOysJ',#138,'Fladst\S\el','FL10*110',$,#4600,#4597,'ID1d54aa4d-391f-4f41-85dd-a7f53263cd93');
#4602= IFCLOCALPLACEMENT(#42,#10);
#4603= IFCELEMENTASSEMBLY('0Nl1Kc0Hv4tgAka7eYSCpD',#138,'Drager',$,$,#4602,$,'d28',.NOTDEFINED.,.NOTDEFINED.);
#4604= IFCPROPERTYSET('1G_o1w0mbDt8cZue$Q32Ts',#5,'Tekla Assembly','Assembly Properties',(#48,#49,#50,#2911,#2759,#2912,#346,#2913));
#4605= IFCSHAPEREPRESENTATION(#12,'Body','MappedRepresentation',(#3537,#3538));
#4606= IFCPRODUCTDEFINITIONSHAPE($,$,(#4605));
#4607= IFCCARTESIANPOINT((-65186.7986935984,-64608.9959822971,2370.0380791268));
#4608= IFCAXIS2PLACEMENT3D(#4607,#3403,#127);
#4609= IFCLOCALPLACEMENT(#4602,#4608);
#4610= IFCMECHANICALFASTENER('02VWCZwY58JRv$bvHB8f1t',#138,'Bolt assembly',$,$,#4609,#4606,'ID027e0323-ea21-484d-be7f-97944b229077',16.,55.);
#4611= IFCCARTESIANPOINT((0.,9.90080743256866,0.));
#4612= IFCAXIS2PLACEMENT3D(#4611,#8,#7);
#4613= IFCEXTRUDEDAREASOLID(#2178,#4612,#9,10.1);
#4614= IFCSTYLEDITEM(#4613,(#66),$);
#4615= IFCCARTESIANPOINT((0.,20.0008074364898,0.));
#4616= IFCAXIS2PLACEMENT3D(#4615,#8,#7);
#4617= IFCEXTRUDEDAREASOLID(#2193,#4616,#9,3.);
#4618= IFCSTYLEDITEM(#4617,(#62),$);
#4619= IFCCARTESIANPOINT((0.,23.0008074364898,0.));
#4620= IFCAXIS2PLACEMENT3D(#4619,#8,#7);
#4621= IFCEXTRUDEDAREASOLID(#1619,#4620,#9,14.8);
#4622= IFCSTYLEDITEM(#4621,(#62),$);
#4623= IFCSHAPEREPRESENTATION(#12,'Body','SweptSolid',(#2181,#4613,#2189,#2919,#4617,#4621));
#4624= IFCREPRESENTATIONMAP(#10,#4623);
#4625= IFCMAPPEDITEM(#4624,#768);
#4626= IFCMAPPEDITEM(#4624,#2789);
#4627= IFCSHAPEREPRESENTATION(#12,'Body','MappedRepresentation',(#4625,#4626));
#4628= IFCPRODUCTDEFINITIONSHAPE($,$,(#4627));
#4629= IFCCARTESIANPOINT((-65186.8039156824,-63259.0040171405,2370.03596782689));
#4630= IFCAXIS2PLACEMENT3D(#4629,#3542,#8);
#4631= IFCLOCALPLACEMENT(#4602,#4630);
#4632= IFCMECHANICALFASTENER('0CgXC7gIL8ef6b9ufCtf_x',#138,'Bolt assembly',$,$,#4631,#4628,'ID0caa1307-a925-48a2-91a5-278a4cde9fbb',16.,55.);
#4633= IFCLOCALPLACEMENT(#42,#10);
#4634= IFCELEMENTASSEMBLY('0DyvJJexPF3hP02e9x49q5',#138,'Drager',$,$,#4633,$,'d28',.NOTDEFINED.,.NOTDEFINED.);
#4635= IFCPROPERTYSET('2J5qETYc1FTu519vNyXNwp',#5,'Tekla Assembly','Assembly Properties',(#48,#49,#50,#2911,#2759,#2912,#544,#2913));
#4636= IFCCARTESIANPOINT((0.,9.89402933406385,0.));
#4637= IFCAXIS2PLACEMENT3D(#4636,#8,#7);
#4638= IFCEXTRUDEDAREASOLID(#2178,#4637,#9,10.1);
#4639= IFCSTYLEDITEM(#4638,(#66),$);
#4640= IFCCARTESIANPOINT((0.,19.994029337985,0.));
#4641= IFCAXIS2PLACEMENT3D(#4640,#8,#7);
#4642= IFCEXTRUDEDAREASOLID(#2193,#4641,#9,3.);
#4643= IFCSTYLEDITEM(#4642,(#62),$);
#4644= IFCCARTESIANPOINT((0.,22.994029337985,0.));
#4645= IFCAXIS2PLACEMENT3D(#4644,#8,#7);
#4646= IFCEXTRUDEDAREASOLID(#1619,#4645,#9,14.8);
#4647= IFCSTYLEDITEM(#4646,(#62),$);
#4648= IFCSHAPEREPRESENTATION(#12,'Body','SweptSolid',(#2181,#4638,#2189,#2919,#4642,#4646));
#4649= IFCREPRESENTATIONMAP(#10,#4648);
#4650= IFCMAPPEDITEM(#4649,#768);
#4651= IFCMAPPEDITEM(#4649,#2789);
#4652= IFCSHAPEREPRESENTATION(#12,'Body','MappedRepresentation',(#4650,#4651));
#4653= IFCPRODUCTDEFINITIONSHAPE($,$,(#4652));
#4654= IFCCARTESIANPOINT((-59813.2088057468,-64608.9959828625,2370.03807795217));
#4655= IFCAXIS2PLACEMENT3D(#4654,#3377,#127);
#4656= IFCLOCALPLACEMENT(#4633,#4655);
#4657= IFCMECHANICALFASTENER('2gmWVmK613GfFgtel44V2K',#138,'Bolt assembly',$,$,#4656,#4653,'IDaac207f0-5060-4342-93ea-de8bc411f094',16.,55.);
#4658= IFCSHAPEREPRESENTATION(#12,'Body','MappedRepresentation',(#4146,#4147));
#4659= IFCPRODUCTDEFINITIONSHAPE($,$,(#4658));
#4660= IFCCARTESIANPOINT((-59813.2027385885,-63259.0040176969,2370.03562792354));
#4661= IFCAXIS2PLACEMENT3D(#4660,#3565,#8);
#4662= IFCLOCALPLACEMENT(#4633,#4661);
#4663= IFCMECHANICALFASTENER('3KyNTNxWbBGQiYLfQLQCWJ',#138,'Bolt assembly',$,$,#4662,#4659,'IDd4f17757-ee09-4b41-ab22-56969568c813',16.,55.);
#4664= IFCLOCALPLACEMENT(#42,#10);
#4665= IFCELEMENTASSEMBLY('3JXtd1jbzDBuWuim1mmRKB',#138,'Drager',$,$,#4664,$,'d27',.NOTDEFINED.,.NOTDEFINED.);
#4666= IFCPROPERTYSET('3lZ6d3Qyr5DhzGJO6OiR7o',#5,'Tekla Assembly','Assembly Properties',(#48,#49,#50,#3289,#2759,#370,#411,#3318));
#4667= IFCSHAPEREPRESENTATION(#12,'Body','MappedRepresentation',(#4576,#4577));
#4668= IFCPRODUCTDEFINITIONSHAPE($,$,(#4667));
#4669= IFCCARTESIANPOINT((-64977.8293973026,-63034.0020555854,2454.46577785933));
#4670= IFCAXIS2PLACEMENT3D(#4669,#3630,#3312);
#4671= IFCLOCALPLACEMENT(#4664,#4670);
#4672= IFCMECHANICALFASTENER('0sEoG1FvX1puo2_lXxgUXe',#138,'Bolt assembly',$,$,#4671,#4668,'ID363b2401-3f98-41cf-8c82-faf87ba9e868',16.,55.);
#4673= IFCSHAPEREPRESENTATION(#12,'Body','SweptSolid',(#3332));
#4674= IFCPRODUCTDEFINITIONSHAPE($,$,(#4673));
#4675= IFCCARTESIANPOINT((-64949.99567559,-63029.0020555854,2284.99995231516));
#4676= IFCAXIS2PLACEMENT3D(#4675,#8,#9);
#4677= IFCLOCALPLACEMENT(#344,#4676);
#4678= IFCPLATE('3M0q0wahvCXPkc_gKLvlu9',#138,'Fladst\S\el','FL10*110',$,#4677,#4674,'IDd603403a-92be-4c85-9ba6-faa515e6fe09');
#4679= IFCLOCALPLACEMENT(#42,#10);
#4680= IFCELEMENTASSEMBLY('2lxrVMYvr7GeDZ3P3D9mez',#138,'Drager',$,$,#4679,$,'d37',.NOTDEFINED.,.NOTDEFINED.);
#4681= IFCPROPERTYSET('3xupVLh8v0XAQi07u1pPSP',#5,'Tekla Assembly','Assembly Properties',(#48,#49,#50,#3289,#2759,#370,#411,#3290));
#4682= IFCSHAPEREPRESENTATION(#12,'Body','MappedRepresentation',(#4576,#4577));
#4683= IFCPRODUCTDEFINITIONSHAPE($,$,(#4682));
#4684= IFCCARTESIANPOINT((-60022.1681015934,-63034.0020555854,2454.4657778594));
#4685= IFCAXIS2PLACEMENT3D(#4684,#3643,#3324);
#4686= IFCLOCALPLACEMENT(#4679,#4685);
#4687= IFCMECHANICALFASTENER('32FEw29IT95RzMIPtoGjV_',#138,'Bolt assembly',$,$,#4686,#4683,'IDc23cee82-2527-4915-bf56-499df242d7fe',16.,55.);
#4688= IFCSHAPEREPRESENTATION(#12,'Body','SweptSolid',(#3019));
#4689= IFCPRODUCTDEFINITIONSHAPE($,$,(#4688));
#4690= IFCCARTESIANPOINT((-65182.1627929255,-64828.9959821644,2371.91117445171));
#4691= IFCAXIS2PLACEMENT3D(#4690,#3669,#8);
#4692= IFCLOCALPLACEMENT(#4547,#4691);
#4693= IFCPLATE('3NfQ$cEZ50g88aR__UoZK3',#138,'Fladst\S\el','FL10*110',$,#4692,#4689,'IDd7a5afe6-3a31-40a8-8224-6fef9eca3503');
#4694= IFCSHAPEREPRESENTATION(#12,'Body','SweptSolid',(#3019));
#4695= IFCPRODUCTDEFINITIONSHAPE($,$,(#4694));
#4696= IFCCARTESIANPOINT((-65182.1680150107,-63039.0040172854,2371.90906315617));
#4697= IFCAXIS2PLACEMENT3D(#4696,#3669,#127);
#4698= IFCLOCALPLACEMENT(#4664,#4697);
#4699= IFCPLATE('2D_6AqQIr7c9x0lJU_VC8g',#138,'Fladst\S\el','FL10*110',$,#4698,#4695,'ID8df862b4-692d-4798-9ec0-bd37be7cc22a');
#4700= IFCSHAPEREPRESENTATION(#12,'Body','SweptSolid',(#3019));
#4701= IFCPRODUCTDEFINITIONSHAPE($,$,(#4700));
#4702= IFCCARTESIANPOINT((-59817.8447064163,-64828.9959827236,2371.91117328386));
#4703= IFCAXIS2PLACEMENT3D(#4702,#3656,#8);
#4704= IFCLOCALPLACEMENT(#4538,#4703);
#4705= IFCPLATE('1BZQoPl3P9rfKiDt2hHCP1',#138,'Fladst\S\el','FL10*110',$,#4704,#4701,'ID4b8dac99-bc36-49d6-952c-3770ab44c641');
#4706= IFCSHAPEREPRESENTATION(#12,'Body','SweptSolid',(#3019));
#4707= IFCPRODUCTDEFINITIONSHAPE($,$,(#4706));
#4708= IFCCARTESIANPOINT((-59817.8386392608,-63039.0040178357,2371.90872324866));
#4709= IFCAXIS2PLACEMENT3D(#4708,#3656,#127);
#4710= IFCLOCALPLACEMENT(#4679,#4709);
#4711= IFCPLATE('3t8GPLj6v6aOnzUKluMEMp',#138,'Fladst\S\el','FL10*110',$,#4710,#4707,'IDf7210655-b46e-4691-8c7d-794bf858e5b3');
#4712= IFCSHAPEREPRESENTATION(#12,'Body','SweptSolid',(#3332));
#4713= IFCPRODUCTDEFINITIONSHAPE($,$,(#4712));
#4714= IFCCARTESIANPOINT((-60050.0018233061,-63029.0020555854,2284.99995231516));
#4715= IFCAXIS2PLACEMENT3D(#4714,#127,#9);
#4716= IFCLOCALPLACEMENT(#542,#4715);
#4717= IFCPLATE('1eYLmgTvfFBfHsg8Yr3BVp',#138,'Fladst\S\el','FL10*110',$,#4716,#4713,'ID68895c2a-779a-4f2e-9476-a888b50cb7f3');
#4718= IFCSHAPEREPRESENTATION(#12,'Body','SweptSolid',(#3498));
#4719= IFCPRODUCTDEFINITIONSHAPE($,$,(#4718));
#4720= IFCCARTESIANPOINT((-62499.9987494481,-63129.000040931,3493.58));
#4721= IFCAXIS2PLACEMENT3D(#4720,#85,#8);
#4722= IFCLOCALPLACEMENT(#533,#4721);
#4723= IFCPLATE('0E3x2bd7H08AwhwXA1ciLX',#45,'Fladst\S\el','FL5*90',$,#4722,#4719,'ID0e0fb0a5-9c74-4020-aeab-ea12819ac561');
#4724= IFCSHAPEREPRESENTATION(#12,'Body','SweptSolid',(#3463));
#4725= IFCPRODUCTDEFINITIONSHAPE($,$,(#4724));
#4726= IFCCARTESIANPOINT((-62554.9987494526,-63089.0040970215,3371.66));
#4727= IFCAXIS2PLACEMENT3D(#4726,#7,#9);
#4728= IFCLOCALPLACEMENT(#4664,#4727);
#4729= IFCPLATE('12BKlc7Rz81BpQjomsA9ya',#138,'Fladst\S\el','FL10*100',$,#4728,#4725,'ID422d4be6-1dbf-4804-bcda-b72c36289f24');
#4730= IFCOWNERHISTORY(#3,#4,$,.NOCHANGE.,$,$,$,1761134400);
#4731= IFCSHAPEREPRESENTATION(#12,'Body','MappedRepresentation',(#3571,#3574,#3577,#3580));
#4732= IFCPRODUCTDEFINITIONSHAPE($,$,(#4731));
#4733= IFCCARTESIANPOINT((-62499.9987494526,-63094.0040970215,3500.79406393809));
#4734= IFCAXIS2PLACEMENT3D(#4733,#127,#85);
#4735= IFCLOCALPLACEMENT(#533,#4734);
#4736= IFCMECHANICALFASTENER('3icWDkmFrEsQAhqk1BTvUJ',#4730,'Bolt assembly',$,$,#4735,#4732,'IDec9a036e-c0fd-4ed9-a2ab-d2e04b779793',12.,140.);
#4737= IFCSHAPEREPRESENTATION(#12,'Body','SweptSolid',(#3463));
#4738= IFCPRODUCTDEFINITIONSHAPE($,$,(#4737));
#4739= IFCCARTESIANPOINT((-62444.9987494526,-63089.0040970215,3371.66));
#4740= IFCAXIS2PLACEMENT3D(#4739,#7,#9);
#4741= IFCLOCALPLACEMENT(#4679,#4740);
#4742= IFCPLATE('3n_$E2XFj88xx6AtyFV$jE',#138,'Fladst\S\el','FL10*100',$,#4741,#4738,'IDf1fbf382-84fb-4823-bec6-2b7f0f7ffb4e');
#4743= IFCSHAPEREPRESENTATION(#12,'Body','MappedRepresentation',(#3816,#3819));
#4744= IFCPRODUCTDEFINITIONSHAPE($,$,(#4743));
#4745= IFCCARTESIANPOINT((-62500.0018233061,-63144.000040931,3245.69995231516));
#4746= IFCAXIS2PLACEMENT3D(#4745,#7,#9);
#4747= IFCLOCALPLACEMENT(#409,#4746);
#4748= IFCMECHANICALFASTENER('0uzXuQ42z57OimDPOfJdg1',#4730,'Bolt assembly',$,$,#4747,#4744,'ID38f61e1a-102f-451d-8b30-3596294e7a81',12.,130.);
#4749= IFCSHAPEREPRESENTATION(#12,'Body','SweptSolid',(#3831));
#4750= IFCPRODUCTDEFINITIONSHAPE($,$,(#4749));
#4751= IFCCARTESIANPOINT((-62500.0018233061,-63139.000040931,3365.69995231516));
#4752= IFCAXIS2PLACEMENT3D(#4751,#127,#85);
#4753= IFCLOCALPLACEMENT(#409,#4752);
#4754= IFCPLATE('25aA9ke7L2J8UNT1HB$sTH',#45,'Fladst\S\el','FL10*90',$,#4753,#4750,'ID8590a26e-a075-424c-8797-74144bff6751');
#4755= IFCSHAPEREPRESENTATION(#12,'Body','MappedRepresentation',(#3816,#3819));
#4756= IFCPRODUCTDEFINITIONSHAPE($,$,(#4755));
#4757= IFCCARTESIANPOINT((-62500.0018233061,-64724.000040931,3245.69995231516));
#4758= IFCAXIS2PLACEMENT3D(#4757,#155,#9);
#4759= IFCLOCALPLACEMENT(#409,#4758);
#4760= IFCMECHANICALFASTENER('0D0QfvZh1AhRI7GyP3RLZf',#4730,'Bolt assembly',$,$,#4759,#4756,'ID0d01aa79-8eb0-4aad-b487-43c6436d58e9',12.,130.);
#4761= IFCSHAPEREPRESENTATION(#12,'Body','SweptSolid',(#3831));
#4762= IFCPRODUCTDEFINITIONSHAPE($,$,(#4761));
#4763= IFCCARTESIANPOINT((-62500.0018233061,-64729.000040931,3365.69995231516));
#4764= IFCAXIS2PLACEMENT3D(#4763,#8,#85);
#4765= IFCLOCALPLACEMENT(#409,#4764);
#4766= IFCPLATE('11CG1Ppej89u7at8JgHE75',#45,'Fladst\S\el','FL10*90',$,#4765,#4762,'ID41310059-ce8b-4827-81e4-dc84ea44e1c5');
#4767= IFCSHAPEREPRESENTATION(#12,'Body','MappedRepresentation',(#3816,#3819));
#4768= IFCPRODUCTDEFINITIONSHAPE($,$,(#4767));
#4769= IFCCARTESIANPOINT((-64890.0018233061,-63158.9981766939,2329.99995231516));
#4770= IFCAXIS2PLACEMENT3D(#4769,#85,#8);
#4771= IFCLOCALPLACEMENT(#509,#4770);
#4772= IFCMECHANICALFASTENER('33wQBjaNr2EhIyJCjLLkAh',#4730,'Bolt assembly',$,$,#4771,#4768,'IDc3e9a2ed-917d-423a-b4bc-4ccb5556e2ab',12.,130.);
#4773= IFCSHAPEREPRESENTATION(#12,'Body','SweptSolid',(#3831));
#4774= IFCPRODUCTDEFINITIONSHAPE($,$,(#4773));
#4775= IFCCARTESIANPOINT((-64895.0018233061,-63038.9981766939,2329.99995231516));
#4776= IFCAXIS2PLACEMENT3D(#4775,#7,#127);
#4777= IFCLOCALPLACEMENT(#509,#4776);
#4778= IFCPLATE('0WkgD002H0fhVXz9SZeAap',#45,'Fladst\S\el','FL10*90',$,#4777,#4774,'ID20baa340-0024-40a6-b7e1-f49723a0a933');
#4779= IFCSHAPEREPRESENTATION(#12,'Body','MappedRepresentation',(#3816,#3819));
#4780= IFCPRODUCTDEFINITIONSHAPE($,$,(#4779));
#4781= IFCCARTESIANPOINT((-60110.0018233061,-63158.9981766939,2329.99995231516));
#4782= IFCAXIS2PLACEMENT3D(#4781,#9,#8);
#4783= IFCLOCALPLACEMENT(#509,#4782);
#4784= IFCMECHANICALFASTENER('2JCv8naaL70RdVc2UXxoUJ',#4730,'Bolt assembly',$,$,#4783,#4780,'ID93339231-9245-4701-b9df-9827a1ef2793',12.,130.);
#4785= IFCSHAPEREPRESENTATION(#12,'Body','SweptSolid',(#3831));
#4786= IFCPRODUCTDEFINITIONSHAPE($,$,(#4785));
#4787= IFCCARTESIANPOINT((-60105.0018233061,-63038.9981766939,2329.99995231516));
#4788= IFCAXIS2PLACEMENT3D(#4787,#155,#127);
#4789= IFCLOCALPLACEMENT(#509,#4788);
#4790= IFCPLATE('2OMEsxjEPEQPs1bCOVjfJh',#45,'Fladst\S\el','FL10*90',$,#4789,#4786,'ID9858edbb-b4e6-4e69-9d81-94c61fb694eb');
#4791= IFCSHAPEREPRESENTATION(#12,'Body','MappedRepresentation',(#3816,#3819));
#4792= IFCPRODUCTDEFINITIONSHAPE($,$,(#4791));
#4793= IFCCARTESIANPOINT((-60110.0018233061,-64673.9981766939,2329.99995231516));
#4794= IFCAXIS2PLACEMENT3D(#4793,#85,#127);
#4795= IFCLOCALPLACEMENT(#493,#4794);
#4796= IFCMECHANICALFASTENER('2n9$Q_ppv5BR0cY_69vfBN',#2030,'Bolt assembly',$,$,#4795,#4792,'IDb127f6be-cf3e-452d-b026-8be189e692d7',12.,130.);
#4797= IFCSHAPEREPRESENTATION(#12,'Body','SweptSolid',(#3928));
#4798= IFCPRODUCTDEFINITIONSHAPE($,$,(#4797));
#4799= IFCCARTESIANPOINT((-60105.0018233061,-64828.9981766939,2329.99995231516));
#4800= IFCAXIS2PLACEMENT3D(#4799,#155,#8);
#4801= IFCLOCALPLACEMENT(#493,#4800);
#4802= IFCPLATE('3k7BLKPFL1NhFNXV_rBgKr',#45,'Fladst\S\el','FL10*90',$,#4801,#4798,'IDee1cb554-64f5-415e-b3d7-85ffb52ea535');
#4803= IFCSHAPEREPRESENTATION(#12,'Body','MappedRepresentation',(#3816,#3819));
#4804= IFCPRODUCTDEFINITIONSHAPE($,$,(#4803));
#4805= IFCCARTESIANPOINT((-64890.0018233061,-64673.9981766939,2329.99995231516));
#4806= IFCAXIS2PLACEMENT3D(#4805,#9,#127);
#4807= IFCLOCALPLACEMENT(#493,#4806);
#4808= IFCMECHANICALFASTENER('0aOAhRVI11pwXoG$Sk7Cjm',#2030,'Bolt assembly',$,$,#4807,#4804,'ID2460aadb-7d20-41cf-a872-43f72e1ccb70',12.,130.);
#4809= IFCSHAPEREPRESENTATION(#12,'Body','SweptSolid',(#3928));
#4810= IFCPRODUCTDEFINITIONSHAPE($,$,(#4809));
#4811= IFCCARTESIANPOINT((-64895.0018233061,-64828.9981766939,2329.99995231516));
#4812= IFCAXIS2PLACEMENT3D(#4811,#7,#8);
#4813= IFCLOCALPLACEMENT(#493,#4812);
#4814= IFCPLATE('1rM0miGv5CnPUWALu0IHN7',#45,'Fladst\S\el','FL10*90',$,#4813,#4810,'ID75580c2c-4391-4cc5-97a0-295e004915c7');
#4815= IFCSHAPEREPRESENTATION(#12,'Body','MappedRepresentation',(#1967,#1970,#1973,#1976));
#4816= IFCPRODUCTDEFINITIONSHAPE($,$,(#4815));
#4817= IFCCARTESIANPOINT((-62549.9987494481,-64784.000040931,2389.99995231516));
#4818= IFCAXIS2PLACEMENT3D(#4817,#127,#7);
#4819= IFCLOCALPLACEMENT(#524,#4818);
#4820= IFCMECHANICALFASTENER('0s3B6h_pv0a8dnkQBfBsqU',#4730,'Bolt assembly',$,$,#4819,#4816,'ID360cb1ab-fb3e-4090-89f1-b9a2e92f6d1e',12.,130.);
#4821= IFCSHAPEREPRESENTATION(#12,'Body','SweptSolid',(#2001));
#4822= IFCPRODUCTDEFINITIONSHAPE($,$,(#4821));
#4823= IFCCARTESIANPOINT((-62404.9987494481,-64784.000040931,2384.99995231516));
#4824= IFCAXIS2PLACEMENT3D(#4823,#9,#155);
#4825= IFCLOCALPLACEMENT(#524,#4824);
#4826= IFCPLATE('1FShXZzj909Q9grJjb$6_E',#45,'Fladst\S\el','FL10*90',$,#4825,#4822,'ID4f72b863-f6d2-4025-a26a-d53b65fc6f8e');
#4827= IFCSHAPEREPRESENTATION(#12,'Body','MappedRepresentation',(#1967,#1970,#1973,#1976));
#4828= IFCPRODUCTDEFINITIONSHAPE($,$,(#4827));
#4829= IFCCARTESIANPOINT((-62549.9987494481,-63084.000040931,2389.99995231516));
#4830= IFCAXIS2PLACEMENT3D(#4829,#127,#7);
#4831= IFCLOCALPLACEMENT(#533,#4830);
#4832= IFCMECHANICALFASTENER('2XS3boDzz4mvXx0owuHOdY',#4730,'Bolt assembly',$,$,#4831,#4828,'IDa1703972-37df-44c3-987b-032eb84589e2',12.,130.);
#4833= IFCSHAPEREPRESENTATION(#12,'Body','SweptSolid',(#2001));
#4834= IFCPRODUCTDEFINITIONSHAPE($,$,(#4833));
#4835= IFCCARTESIANPOINT((-62404.9987494481,-63084.000040931,2384.99995231516));
#4836= IFCAXIS2PLACEMENT3D(#4835,#9,#155);
#4837= IFCLOCALPLACEMENT(#533,#4836);
#4838= IFCPLATE('0Owu0ib7T5O9UO8gkThCPw',#45,'Fladst\S\el','FL10*90',$,#4837,#4834,'ID18eb802c-9477-4560-9798-22ab9dacc67a');
#4839= IFCSHAPEREPRESENTATION(#12,'Body','MappedRepresentation',(#1967,#1970,#1973,#1976));
#4840= IFCPRODUCTDEFINITIONSHAPE($,$,(#4839));
#4841= IFCCARTESIANPOINT((-60049.9987494481,-64579.000040931,2269.99995231516));
#4842= IFCAXIS2PLACEMENT3D(#4841,#7,#127);
#4843= IFCLOCALPLACEMENT(#558,#4842);
#4844= IFCMECHANICALFASTENER('3rzniACYzEPvaHNB_GQ_Je',#2030,'Bolt assembly',$,$,#4843,#4840,'IDf5f71b0a-322f-4e67-9911-5cbf906be4e8',12.,130.);
#4845= IFCSHAPEREPRESENTATION(#12,'Body','SweptSolid',(#2001));
#4846= IFCPRODUCTDEFINITIONSHAPE($,$,(#4845));
#4847= IFCCARTESIANPOINT((-60049.9987494481,-64724.000040931,2274.99995231516));
#4848= IFCAXIS2PLACEMENT3D(#4847,#85,#8);
#4849= IFCLOCALPLACEMENT(#558,#4848);
#4850= IFCPLATE('0ZlVjfMNf2Ewx6_6MEKd1j',#45,'Fladst\S\el','FL10*90',$,#4849,#4846,'ID23bdfb69-597a-423b-aec6-f8658e52706d');
#4851= IFCSHAPEREPRESENTATION(#12,'Body','MappedRepresentation',(#1967,#1970,#1973,#1976));
#4852= IFCPRODUCTDEFINITIONSHAPE($,$,(#4851));
#4853= IFCCARTESIANPOINT((-64949.9987494481,-64579.000040931,2269.99995231516));
#4854= IFCAXIS2PLACEMENT3D(#4853,#7,#127);
#4855= IFCLOCALPLACEMENT(#568,#4854);
#4856= IFCMECHANICALFASTENER('2Lie$LzBH0Yg2ZT01Fja_v',#2030,'Bolt assembly',$,$,#4855,#4852,'ID95b28fd5-f4b4-408a-a0a3-74004fb64fb9',12.,130.);
#4857= IFCSHAPEREPRESENTATION(#12,'Body','SweptSolid',(#2001));
#4858= IFCPRODUCTDEFINITIONSHAPE($,$,(#4857));
#4859= IFCCARTESIANPOINT((-64949.9987494481,-64724.000040931,2274.99995231516));
#4860= IFCAXIS2PLACEMENT3D(#4859,#85,#8);
#4861= IFCLOCALPLACEMENT(#568,#4860);
#4862= IFCPLATE('0qyvPA2$102B6WYFadY8bp',#45,'Fladst\S\el','FL10*90',$,#4861,#4858,'ID34f3964a-0bf0-4008-b1a0-88f927888973');
#4863= IFCSHAPEREPRESENTATION(#12,'Body','MappedRepresentation',(#1967,#1970,#1973,#1976));
#4864= IFCPRODUCTDEFINITIONSHAPE($,$,(#4863));
#4865= IFCCARTESIANPOINT((-64949.9987494481,-63244.000040931,2269.99995231516));
#4866= IFCAXIS2PLACEMENT3D(#4865,#7,#127);
#4867= IFCLOCALPLACEMENT(#579,#4866);
#4868= IFCMECHANICALFASTENER('0BZ8Wav7LEP9$6Gm5BzEbB',#3106,'Bolt assembly',$,$,#4867,#4864,'ID0b8c8824-e475-4e64-9fc6-43014bf4e94b',12.,130.);
#4869= IFCSHAPEREPRESENTATION(#12,'Body','SweptSolid',(#2001));
#4870= IFCPRODUCTDEFINITIONSHAPE($,$,(#4869));
#4871= IFCCARTESIANPOINT((-64949.9987494481,-63389.000040931,2274.99995231516));
#4872= IFCAXIS2PLACEMENT3D(#4871,#85,#8);
#4873= IFCLOCALPLACEMENT(#579,#4872);
#4874= IFCPLATE('1$7vsdMRHBoRJ0LIIdEdIH',#45,'Fladst\S\el','FL10*90',$,#4873,#4870,'ID7f1f9da7-59b4-4bc9-b4c0-5524a73a7491');
#4875= IFCSHAPEREPRESENTATION(#12,'Body','MappedRepresentation',(#1967,#1970,#1973,#1976));
#4876= IFCPRODUCTDEFINITIONSHAPE($,$,(#4875));
#4877= IFCCARTESIANPOINT((-60049.9987494481,-63244.000040931,2269.99995231516));
#4878= IFCAXIS2PLACEMENT3D(#4877,#7,#127);
#4879= IFCLOCALPLACEMENT(#588,#4878);
#4880= IFCMECHANICALFASTENER('1Mkxzzp856fxcnsSAbv6_J',#3106,'Bolt assembly',$,$,#4879,#4876,'ID56bbbf7d-cc81-46a7-b9b1-d9c2a5e46f93',12.,130.);
#4881= IFCSHAPEREPRESENTATION(#12,'Body','SweptSolid',(#2001));
#4882= IFCPRODUCTDEFINITIONSHAPE($,$,(#4881));
#4883= IFCCARTESIANPOINT((-60049.9987494481,-63389.000040931,2274.99995231516));
#4884= IFCAXIS2PLACEMENT3D(#4883,#85,#8);
#4885= IFCLOCALPLACEMENT(#588,#4884);
#4886= IFCPLATE('30XntQZCj8DgFYeuXbtLCX',#45,'Fladst\S\el','FL10*90',$,#4885,#4882,'IDc0871dda-8ccb-4836-a3e2-a38865dd5321');
#4887= IFCSHAPEREPRESENTATION(#12,'Body','MappedRepresentation',(#3181,#3184));
#4888= IFCPRODUCTDEFINITIONSHAPE($,$,(#4887));
#4889= IFCCARTESIANPOINT((-60049.9987494481,-63294.000040931,10.));
#4890= IFCAXIS2PLACEMENT3D(#4889,#8,#7);
#4891= IFCLOCALPLACEMENT(#588,#4890);
#4892= IFCMECHANICALFASTENER('2ae6R8qWT9J8yMqHP$2oEQ',#137,'Bolt assembly',$,$,#4891,#4888,'IDa4a066c8-d207-494c-8f16-d1167f0b239a',14.,150.);
#4893= IFCSHAPEREPRESENTATION(#12,'Body','SweptSolid',(#3204));
#4894= IFCPRODUCTDEFINITIONSHAPE($,$,(#4893));
#4895= IFCCARTESIANPOINT((-59989.9987494481,-63294.000040931,5.00000000000001));
#4896= IFCAXIS2PLACEMENT3D(#4895,#9,#155);
#4897= IFCLOCALPLACEMENT(#588,#4896);
#4898= IFCPLATE('3X0zd2WHb5XPyi2cjZZ2gg',#45,'Fladst\S\el','FL10*120',$,#4897,#4894,'IDe103d9c2-8119-4585-9f2c-0a6b638c2aaa');
#4899= IFCSHAPEREPRESENTATION(#12,'Body','MappedRepresentation',(#3181,#3184));
#4900= IFCPRODUCTDEFINITIONSHAPE($,$,(#4899));
#4901= IFCCARTESIANPOINT((-60049.9987494481,-64629.000040931,10.));
#4902= IFCAXIS2PLACEMENT3D(#4901,#8,#7);
#4903= IFCLOCALPLACEMENT(#558,#4902);
#4904= IFCMECHANICALFASTENER('13nPN42RnCwODhrEiCfAkc',#137,'Bolt assembly',$,$,#4903,#4900,'ID43c595c4-09bc-4ce9-836b-d4eb0ca4aba6',14.,150.);
#4905= IFCSHAPEREPRESENTATION(#12,'Body','SweptSolid',(#3204));
#4906= IFCPRODUCTDEFINITIONSHAPE($,$,(#4905));
#4907= IFCCARTESIANPOINT((-59989.9987494481,-64629.000040931,5.00000000000001));
#4908= IFCAXIS2PLACEMENT3D(#4907,#9,#155);
#4909= IFCLOCALPLACEMENT(#558,#4908);
#4910= IFCPLATE('3LTiS2DQzBh9flEUB3uGho',#45,'Fladst\S\el','FL10*120',$,#4909,#4906,'IDd576c702-35af-4bac-9a6f-39e2c3e10af2');
#4911= IFCSHAPEREPRESENTATION(#12,'Body','MappedRepresentation',(#3181,#3184));
#4912= IFCPRODUCTDEFINITIONSHAPE($,$,(#4911));
#4913= IFCCARTESIANPOINT((-64949.9987494481,-64629.000040931,10.));
#4914= IFCAXIS2PLACEMENT3D(#4913,#8,#7);
#4915= IFCLOCALPLACEMENT(#568,#4914);
#4916= IFCMECHANICALFASTENER('0cn$R9FurF2env90JN$n02',#137,'Bolt assembly',$,$,#4915,#4912,'ID26c7f6c9-3f8d-4f0a-8c79-2404d7ff1002',14.,150.);
#4917= IFCSHAPEREPRESENTATION(#12,'Body','SweptSolid',(#3204));
#4918= IFCPRODUCTDEFINITIONSHAPE($,$,(#4917));
#4919= IFCCARTESIANPOINT((-64889.9987494481,-64629.000040931,5.00000000000001));
#4920= IFCAXIS2PLACEMENT3D(#4919,#9,#155);
#4921= IFCLOCALPLACEMENT(#568,#4920);
#4922= IFCPLATE('08KyaMJO1008qeyQaORdCf',#45,'Fladst\S\el','FL10*120',$,#4921,#4918,'ID0853c916-4d80-4000-8d28-f1a9186e7329');
#4923= IFCSHAPEREPRESENTATION(#12,'Body','MappedRepresentation',(#3181,#3184));
#4924= IFCPRODUCTDEFINITIONSHAPE($,$,(#4923));
#4925= IFCCARTESIANPOINT((-64949.9987494481,-63294.000040931,10.));
#4926= IFCAXIS2PLACEMENT3D(#4925,#8,#7);
#4927= IFCLOCALPLACEMENT(#579,#4926);
#4928= IFCMECHANICALFASTENER('1T4nSXYN97cxJKgy4jkMt6',#137,'Bolt assembly',$,$,#4927,#4924,'ID5d131721-8972-479b-b4d4-abc12db96dc6',14.,150.);
#4929= IFCSHAPEREPRESENTATION(#12,'Body','SweptSolid',(#3204));
#4930= IFCPRODUCTDEFINITIONSHAPE($,$,(#4929));
#4931= IFCCARTESIANPOINT((-64889.9987494481,-63294.000040931,5.00000000000001));
#4932= IFCAXIS2PLACEMENT3D(#4931,#9,#155);
#4933= IFCLOCALPLACEMENT(#579,#4932);
#4934= IFCPLATE('3jmSWbBGXCdhCkvfnBlNJM',#45,'Fladst\S\el','FL10*120',$,#4933,#4930,'IDedc1c825-2d08-4c9e-b32e-e69c4bbd74d6');
#4935= IFCLOCALPLACEMENT(#42,#10);
#4936= IFCELEMENTASSEMBLY('2ouEAvWm14tfYHK72k9mcD',#45,'L\S\xsdele',$,$,#4935,$,'l5',.NOTDEFINED.,.NOTDEFINED.);
#4937= IFCPROPERTYSET('1Lkid3MGP4MhUlL1btGdr0',#5,'Tekla Assembly','Assembly Properties',(#48,#49,#50,#3682,#3683,#3684,#570,#3685));
#4938= IFCSHAPEREPRESENTATION(#12,'Body','MappedRepresentation',(#3695));
#4939= IFCPRODUCTDEFINITIONSHAPE($,$,(#4938));
#4940= IFCCARTESIANPOINT((-64880.0022131325,-64646.0040317965,-95.0000476848363));
#4941= IFCAXIS2PLACEMENT3D(#4940,#9,#127);
#4942= IFCLOCALPLACEMENT(#4935,#4941);
#4943= IFCMECHANICALFASTENER('1fp4jU4wn5gO339pOoGAyk',#4730,'Bolt assembly',$,$,#4942,#4939,'ID69cc4b5e-13ac-45a9-80c3-27363240af2e',12.,5.);
#4944= IFCLOCALPLACEMENT(#42,#10);
#4945= IFCELEMENTASSEMBLY('2zyW7_43X93eFGU2moKjb8',#45,'L\S\xsdele',$,$,#4944,$,'l5',.NOTDEFINED.,.NOTDEFINED.);
#4946= IFCPROPERTYSET('2jJSq9fvz4KRjZOQ9Fxu1D',#5,'Tekla Assembly','Assembly Properties',(#48,#49,#50,#3682,#3683,#3684,#560,#3685));
#4947= IFCSHAPEREPRESENTATION(#12,'Body','MappedRepresentation',(#3695));
#4948= IFCPRODUCTDEFINITIONSHAPE($,$,(#4947));
#4949= IFCCARTESIANPOINT((-60120.0018980384,-64646.0040317965,-95.0000476848436));
#4950= IFCAXIS2PLACEMENT3D(#4949,#85,#127);
#4951= IFCLOCALPLACEMENT(#4944,#4950);
#4952= IFCMECHANICALFASTENER('35q9gMuxD51PVrkQZAqDkK',#4730,'Bolt assembly',$,$,#4951,#4948,'IDc5d09a96-e3b3-4505-97f5-b9a8cad0db94',12.,5.);
#4953= IFCEXTRUDEDAREASOLID(#1930,#71,#9,100.);
#4954= IFCSTYLEDITEM(#4953,(#1609),$);
#4955= IFCSHAPEREPRESENTATION(#12,'Body','SweptSolid',(#3146,#3158,#4953,#3163,#3175));
#4956= IFCREPRESENTATIONMAP(#10,#4955);
#4957= IFCMAPPEDITEM(#4956,#768);
#4958= IFCMAPPEDITEM(#4956,#2789);
#4959= IFCSHAPEREPRESENTATION(#12,'Body','MappedRepresentation',(#4957,#4958));
#4960= IFCPRODUCTDEFINITIONSHAPE($,$,(#4959));
#4961= IFCCARTESIANPOINT((-60140.0018980384,-63311.9981766939,-65.0000476848363));
#4962= IFCAXIS2PLACEMENT3D(#4961,#127,#85);
#4963= IFCLOCALPLACEMENT(#3713,#4962);
#4964= IFCMECHANICALFASTENER('1zfcGFJULE7uObpZ7spLMF',#137,'Bolt assembly',$,$,#4963,#4960,'ID7da6640f-4de5-4e1f-8625-ce31f6cd558f',14.,100.);
#4965= IFCCARTESIANPOINT((108.,45.));
#4966= IFCCARTESIANPOINT((108.,-45.));
#4967= IFCPOLYLINE((#1995,#1996,#4965,#4966,#1995));
#4968= IFCARBITRARYCLOSEDPROFILEDEF(.AREA.,'PL5*90',#4967);
#4969= IFCEXTRUDEDAREASOLID(#4968,#1484,#9,5.);
#4970= IFCCARTESIANPOINT((60.,0.));
#4971= IFCCARTESIANPOINT((60.,16.));
#4972= IFCCARTESIANPOINT((-1.77635683940025E-15,16.));
#4973= IFCPOLYLINE((#68,#4970,#4971,#4972));
#4974= IFCCOMPOSITECURVESEGMENT(.CONTINUOUS.,.T.,#4973);
#4975= IFCCARTESIANPOINT((2.18278728425503E-11,8.00000000000018));
#4976= IFCAXIS2PLACEMENT2D(#4975,#1473);
#4977= IFCCIRCLE(#4976,8.);
#4978= IFCTRIMMEDCURVE(#4977,(IFCPARAMETERVALUE(0.)),(IFCPARAMETERVALUE(1.57079632679219)),.T.,.PARAMETER.);
#4979= IFCCOMPOSITECURVESEGMENT(.CONTINUOUS.,.T.,#4978);
#4980= IFCCARTESIANPOINT((-8.,8.));
#4981= IFCPOLYLINE((#4980,#4980));
#4982= IFCCOMPOSITECURVESEGMENT(.CONTINUOUS.,.T.,#4981);
#4983= IFCAXIS2PLACEMENT2D(#4975,#1449);
#4984= IFCCIRCLE(#4983,8.);
#4985= IFCTRIMMEDCURVE(#4984,(IFCPARAMETERVALUE(0.)),(IFCPARAMETERVALUE(1.57079632679721)),.T.,.PARAMETER.);
#4986= IFCCOMPOSITECURVESEGMENT(.CONTINUOUS.,.T.,#4985);
#4987= IFCPOLYLINE((#68,#68));
#4988= IFCCOMPOSITECURVESEGMENT(.CONTINUOUS.,.T.,#4987);
#4989= IFCCOMPOSITECURVE((#4974,#4979,#4982,#4986,#4988),.T.);
#4990= IFCARBITRARYCLOSEDPROFILEDEF(.AREA.,'FL5*16',#4989);
#4991= IFCCARTESIANPOINT((92.,-15.,-2.5));
#4992= IFCAXIS2PLACEMENT3D(#4991,#9,#8);
#4993= IFCEXTRUDEDAREASOLID(#4990,#4992,#9,5.);
#4994= IFCBOOLEANRESULT(.DIFFERENCE.,#4969,#4993);
#4995= IFCCARTESIANPOINT((32.,-15.,-2.5));
#4996= IFCAXIS2PLACEMENT3D(#4995,#9,#8);
#4997= IFCEXTRUDEDAREASOLID(#4990,#4996,#9,5.);
#4998= IFCBOOLEANRESULT(.DIFFERENCE.,#4994,#4997);
#4999= IFCSHAPEREPRESENTATION(#12,'Body','CSG',(#4998));
#5000= IFCSTYLEDITEM(#4969,(#2475),$);
#5001= IFCPRODUCTDEFINITIONSHAPE($,$,(#4999));
#5002= IFCCARTESIANPOINT((-60127.5018980384,-63296.9981766939,-149.000047684836));
#5003= IFCAXIS2PLACEMENT3D(#5002,#155,#9);
#5004= IFCLOCALPLACEMENT(#3704,#5003);
#5005= IFCPLATE('2qGY$yxEvCi9dx5fqgs_V_',#45,'L\S\xsdele','PL5*90',$,#5004,#5001,'l5');
#5006= IFCPLATETYPE('0utKfjCFn1ie29UhOCHFWF',#5,'PL5*90',$,$,$,$,$,$,.NOTDEFINED.);
#5007= IFCPROPERTYSINGLEVALUE('Bottom elevation',$,IFCLABEL(' -0.149'),$);
#5008= IFCPROPERTYSINGLEVALUE('Top elevation',$,IFCLABEL(' -0.041'),$);
#5009= IFCPROPERTYSINGLEVALUE('Class',$,IFCLABEL('1'),$);
#5010= IFCPROPERTYSET('1YqYRxDKn6vO9yGU437Uh4',#5,'Tekla Common','Common Properties to Shared building elements',(#1496,#5007,#5008,#1499,#1500,#1501,#5009));
#5011= IFCPROPERTYSINGLEVALUE('Weight',$,IFCMASSMEASURE(0.3),$);
#5012= IFCPROPERTYSINGLEVALUE('Area per tons',$,IFCAREAMEASURE(61.911),$);
#5013= IFCPROPERTYSINGLEVALUE('Length',$,IFCLENGTHMEASURE(108.),$);
#5014= IFCPROPERTYSET('3giZPqjrX1GANH4vE9ERJx',#5,'Tekla Quantity','Quantity Properties to Shared building elements',(#5011,#1505,#2260,#5012,#3512,#2018,#1510,#5013));
#5015= IFCPROPERTYSINGLEVALUE('Reference',$,IFCIDENTIFIER('l5'),$);
#5016= IFCPROPERTYSET('2$egLQQ_nAGfyCOwj9WHqH',#5,'Pset_PlateCommon','Common Properties to plate elements',(#1513,#5015));
#5017= IFCQUANTITYAREA('NetArea',$,$,0.0184778477774388);
#5018= IFCQUANTITYAREA('GrossArea',$,$,0.02142);
#5019= IFCQUANTITYVOLUME('NetVolume',$,$,3.80203304131454E-05);
#5020= IFCQUANTITYVOLUME('GrossVolume',$,$,4.86E-05);
#5021= IFCELEMENTQUANTITY('1aC_tMoN5FgxzoRw2Izji$',#5,'BaseQuantities',$,$,(#2023,#5017,#5018,#3519,#5019,#5020));
#5022= IFCARBITRARYCLOSEDPROFILEDEF(.AREA.,'FL10*90',#4967);
#5023= IFCEXTRUDEDAREASOLID(#5022,#1797,#9,10.);
#5024= IFCSHAPEREPRESENTATION(#12,'Body','SweptSolid',(#5023));
#5025= IFCSTYLEDITEM(#5023,(#1448),$);
#5026= IFCPRODUCTDEFINITIONSHAPE($,$,(#5024));
#5027= IFCCARTESIANPOINT((-60135.0018980384,-63296.9981766939,-149.000047684836));
#5028= IFCAXIS2PLACEMENT3D(#5027,#155,#9);
#5029= IFCLOCALPLACEMENT(#3713,#5028);
#5030= IFCPLATE('2ruvOXSNz6PwY3FxvRktHy',#45,'Fladst\S\el','FL10*90',$,#5029,#5026,'IDb5e39621-717f-4667-a883-3fbe5bbb747c');
#5031= IFCPROPERTYSET('1$Wd_jEKz6fgzTn7_DhGru',#5,'Tekla Common','Common Properties to Shared building elements',(#1496,#5007,#5008,#1499,#1500,#1501,#1502));
#5032= IFCPROPERTYSINGLEVALUE('Weight',$,IFCMASSMEASURE(0.76),$);
#5033= IFCPROPERTYSINGLEVALUE('Area per tons',$,IFCAREAMEASURE(30.668),$);
#5034= IFCPROPERTYSINGLEVALUE('Net surface area',$,IFCAREAMEASURE(0.023),$);
#5035= IFCPROPERTYSET('0Ppj$1ZG90EwizhRmWOJ0s',#5,'Tekla Quantity','Quantity Properties to Shared building elements',(#5032,#1505,#2015,#5033,#5034,#2018,#1816,#5013));
#5036= IFCPROPERTYSINGLEVALUE('Reference',$,IFCIDENTIFIER('F68'),$);
#5037= IFCPROPERTYSET('05uSDE5a9849zzw6r8FJr_',#5,'Pset_PlateCommon','Common Properties to plate elements',(#1513,#5036));
#5038= IFCQUANTITYAREA('NetArea',$,$,0.0234);
#5039= IFCQUANTITYAREA('GrossArea',$,$,0.0234);
#5040= IFCQUANTITYVOLUME('NetVolume',$,$,9.72E-05);
#5041= IFCQUANTITYVOLUME('GrossVolume',$,$,9.72E-05);
#5042= IFCELEMENTQUANTITY('0rasI4mJjE19ZU382gH8FU',#5,'BaseQuantities',$,$,(#2023,#5038,#5039,#2026,#5040,#5041));
#5043= IFCSHAPEREPRESENTATION(#12,'Body','MappedRepresentation',(#4957,#4958));
#5044= IFCPRODUCTDEFINITIONSHAPE($,$,(#5043));
#5045= IFCCARTESIANPOINT((-60140.0018980384,-64656.0040317965,-125.00004768484));
#5046= IFCAXIS2PLACEMENT3D(#5045,#8,#9);
#5047= IFCLOCALPLACEMENT(#4342,#5046);
#5048= IFCMECHANICALFASTENER('28g_sDaLTBpOKCdVFx0d7P',#137,'Bolt assembly',$,$,#5047,#5044,'ID88abed8d-9157-4bcd-850c-9df3fb0271d9',14.,100.);
#5049= IFCBOOLEANRESULT(.DIFFERENCE.,#4969,#4993);
#5050= IFCBOOLEANRESULT(.DIFFERENCE.,#5049,#4997);
#5051= IFCSHAPEREPRESENTATION(#12,'Body','CSG',(#5050));
#5052= IFCPRODUCTDEFINITIONSHAPE($,$,(#5051));
#5053= IFCCARTESIANPOINT((-60127.5018980384,-64671.0040317965,-41.00004768484));
#5054= IFCAXIS2PLACEMENT3D(#5053,#155,#85);
#5055= IFCLOCALPLACEMENT(#4944,#5054);
#5056= IFCPLATE('2N7QXDSzD1cueF1JWCagxn',#45,'L\S\xsdele','PL5*90',$,#5055,#5052,'l5');
#5057= IFCSHAPEREPRESENTATION(#12,'Body','SweptSolid',(#5023));
#5058= IFCPRODUCTDEFINITIONSHAPE($,$,(#5057));
#5059= IFCCARTESIANPOINT((-60135.0018980384,-64671.0040317965,-41.00004768484));
#5060= IFCAXIS2PLACEMENT3D(#5059,#155,#85);
#5061= IFCLOCALPLACEMENT(#4342,#5060);
#5062= IFCPLATE('3sdcHG_3zDsxu3ZQdjeOi6',#45,'Fladst\S\el','FL10*90',$,#5061,#5058,'IDf69e6450-f83f-4ddb-be03-8da9eda18b06');
#5063= IFCSHAPEREPRESENTATION(#12,'Body','MappedRepresentation',(#4957,#4958));
#5064= IFCPRODUCTDEFINITIONSHAPE($,$,(#5063));
#5065= IFCCARTESIANPOINT((-64860.0022131324,-64656.0040317965,-65.00004768484));
#5066= IFCAXIS2PLACEMENT3D(#5065,#8,#85);
#5067= IFCLOCALPLACEMENT(#4342,#5066);
#5068= IFCMECHANICALFASTENER('3j0Qy_LyrA2gunjYoSqYPK',#137,'Bolt assembly',$,$,#5067,#5064,'IDed01af3e-57cd-4a0a-ae31-b62c9cd22654',14.,100.);
#5069= IFCBOOLEANRESULT(.DIFFERENCE.,#4969,#4993);
#5070= IFCBOOLEANRESULT(.DIFFERENCE.,#5069,#4997);
#5071= IFCSHAPEREPRESENTATION(#12,'Body','CSG',(#5070));
#5072= IFCPRODUCTDEFINITIONSHAPE($,$,(#5071));
#5073= IFCCARTESIANPOINT((-64872.5022131324,-64671.0040317965,-149.00004768484));
#5074= IFCAXIS2PLACEMENT3D(#5073,#7,#9);
#5075= IFCLOCALPLACEMENT(#4935,#5074);
#5076= IFCPLATE('2zVyY4bJL5Jxb29LbMb$NX',#45,'L\S\xsdele','PL5*90',$,#5075,#5072,'l5');
#5077= IFCSHAPEREPRESENTATION(#12,'Body','SweptSolid',(#5023));
#5078= IFCPRODUCTDEFINITIONSHAPE($,$,(#5077));
#5079= IFCCARTESIANPOINT((-64865.0022131324,-64671.0040317965,-149.00004768484));
#5080= IFCAXIS2PLACEMENT3D(#5079,#7,#9);
#5081= IFCLOCALPLACEMENT(#4342,#5080);
#5082= IFCPLATE('2em25kjyT3TR97BB_7X_hX',#45,'Fladst\S\el','FL10*90',$,#5081,#5078,'IDa8c0216e-b7c7-4375-b247-2cbf8787eae1');
#5083= IFCSHAPEREPRESENTATION(#12,'Body','MappedRepresentation',(#4957,#4958));
#5084= IFCPRODUCTDEFINITIONSHAPE($,$,(#5083));
#5085= IFCCARTESIANPOINT((-64860.0022131324,-63311.9981766939,-125.000047684836));
#5086= IFCAXIS2PLACEMENT3D(#5085,#127,#9);
#5087= IFCLOCALPLACEMENT(#3713,#5086);
#5088= IFCMECHANICALFASTENER('2rtmRsI1HBye77B07BDfyX',#137,'Bolt assembly',$,$,#5087,#5084,'IDb5df06f6-4814-4bf2-81c7-2c01cb369f21',14.,100.);
#5089= IFCBOOLEANRESULT(.DIFFERENCE.,#4969,#4993);
#5090= IFCBOOLEANRESULT(.DIFFERENCE.,#5089,#4997);
#5091= IFCSHAPEREPRESENTATION(#12,'Body','CSG',(#5090));
#5092= IFCPRODUCTDEFINITIONSHAPE($,$,(#5091));
#5093= IFCCARTESIANPOINT((-64872.5022131324,-63296.9981766939,-41.0000476848363));
#5094= IFCAXIS2PLACEMENT3D(#5093,#7,#85);
#5095= IFCLOCALPLACEMENT(#3680,#5094);
#5096= IFCPLATE('2VdgwM2gL5tgdCWq_TZpEB',#45,'L\S\xsdele','PL5*90',$,#5095,#5092,'l5');
#5097= IFCSHAPEREPRESENTATION(#12,'Body','SweptSolid',(#5023));
#5098= IFCPRODUCTDEFINITIONSHAPE($,$,(#5097));
#5099= IFCCARTESIANPOINT((-64865.0022131324,-63296.9981766939,-41.0000476848363));
#5100= IFCAXIS2PLACEMENT3D(#5099,#7,#85);
#5101= IFCLOCALPLACEMENT(#3713,#5100);
#5102= IFCPLATE('3uTbpyfObCf902mxZgQXQ_',#45,'Fladst\S\el','FL10*90',$,#5101,#5098,'IDf8765cfc-a589-4ca4-9002-c3b8ea6a16be');
#5103= IFCLOCALPLACEMENT(#42,#10);
#5104= IFCELEMENTASSEMBLY('1otm9EC8nCf8ta_dOzMIu4',#45,'L\S\xsdele',$,$,#5103,$,'l5',.NOTDEFINED.,.NOTDEFINED.);
#5105= IFCPROPERTYSET('0x_y29yLz8cu8C3GdwERiU',#5,'Tekla Assembly','Assembly Properties',(#48,#49,#50,#3682,#3683,#3684,#430,#3685));
#5106= IFCSHAPEREPRESENTATION(#12,'Body','MappedRepresentation',(#3695));
#5107= IFCPRODUCTDEFINITIONSHAPE($,$,(#5106));
#5108= IFCCARTESIANPOINT((-85119.9951676917,-64645.9977952242,-95.0000476848363));
#5109= IFCAXIS2PLACEMENT3D(#5108,#85,#127);
#5110= IFCLOCALPLACEMENT(#5103,#5109);
#5111= IFCMECHANICALFASTENER('2Fmup$QCHBwuphhOcD9Ev1',#4730,'Bolt assembly',$,$,#5110,#5107,'ID8fc38cff-68c4-4beb-8ceb-ad898d24ee41',12.,5.);
#5112= IFCLOCALPLACEMENT(#42,#10);
#5113= IFCELEMENTASSEMBLY('0rZGUDh292bw7GLc7qJ1_g',#45,'L\S\xsdele',$,$,#5112,$,'l5',.NOTDEFINED.,.NOTDEFINED.);
#5114= IFCPROPERTYSET('2zGxn6RlfCeP2ZEFitZUeM',#5,'Tekla Assembly','Assembly Properties',(#48,#49,#50,#3682,#3683,#3684,#441,#3685));
#5115= IFCSHAPEREPRESENTATION(#12,'Body','MappedRepresentation',(#3695));
#5116= IFCPRODUCTDEFINITIONSHAPE($,$,(#5115));
#5117= IFCCARTESIANPOINT((-89879.9954827857,-64645.9977952242,-95.000047684829));
#5118= IFCAXIS2PLACEMENT3D(#5117,#9,#127);
#5119= IFCLOCALPLACEMENT(#5112,#5118);
#5120= IFCMECHANICALFASTENER('1tW47s$KL87RDK0mraGTYt',#4730,'Bolt assembly',$,$,#5119,#5116,'ID778041f6-fd45-481d-b354-030d6441d8b7',12.,5.);
#5121= IFCSHAPEREPRESENTATION(#12,'Body','MappedRepresentation',(#4957,#4958));
#5122= IFCPRODUCTDEFINITIONSHAPE($,$,(#5121));
#5123= IFCCARTESIANPOINT((-89859.9991969299,-63311.9965820313,-125.000052303079));
#5124= IFCAXIS2PLACEMENT3D(#5123,#127,#9);
#5125= IFCLOCALPLACEMENT(#3744,#5124);
#5126= IFCMECHANICALFASTENER('1SyYkhmjvC4e0nEuDO920C',#137,'Bolt assembly',$,$,#5125,#5122,'ID5cf22bab-c2de-4c12-8031-3b835824200c',14.,100.);
#5127= IFCBOOLEANRESULT(.DIFFERENCE.,#4969,#4993);
#5128= IFCBOOLEANRESULT(.DIFFERENCE.,#5127,#4997);
#5129= IFCSHAPEREPRESENTATION(#12,'Body','CSG',(#5128));
#5130= IFCPRODUCTDEFINITIONSHAPE($,$,(#5129));
#5131= IFCCARTESIANPOINT((-89872.4991969299,-63296.9965820313,-41.0000523030794));
#5132= IFCAXIS2PLACEMENT3D(#5131,#7,#85);
#5133= IFCLOCALPLACEMENT(#3755,#5132);
#5134= IFCPLATE('1wbVH6JxDAhRUo0SmmbK8q',#45,'L\S\xsdele','PL5*90',$,#5133,#5130,'l5');
#5135= IFCSHAPEREPRESENTATION(#12,'Body','SweptSolid',(#5023));
#5136= IFCPRODUCTDEFINITIONSHAPE($,$,(#5135));
#5137= IFCCARTESIANPOINT((-89864.9991969299,-63296.9965820313,-41.0000523030794));
#5138= IFCAXIS2PLACEMENT3D(#5137,#7,#85);
#5139= IFCLOCALPLACEMENT(#3744,#5138);
#5140= IFCPLATE('0Zgntju_T3$BmpmXbV8mb1',#45,'Fladst\S\el','FL10*90',$,#5139,#5136,'ID23ab1ded-e3e7-43fc-bc33-c2195f230941');
#5141= IFCSHAPEREPRESENTATION(#12,'Body','MappedRepresentation',(#4957,#4958));
#5142= IFCPRODUCTDEFINITIONSHAPE($,$,(#5141));
#5143= IFCCARTESIANPOINT((-89859.9954827857,-64655.9977952242,-65.0000476848327));
#5144= IFCAXIS2PLACEMENT3D(#5143,#8,#85);
#5145= IFCLOCALPLACEMENT(#4275,#5144);
#5146= IFCMECHANICALFASTENER('1q4Hf3X_H318cYyrHPu$lW',#137,'Bolt assembly',$,$,#5145,#5142,'ID74111a43-87e4-4304-89a2-f35459e3fbe0',14.,100.);
#5147= IFCBOOLEANRESULT(.DIFFERENCE.,#4969,#4993);
#5148= IFCBOOLEANRESULT(.DIFFERENCE.,#5147,#4997);
#5149= IFCSHAPEREPRESENTATION(#12,'Body','CSG',(#5148));
#5150= IFCPRODUCTDEFINITIONSHAPE($,$,(#5149));
#5151= IFCCARTESIANPOINT((-89872.4954827857,-64670.9977952242,-149.000047684833));
#5152= IFCAXIS2PLACEMENT3D(#5151,#7,#9);
#5153= IFCLOCALPLACEMENT(#5112,#5152);
#5154= IFCPLATE('3yDlomfMn4iAHErmlJ7baq',#45,'L\S\xsdele','PL5*90',$,#5153,#5150,'l5');
#5155= IFCSHAPEREPRESENTATION(#12,'Body','SweptSolid',(#5023));
#5156= IFCPRODUCTDEFINITIONSHAPE($,$,(#5155));
#5157= IFCCARTESIANPOINT((-89864.9954827857,-64670.9977952242,-149.000047684833));
#5158= IFCAXIS2PLACEMENT3D(#5157,#7,#9);
#5159= IFCLOCALPLACEMENT(#4275,#5158);
#5160= IFCPLATE('2J1DOzQY9AbxRSWCV4adiO',#45,'Fladst\S\el','FL10*90',$,#5159,#5156,'ID9304d63d-6a22-4a97-b6dc-80c7c4927b18');
#5161= IFCSHAPEREPRESENTATION(#12,'Body','MappedRepresentation',(#4957,#4958));
#5162= IFCPRODUCTDEFINITIONSHAPE($,$,(#5161));
#5163= IFCCARTESIANPOINT((-85139.9951676917,-64655.9977952242,-125.000047684833));
#5164= IFCAXIS2PLACEMENT3D(#5163,#8,#9);
#5165= IFCLOCALPLACEMENT(#4275,#5164);
#5166= IFCMECHANICALFASTENER('1QgCiIvV9DsB1F3prIgRTw',#137,'Bolt assembly',$,$,#5165,#5162,'ID5aa8cb12-e5f2-4dd8-b04f-0f3d52a9b77a',14.,100.);
#5167= IFCBOOLEANRESULT(.DIFFERENCE.,#4969,#4993);
#5168= IFCBOOLEANRESULT(.DIFFERENCE.,#5167,#4997);
#5169= IFCSHAPEREPRESENTATION(#12,'Body','CSG',(#5168));
#5170= IFCPRODUCTDEFINITIONSHAPE($,$,(#5169));
#5171= IFCCARTESIANPOINT((-85127.4951676917,-64670.9977952242,-41.0000476848327));
#5172= IFCAXIS2PLACEMENT3D(#5171,#155,#85);
#5173= IFCLOCALPLACEMENT(#5103,#5172);
#5174= IFCPLATE('1T9531TjrDr902Jah4$5kU',#45,'L\S\xsdele','PL5*90',$,#5173,#5170,'l5');
#5175= IFCSHAPEREPRESENTATION(#12,'Body','SweptSolid',(#5023));
#5176= IFCPRODUCTDEFINITIONSHAPE($,$,(#5175));
#5177= IFCCARTESIANPOINT((-85134.9951676917,-64670.9977952242,-41.0000476848327));
#5178= IFCAXIS2PLACEMENT3D(#5177,#155,#85);
#5179= IFCLOCALPLACEMENT(#4275,#5178);
#5180= IFCPLATE('0INJvDZWX7GgZoMNzfMyNK',#45,'Fladst\S\el','FL10*90',$,#5179,#5176,'ID125d3e4d-8e08-4742-a8f2-597f695bc5d4');
#5181= IFCBOOLEANRESULT(.DIFFERENCE.,#4969,#4993);
#5182= IFCBOOLEANRESULT(.DIFFERENCE.,#5181,#4997);
#5183= IFCSHAPEREPRESENTATION(#12,'Body','CSG',(#5182));
#5184= IFCPRODUCTDEFINITIONSHAPE($,$,(#5183));
#5185= IFCCARTESIANPOINT((-85127.498881836,-63296.9965820313,-149.000052303079));
#5186= IFCAXIS2PLACEMENT3D(#5185,#155,#9);
#5187= IFCLOCALPLACEMENT(#3735,#5186);
#5188= IFCPLATE('0B56hAu5z3PQe1bw9l9KN7',#45,'L\S\xsdele','PL5*90',$,#5187,#5184,'l5');
#5189= IFCSHAPEREPRESENTATION(#12,'Body','MappedRepresentation',(#4957,#4958));
#5190= IFCPRODUCTDEFINITIONSHAPE($,$,(#5189));
#5191= IFCCARTESIANPOINT((-85139.998881836,-63311.9965820313,-65.0000523030794));
#5192= IFCAXIS2PLACEMENT3D(#5191,#127,#85);
#5193= IFCLOCALPLACEMENT(#3744,#5192);
#5194= IFCMECHANICALFASTENER('3pPVsyiYz3xOJawVebU4UZ',#137,'Bolt assembly',$,$,#5193,#5190,'IDf365fdbc-b22f-43ed-84e4-e9fa257847a3',14.,100.);
#5195= IFCSHAPEREPRESENTATION(#12,'Body','SweptSolid',(#5023));
#5196= IFCPRODUCTDEFINITIONSHAPE($,$,(#5195));
#5197= IFCCARTESIANPOINT((-85134.998881836,-63296.9965820313,-149.000052303079));
#5198= IFCAXIS2PLACEMENT3D(#5197,#155,#9);
#5199= IFCLOCALPLACEMENT(#3744,#5198);
#5200= IFCPLATE('2uuvSYa2H3CQeQO4XBpw1Y',#45,'Fladst\S\el','FL10*90',$,#5199,#5196,'IDb8e39722-9024-4331-aa1a-60484bcfa062');
#5201= IFCCOLOURRGB('Light Green',0.356862745098039,0.592156862745098,0.137254901960784);
#5202= IFCSURFACESTYLERENDERING(#5201,0.,$,$,$,$,IFCNORMALISEDRATIOMEASURE(0.00390625),IFCSPECULAREXPONENT(10.),.NOTDEFINED.);
#5203= IFCSURFACESTYLE('STEEL/S355J2',.POSITIVE.,(#5202));
#5204= IFCPRESENTATIONSTYLEASSIGNMENT((#5203));
#5205= IFCLSHAPEPROFILEDEF(.AREA.,'L120*10',#69,120.,120.,10.,13.,6.5,$,$,$);
#5206= IFCCARTESIANPOINT((2947.98240907076,7.27595761418343E-12,-7.27595760373401E-12));
#5207= IFCAXIS2PLACEMENT3D(#5206,#155,#127);
#5208= IFCEXTRUDEDAREASOLID(#5205,#5207,#9,2956.28);
#5209= IFCCARTESIANPOINT((2881.39999972955,1.81244104169309E-08,-60.0000000089349));
#5210= IFCAXIS2PLACEMENT3D(#5209,#155,#8);
#5211= IFCPLANE(#5210);
#5212= IFCHALFSPACESOLID(#5211,.T.);
#5213= IFCBOOLEANCLIPPINGRESULT(.DIFFERENCE.,#5208,#5212);
#5214= IFCDIRECTION((0.927178815187533,-0.374619066075716,3.01711839033138E-08));
#5215= IFCCARTESIANPOINT((81.0184999796911,56.2538093393305,0.0100000041784369));
#5216= IFCAXIS2PLACEMENT3D(#5215,#5214,#85);
#5217= IFCPLANE(#5216);
#5218= IFCHALFSPACESOLID(#5217,.T.);
#5219= IFCBOOLEANCLIPPINGRESULT(.DIFFERENCE.,#5213,#5218);
#5220= IFCSHAPEREPRESENTATION(#12,'Body','Clipping',(#5219));
#5221= IFCSTYLEDITEM(#5208,(#5204),$);
#5222= IFCPRODUCTDEFINITIONSHAPE($,$,(#5220));
#5223= IFCCARTESIANPOINT((-87505.9538621463,-63093.9940981036,3453.21164553424));
#5224= IFCDIRECTION((-0.927178815187514,2.8000000469211E-08,-0.374619066075763));
#5225= IFCAXIS2PLACEMENT3D(#5223,#127,#5224);
#5226= IFCLOCALPLACEMENT(#3596,#5225);
#5227= IFCMEMBER('3WxIhtxRvEnfiIZmJaLrB0',#138,'Drager','L120*10',$,#5226,#5222,'d27');
#5228= IFCMEMBERTYPE('210GkMHcb3MhXQFA8JT1on',#5,'L120*10',$,$,$,$,$,$,.NOTDEFINED.);
#5229= IFCPROPERTYSINGLEVALUE('Bottom elevation',$,IFCLABEL(' +2.318'),$);
#5230= IFCPROPERTYSINGLEVALUE('Class',$,IFCLABEL('3'),$);
#5231= IFCPROPERTYSET('3YqNa0DPD0bA7cD3acvNzK',#5,'Tekla Common','Common Properties to Shared building elements',(#1496,#5229,#3473,#1499,#1500,#1501,#5230));
#5232= IFCPROPERTYSINGLEVALUE('Weight',$,IFCMASSMEASURE(51.21),$);
#5233= IFCPROPERTYSINGLEVALUE('Volume',$,IFCVOLUMEMEASURE(0.007),$);
#5234= IFCPROPERTYSINGLEVALUE('Area per tons',$,IFCAREAMEASURE(26.076),$);
#5235= IFCPROPERTYSINGLEVALUE('Net surface area',$,IFCAREAMEASURE(1.323),$);
#5236= IFCPROPERTYSINGLEVALUE('Width',$,IFCLENGTHMEASURE(120.),$);
#5237= IFCPROPERTYSINGLEVALUE('Length',$,IFCLENGTHMEASURE(2847.4),$);
#5238= IFCPROPERTYSET('0E100GDMT7WxP2XiZWHan0',#5,'Tekla Quantity','Quantity Properties to Shared building elements',(#5232,#5233,#2260,#5234,#5235,#2293,#5236,#5237));
#5239= IFCPROPERTYSINGLEVALUE('Reference',$,IFCIDENTIFIER('d27'),$);
#5240= IFCPROPERTYSET('37wYiURgTC_RxTOF1DdRee',#5,'Pset_MemberCommon','Common Properties to member elements',(#1513,#5239));
#5241= IFCQUANTITYLENGTH('Length',$,$,2847.35290509972);
#5242= IFCQUANTITYAREA('OuterSurfaceArea',$,$,1.3354085458058);
#5243= IFCQUANTITYAREA('GrossSurfaceArea',$,$,1.32288914934302);
#5244= IFCQUANTITYAREA('CrossSectionArea',$,$,0.0023198264999303);
#5245= IFCQUANTITYVOLUME('NetVolume',$,$,0.0065239019805425);
#5246= IFCQUANTITYVOLUME('GrossVolume',$,$,0.0065239019805425);
#5247= IFCQUANTITYWEIGHT('NetWeight',$,$,51.2126305472586);
#5248= IFCQUANTITYWEIGHT('GrossWeight',$,$,51.2126305472586);
#5249= IFCELEMENTQUANTITY('269JOkhvf5AeVKKvfRTrQo',#5,'BaseQuantities',$,$,(#5241,#5242,#5243,#5244,#5245,#5246,#5247,#5248));
#5250= IFCCARTESIANPOINT((2889.68201882287,0.,-6.7226876505376E-22));
#5251= IFCAXIS2PLACEMENT3D(#5250,#155,#127);
#5252= IFCEXTRUDEDAREASOLID(#5205,#5251,#9,2956.26);
#5253= IFCDIRECTION((-0.927178815187494,-0.374619066075813,3.01711839033138E-08));
#5254= IFCCARTESIANPOINT((2800.36696873207,56.2630811289273,0.0100000041857129));
#5255= IFCAXIS2PLACEMENT3D(#5254,#5253,#9);
#5256= IFCPLANE(#5255);
#5257= IFCHALFSPACESOLID(#5256,.T.);
#5258= IFCBOOLEANCLIPPINGRESULT(.DIFFERENCE.,#5252,#5257);
#5259= IFCCARTESIANPOINT((-2.7648638933897E-10,2.18278728425503E-10,-60.0000000000655));
#5260= IFCAXIS2PLACEMENT3D(#5259,#7,#127);
#5261= IFCPLANE(#5260);
#5262= IFCHALFSPACESOLID(#5261,.T.);
#5263= IFCBOOLEANCLIPPINGRESULT(.DIFFERENCE.,#5258,#5262);
#5264= IFCSHAPEREPRESENTATION(#12,'Body','Clipping',(#5263));
#5265= IFCSTYLEDITEM(#5252,(#5204),$);
#5266= IFCPRODUCTDEFINITIONSHAPE($,$,(#5264));
#5267= IFCCARTESIANPOINT((-84822.4805983866,-63093.9940179747,2373.79426977784));
#5268= IFCAXIS2PLACEMENT3D(#5267,#127,#3656);
#5269= IFCLOCALPLACEMENT(#3587,#5268);
#5270= IFCMEMBER('0UA$xib597V8V__x3$lPne',#138,'Drager','L120*10',$,#5269,#5266,'d37');
#5271= IFCPROPERTYSINGLEVALUE('Reference',$,IFCIDENTIFIER('d37'),$);
#5272= IFCPROPERTYSET('2jnjPrwgf9L9Uz3RlhJxEP',#5,'Pset_MemberCommon','Common Properties to member elements',(#1513,#5271));
#5273= IFCQUANTITYLENGTH('Length',$,$,2847.3421202727);
#5274= IFCQUANTITYAREA('OuterSurfaceArea',$,$,1.3354034877218);
#5275= IFCQUANTITYAREA('GrossSurfaceArea',$,$,1.32288409580185);
#5276= IFCQUANTITYVOLUME('NetVolume',$,$,0.00652387696161496);
#5277= IFCQUANTITYVOLUME('GrossVolume',$,$,0.00652387696161496);
#5278= IFCQUANTITYWEIGHT('NetWeight',$,$,51.2124341486774);
#5279= IFCQUANTITYWEIGHT('GrossWeight',$,$,51.2124341486774);
#5280= IFCELEMENTQUANTITY('3ECnTdMzX4jueNJiKf9sYP',#5,'BaseQuantities',$,$,(#5273,#5274,#5275,#5244,#5276,#5277,#5278,#5279));
#5281= IFCEXTRUDEDAREASOLID(#5205,#5207,#9,2956.26);
#5282= IFCPLANE(#5210);
#5283= IFCHALFSPACESOLID(#5282,.T.);
#5284= IFCBOOLEANCLIPPINGRESULT(.DIFFERENCE.,#5281,#5283);
#5285= IFCCARTESIANPOINT((81.0330310954887,56.2630798674327,-1.00999944553769));
#5286= IFCDIRECTION((-0.374619066075813,-0.927178815187494,-6.91476660407484E-11));
#5287= IFCAXIS2PLACEMENT3D(#5285,#5214,#5286);
#5288= IFCPLANE(#5287);
#5289= IFCHALFSPACESOLID(#5288,.T.);
#5290= IFCBOOLEANCLIPPINGRESULT(.DIFFERENCE.,#5284,#5289);
#5291= IFCSHAPEREPRESENTATION(#12,'Body','Clipping',(#5290));
#5292= IFCSTYLEDITEM(#5281,(#5204),$);
#5293= IFCPRODUCTDEFINITIONSHAPE($,$,(#5291));
#5294= IFCCARTESIANPOINT((-87494.0536367498,-64773.9859018964,3453.22164553424));
#5295= IFCDIRECTION((0.927178815187514,-2.8000000469211E-08,-0.374619066075763));
#5296= IFCAXIS2PLACEMENT3D(#5294,#8,#5295);
#5297= IFCLOCALPLACEMENT(#3316,#5296);
#5298= IFCMEMBER('21b_3QQwv59hc2HX4BVuJi',#138,'Drager','L120*10',$,#5297,#5293,'d27');
#5299= IFCQUANTITYLENGTH('Length',$,$,2847.3421197303);
#5300= IFCQUANTITYAREA('OuterSurfaceArea',$,$,1.33540348746741);
#5301= IFCQUANTITYAREA('GrossSurfaceArea',$,$,1.3228840955477);
#5302= IFCQUANTITYVOLUME('NetVolume',$,$,0.0065238769603567);
#5303= IFCQUANTITYVOLUME('GrossVolume',$,$,0.0065238769603567);
#5304= IFCQUANTITYWEIGHT('NetWeight',$,$,51.2124341388001);
#5305= IFCQUANTITYWEIGHT('GrossWeight',$,$,51.2124341388001);
#5306= IFCELEMENTQUANTITY('19Y1aEDJnDkOMVfnfsClq9',#5,'BaseQuantities',$,$,(#5299,#5300,#5301,#5244,#5302,#5303,#5304,#5305));
#5307= IFCCARTESIANPOINT((1800.,0.,0.));
#5308= IFCAXIS2PLACEMENT3D(#5307,#155,#127);
#5309= IFCEXTRUDEDAREASOLID(#2081,#5308,#9,1800.);
#5310= IFCSHAPEREPRESENTATION(#12,'Body','SweptSolid',(#5309));
#5311= IFCSTYLEDITEM(#5309,(#2080),$);
#5312= IFCPRODUCTDEFINITIONSHAPE($,$,(#5310));
#5313= IFCCARTESIANPOINT((-52759.9996665573,-95234.0009401512,2330.81));
#5314= IFCAXIS2PLACEMENT3D(#5313,#7,#127);
#5315= IFCLOCALPLACEMENT(#159,#5314);
#5316= IFCBEAM('2rxoVQBofEH8blh3ZrIUbs',#45,'Drager','RHS100X100X6',$,#5315,#5312,'d39');
#5317= IFCPROPERTYSINGLEVALUE('Weight',$,IFCMASSMEASURE(30.45),$);
#5318= IFCPROPERTYSINGLEVALUE('Volume',$,IFCVOLUMEMEASURE(0.004),$);
#5319= IFCPROPERTYSINGLEVALUE('Gross footprint area',$,IFCAREAMEASURE(0.18),$);
#5320= IFCPROPERTYSINGLEVALUE('Area per tons',$,IFCAREAMEASURE(22.73),$);
#5321= IFCPROPERTYSINGLEVALUE('Net surface area',$,IFCAREAMEASURE(0.692),$);
#5322= IFCPROPERTYSINGLEVALUE('Length',$,IFCLENGTHMEASURE(1800.),$);
#5323= IFCPROPERTYSET('0Wovq9An5C29yfkVTrpiRx',#5,'Tekla Quantity','Quantity Properties to Shared building elements',(#5317,#5318,#5319,#5320,#5321,#2112,#2113,#5322));
#5324= IFCPROPERTYSINGLEVALUE('Reference',$,IFCIDENTIFIER('d39'),$);
#5325= IFCPROPERTYSET('3_RU7Q5v52zfWMwy7oHkK4',#5,'Pset_BeamCommon','Common Properties to beam elements',(#1513,#5324));
#5326= IFCQUANTITYLENGTH('Length',$,$,1800.);
#5327= IFCQUANTITYAREA('OuterSurfaceArea',$,$,0.692010065339068);
#5328= IFCQUANTITYVOLUME('NetVolume',$,$,0.00387834927401419);
#5329= IFCQUANTITYWEIGHT('NetWeight',$,$,30.4450418010114);
#5330= IFCELEMENTQUANTITY('1ADZHq2g9BZum0tR2lwN4_',#5,'BaseQuantities',$,$,(#5326,#5327,#5328,#5329));
#5331= IFCSHAPEREPRESENTATION(#12,'Body','SweptSolid',(#5309));
#5332= IFCPRODUCTDEFINITIONSHAPE($,$,(#5331));
#5333= IFCCARTESIANPOINT((-50249.9996665573,-95234.0009401512,3344.91));
#5334= IFCAXIS2PLACEMENT3D(#5333,#7,#127);
#5335= IFCLOCALPLACEMENT(#139,#5334);
#5336= IFCBEAM('0monx8S_n68eDNIHYo0gir',#45,'Drager','RHS100X100X6',$,#5335,#5332,'d40');
#5337= IFCPROPERTYSINGLEVALUE('Bottom elevation',$,IFCLABEL(' +3.295'),$);
#5338= IFCPROPERTYSINGLEVALUE('Top elevation',$,IFCLABEL(' +3.395'),$);
#5339= IFCPROPERTYSET('20bHYRB4r3oxUIYpPEAHDu',#5,'Tekla Common','Common Properties to Shared building elements',(#1496,#5337,#5338,#1499,#1500,#1501,#2105));
#5340= IFCPROPERTYSINGLEVALUE('Reference',$,IFCIDENTIFIER('d40'),$);
#5341= IFCPROPERTYSET('0nRRq8JIbCyA6zivP22ZLR',#5,'Pset_BeamCommon','Common Properties to beam elements',(#1513,#5340));
#5342= IFCPLANE(#2086);
#5343= IFCHALFSPACESOLID(#5342,.T.);
#5344= IFCBOOLEANCLIPPINGRESULT(.DIFFERENCE.,#2084,#5343);
#5345= IFCPLANE(#2091);
#5346= IFCHALFSPACESOLID(#5345,.T.);
#5347= IFCBOOLEANCLIPPINGRESULT(.DIFFERENCE.,#5344,#5346);
#5348= IFCSHAPEREPRESENTATION(#12,'Body','Clipping',(#5347));
#5349= IFCPRODUCTDEFINITIONSHAPE($,$,(#5348));
#5350= IFCCARTESIANPOINT((-52709.9990598488,-96783.9996665573,2330.81));
#5351= IFCAXIS2PLACEMENT3D(#5350,#8,#7);
#5352= IFCLOCALPLACEMENT(#46,#5351);
#5353= IFCBEAM('0FTEE0H05FsQdOpP2z5VE1',#45,'Drager','RHS100X100X6',$,#5352,#5349,'d38');
#5354= IFCCARTESIANPOINT((0.,0.,3394.91));
#5355= IFCAXIS2PLACEMENT3D(#5354,#85,#8);
#5356= IFCEXTRUDEDAREASOLID(#2081,#5355,#9,3394.91);
#5357= IFCCARTESIANPOINT((50.,0.,3284.91));
#5358= IFCAXIS2PLACEMENT3D(#5357,#85,#8);
#5359= IFCPLANE(#5358);
#5360= IFCHALFSPACESOLID(#5359,.T.);
#5361= IFCBOOLEANCLIPPINGRESULT(.DIFFERENCE.,#5356,#5360);
#5362= IFCCARTESIANPOINT((0.,50.,10.));
#5363= IFCAXIS2PLACEMENT3D(#5362,#9,#7);
#5364= IFCPLANE(#5363);
#5365= IFCHALFSPACESOLID(#5364,.T.);
#5366= IFCBOOLEANCLIPPINGRESULT(.DIFFERENCE.,#5361,#5365);
#5367= IFCSHAPEREPRESENTATION(#12,'Body','Clipping',(#5366));
#5368= IFCSTYLEDITEM(#5356,(#2080),$);
#5369= IFCPRODUCTDEFINITIONSHAPE($,$,(#5367));
#5370= IFCCARTESIANPOINT((-50249.9990598488,-95438.9996665573,0.));
#5371= IFCAXIS2PLACEMENT3D(#5370,#9,#127);
#5372= IFCLOCALPLACEMENT(#226,#5371);
#5373= IFCCOLUMN('1iIjpZ86H6WQvQ4o6O9Yy7',#45,'S\S\xjle','RHS100X100X6',$,#5372,#5369,'s53');
#5374= IFCCOLUMNTYPE('2OnNwciu553PBM0mT4y6fR',#5,'RHS100X100X6',$,$,$,$,$,$,.NOTDEFINED.);
#5375= IFCPROPERTYSINGLEVALUE('Bottom elevation',$,IFCLABEL(' +0.010'),$);
#5376= IFCPROPERTYSINGLEVALUE('Top elevation',$,IFCLABEL(' +3.285'),$);
#5377= IFCPROPERTYSET('3PM$gOJMf1p8tNyczqc$z$',#5,'Tekla Common','Common Properties to Shared building elements',(#1496,#5375,#5376,#1499,#1500,#1501,#2105));
#5378= IFCPROPERTYSINGLEVALUE('Weight',$,IFCMASSMEASURE(55.39),$);
#5379= IFCPROPERTYSINGLEVALUE('Area per tons',$,IFCAREAMEASURE(22.696),$);
#5380= IFCPROPERTYSINGLEVALUE('Net surface area',$,IFCAREAMEASURE(1.257),$);
#5381= IFCPROPERTYSINGLEVALUE('Length',$,IFCLENGTHMEASURE(3274.9),$);
#5382= IFCPROPERTYSET('0gNxAltz9FJxgADufzWrOo',#5,'Tekla Quantity','Quantity Properties to Shared building elements',(#5378,#5233,#2329,#5379,#5380,#2112,#2113,#5381));
#5383= IFCPROPERTYSINGLEVALUE('Reference',$,IFCIDENTIFIER('s53'),$);
#5384= IFCPROPERTYSET('2THnD61pr1V8Tu5BbQxygb',#5,'Pset_ColumnCommon','Common Properties to column elements',(#1513,#5383));
#5385= IFCQUANTITYLENGTH('Length',$,$,3274.91);
#5386= IFCQUANTITYAREA('OuterSurfaceArea',$,$,1.2571610781596);
#5387= IFCQUANTITYVOLUME('NetVolume',$,$,0.00705624712275655);
#5388= IFCQUANTITYWEIGHT('NetWeight',$,$,55.391539913639);
#5389= IFCELEMENTQUANTITY('0_TlFIMez4megyltx_bVwo',#5,'BaseQuantities',$,$,(#5385,#5386,#5387,#5388));
#5390= IFCPLANE(#5358);
#5391= IFCHALFSPACESOLID(#5390,.T.);
#5392= IFCBOOLEANCLIPPINGRESULT(.DIFFERENCE.,#5356,#5391);
#5393= IFCPLANE(#5363);
#5394= IFCHALFSPACESOLID(#5393,.T.);
#5395= IFCBOOLEANCLIPPINGRESULT(.DIFFERENCE.,#5392,#5394);
#5396= IFCSHAPEREPRESENTATION(#12,'Body','Clipping',(#5395));
#5397= IFCPRODUCTDEFINITIONSHAPE($,$,(#5396));
#5398= IFCCARTESIANPOINT((-50249.9990598488,-96783.9996665573,0.));
#5399= IFCAXIS2PLACEMENT3D(#5398,#9,#127);
#5400= IFCLOCALPLACEMENT(#214,#5399);
#5401= IFCCOLUMN('22zghNQJ93beaSN0opUu15',#45,'S\S\xjle','RHS100X100X6',$,#5400,#5397,'s52');
#5402= IFCPROPERTYSINGLEVALUE('Reference',$,IFCIDENTIFIER('s52'),$);
#5403= IFCPROPERTYSET('3Qzd6cuPj3_fKKtreOXEhy',#5,'Pset_ColumnCommon','Common Properties to column elements',(#1513,#5402));
#5404= IFCCARTESIANPOINT((0.,0.,2380.81));
#5405= IFCAXIS2PLACEMENT3D(#5404,#85,#8);
#5406= IFCEXTRUDEDAREASOLID(#2081,#5405,#9,2380.81);
#5407= IFCCARTESIANPOINT((50.,0.,2270.81));
#5408= IFCAXIS2PLACEMENT3D(#5407,#85,#8);
#5409= IFCPLANE(#5408);
#5410= IFCHALFSPACESOLID(#5409,.T.);
#5411= IFCBOOLEANCLIPPINGRESULT(.DIFFERENCE.,#5406,#5410);
#5412= IFCPLANE(#5363);
#5413= IFCHALFSPACESOLID(#5412,.T.);
#5414= IFCBOOLEANCLIPPINGRESULT(.DIFFERENCE.,#5411,#5413);
#5415= IFCSHAPEREPRESENTATION(#12,'Body','Clipping',(#5414));
#5416= IFCSTYLEDITEM(#5406,(#2080),$);
#5417= IFCPRODUCTDEFINITIONSHAPE($,$,(#5415));
#5418= IFCCARTESIANPOINT((-52759.9990598488,-96783.9996665573,0.));
#5419= IFCAXIS2PLACEMENT3D(#5418,#9,#127);
#5420= IFCLOCALPLACEMENT(#201,#5419);
#5421= IFCCOLUMN('2695cEH0b1YBGFpP9T0qMw',#45,'S\S\xjle','RHS100X100X6',$,#5420,#5417,'s49');
#5422= IFCPROPERTYSINGLEVALUE('Top elevation',$,IFCLABEL(' +2.271'),$);
#5423= IFCPROPERTYSET('0nLg3ArBn0b8XiAFv2lbGz',#5,'Tekla Common','Common Properties to Shared building elements',(#1496,#5375,#5422,#1499,#1500,#1501,#2105));
#5424= IFCPROPERTYSINGLEVALUE('Weight',$,IFCMASSMEASURE(38.24),$);
#5425= IFCPROPERTYSINGLEVALUE('Area per tons',$,IFCAREAMEASURE(22.714),$);
#5426= IFCPROPERTYSINGLEVALUE('Net surface area',$,IFCAREAMEASURE(0.869),$);
#5427= IFCPROPERTYSINGLEVALUE('Length',$,IFCLENGTHMEASURE(2260.8),$);
#5428= IFCPROPERTYSET('284RqyNHX0FPbifcyTSpfq',#5,'Tekla Quantity','Quantity Properties to Shared building elements',(#5424,#2108,#2329,#5425,#5426,#2112,#2113,#5427));
#5429= IFCPROPERTYSINGLEVALUE('Reference',$,IFCIDENTIFIER('s49'),$);
#5430= IFCPROPERTYSET('2upfR_jBzF8Ae6SRXXt95q',#5,'Pset_ColumnCommon','Common Properties to column elements',(#1513,#5429));
#5431= IFCQUANTITYLENGTH('Length',$,$,2260.81);
#5432= IFCQUANTITYAREA('OuterSurfaceArea',$,$,0.868581678669937);
#5433= IFCQUANTITYVOLUME('NetVolume',$,$,0.00487122823454666);
#5434= IFCQUANTITYWEIGHT('NetWeight',$,$,38.2391416411913);
#5435= IFCELEMENTQUANTITY('2ocfQGO0v27Ox7XHT2n3fw',#5,'BaseQuantities',$,$,(#5431,#5432,#5433,#5434));
#5436= IFCPLANE(#5408);
#5437= IFCHALFSPACESOLID(#5436,.T.);
#5438= IFCBOOLEANCLIPPINGRESULT(.DIFFERENCE.,#5406,#5437);
#5439= IFCPLANE(#5363);
#5440= IFCHALFSPACESOLID(#5439,.T.);
#5441= IFCBOOLEANCLIPPINGRESULT(.DIFFERENCE.,#5438,#5440);
#5442= IFCSHAPEREPRESENTATION(#12,'Body','Clipping',(#5441));
#5443= IFCPRODUCTDEFINITIONSHAPE($,$,(#5442));
#5444= IFCCARTESIANPOINT((-52759.9990598488,-95438.9996665573,0.));
#5445= IFCAXIS2PLACEMENT3D(#5444,#9,#127);
#5446= IFCLOCALPLACEMENT(#186,#5445);
#5447= IFCCOLUMN('3ysWEByyH3jhuZjPcbKCvy',#45,'S\S\xjle','RHS100X100X6',$,#5446,#5443,'s47');
#5448= IFCPROPERTYSINGLEVALUE('Reference',$,IFCIDENTIFIER('s47'),$);
#5449= IFCPROPERTYSET('3QdUbw62159Pu8nTaxVBhS',#5,'Pset_ColumnCommon','Common Properties to column elements',(#1513,#5448));
#5450= IFCCARTESIANPOINT((2889.69588265924,0.,-6.722719903997E-22));
#5451= IFCAXIS2PLACEMENT3D(#5450,#155,#127);
#5452= IFCEXTRUDEDAREASOLID(#5205,#5451,#9,2956.28);
#5453= IFCCARTESIANPOINT((2800.38441926785,56.2542039980108,-1.01000122034748));
#5454= IFCDIRECTION((0.374619066075716,-0.927178815187533,-6.91476660407513E-11));
#5455= IFCAXIS2PLACEMENT3D(#5453,#5253,#5454);
#5456= IFCPLANE(#5455);
#5457= IFCHALFSPACESOLID(#5456,.T.);
#5458= IFCBOOLEANCLIPPINGRESULT(.DIFFERENCE.,#5452,#5457);
#5459= IFCPLANE(#5260);
#5460= IFCHALFSPACESOLID(#5459,.T.);
#5461= IFCBOOLEANCLIPPINGRESULT(.DIFFERENCE.,#5458,#5460);
#5462= IFCSHAPEREPRESENTATION(#12,'Body','Clipping',(#5461));
#5463= IFCSTYLEDITEM(#5452,(#5204),$);
#5464= IFCPRODUCTDEFINITIONSHAPE($,$,(#5462));
#5465= IFCCARTESIANPOINT((-90177.5297547695,-64773.9859813512,2373.78354085684));
#5466= IFCAXIS2PLACEMENT3D(#5465,#8,#3669);
#5467= IFCLOCALPLACEMENT(#3287,#5466);
#5468= IFCMEMBER('3CSiHE_Ar3LwqznKCslu7H',#138,'Drager','L120*10',$,#5467,#5464,'d37');
#5469= IFCQUANTITYLENGTH('Length',$,$,2847.35598405823);
#5470= IFCQUANTITYAREA('OuterSurfaceArea',$,$,1.33540998983738);
#5471= IFCQUANTITYAREA('GrossSurfaceArea',$,$,1.32289059207766);
#5472= IFCQUANTITYVOLUME('NetVolume',$,$,0.00652390912319201);
#5473= IFCQUANTITYVOLUME('GrossVolume',$,$,0.00652390912319201);
#5474= IFCQUANTITYWEIGHT('NetWeight',$,$,51.2126866170573);
#5475= IFCQUANTITYWEIGHT('GrossWeight',$,$,51.2126866170573);
#5476= IFCELEMENTQUANTITY('21HmgpjAL1AwS3F1J1YOKV',#5,'BaseQuantities',$,$,(#5469,#5470,#5471,#5244,#5472,#5473,#5474,#5475));
#5477= IFCCARTESIANPOINT((1539.99999999432,3.63797880709171E-12,-6.52215369383407E-19));
#5478= IFCAXIS2PLACEMENT3D(#5477,#155,#127);
#5479= IFCEXTRUDEDAREASOLID(#5205,#5478,#9,1540.);
#5480= IFCSHAPEREPRESENTATION(#12,'Body','SweptSolid',(#5479));
#5481= IFCSTYLEDITEM(#5479,(#5204),$);
#5482= IFCPRODUCTDEFINITIONSHAPE($,$,(#5480));
#5483= IFCCARTESIANPOINT((-84878.1119519581,-64703.9891793765,2396.26742686212));
#5484= IFCDIRECTION((-0.927183854767708,3.05599798593904E-06,0.374606592906151));
#5485= IFCDIRECTION((3.29600000193088E-06,0.999999999994568,0.));
#5486= IFCAXIS2PLACEMENT3D(#5483,#5484,#5485);
#5487= IFCLOCALPLACEMENT(#3355,#5486);
#5488= IFCBEAM('2CaAo$LCLAd9vWFH6vwbI4',#138,'Drager','L120*10',$,#5487,#5482,'d28');
#5489= IFCBEAMTYPE('0wHeBe7j1AOuXmD9NjNvyb',#5,'L120*10',$,$,$,$,$,$,.NOTDEFINED.);
#5490= IFCPROPERTYSINGLEVALUE('Top elevation',$,IFCLABEL(' +2.433'),$);
#5491= IFCPROPERTYSET('3Nk7eGRzrDTR$YTYB63DQl',#5,'Tekla Common','Common Properties to Shared building elements',(#1496,#5229,#5490,#1499,#1500,#1501,#5230));
#5492= IFCPROPERTYSINGLEVALUE('Weight',$,IFCMASSMEASURE(28.04),$);
#5493= IFCPROPERTYSINGLEVALUE('Area per tons',$,IFCAREAMEASURE(25.754),$);
#5494= IFCPROPERTYSINGLEVALUE('Net surface area',$,IFCAREAMEASURE(0.726),$);
#5495= IFCPROPERTYSINGLEVALUE('Length',$,IFCLENGTHMEASURE(1540.),$);
#5496= IFCPROPERTYSET('3hbqsZxk5CSuwOzO_9ZJM1',#5,'Tekla Quantity','Quantity Properties to Shared building elements',(#5492,#5318,#2260,#5493,#5494,#2293,#5236,#5495));
#5497= IFCPROPERTYSINGLEVALUE('Reference',$,IFCIDENTIFIER('d28'),$);
#5498= IFCPROPERTYSET('3AKS6IYXrE_wFLfmSmKBFB',#5,'Pset_BeamCommon','Common Properties to beam elements',(#1513,#5497));
#5499= IFCQUANTITYLENGTH('Length',$,$,1540.);
#5500= IFCQUANTITYAREA('OuterSurfaceArea',$,$,0.722260018018);
#5501= IFCQUANTITYVOLUME('NetVolume',$,$,0.00357253280989266);
#5502= IFCQUANTITYWEIGHT('NetWeight',$,$,28.0443825576574);
#5503= IFCELEMENTQUANTITY('1CCZkMjqTE5wduFLUc_FSP',#5,'BaseQuantities',$,$,(#5499,#5500,#5501,#5502));
#5504= IFCSHAPEREPRESENTATION(#12,'Body','SweptSolid',(#5479));
#5505= IFCPRODUCTDEFINITIONSHAPE($,$,(#5504));
#5506= IFCCARTESIANPOINT((-90121.8997672475,-63163.9924370566,2396.25742686205));
#5507= IFCDIRECTION((0.927183854772038,-2.68883304670453E-08,0.374606592907898));
#5508= IFCAXIS2PLACEMENT3D(#5506,#5507,#127);
#5509= IFCLOCALPLACEMENT(#3381,#5508);
#5510= IFCBEAM('0ciwhBUaL9XOdIE5H0Gfnq',#138,'Drager','L120*10',$,#5509,#5505,'d28');
#5511= IFCSHAPEREPRESENTATION(#12,'Body','SweptSolid',(#5309));
#5512= IFCPRODUCTDEFINITIONSHAPE($,$,(#5511));
#5513= IFCCARTESIANPOINT((-89950.0018233061,-63034.0020555854,2329.99995231516));
#5514= IFCAXIS2PLACEMENT3D(#5513,#9,#127);
#5515= IFCLOCALPLACEMENT(#313,#5514);
#5516= IFCBEAM('2UYHeVEV96EQk5sCaTm$Wj',#45,'Drager','RHS100X100X6',$,#5515,#5512,'d35');
#5517= IFCPROPERTYSINGLEVALUE('Bottom elevation',$,IFCLABEL(' +2.280'),$);
#5518= IFCPROPERTYSINGLEVALUE('Top elevation',$,IFCLABEL(' +2.380'),$);
#5519= IFCPROPERTYSET('24Tc59esP5BQhZS5sX06bW',#5,'Tekla Common','Common Properties to Shared building elements',(#1496,#5517,#5518,#1499,#1500,#1501,#2105));
#5520= IFCPROPERTYSINGLEVALUE('Reference',$,IFCIDENTIFIER('d35'),$);
#5521= IFCPROPERTYSET('0F425zniH9IwwV72hBIVmn',#5,'Pset_BeamCommon','Common Properties to beam elements',(#1513,#5520));
#5522= IFCSHAPEREPRESENTATION(#12,'Body','SweptSolid',(#5309));
#5523= IFCPRODUCTDEFINITIONSHAPE($,$,(#5522));
#5524= IFCCARTESIANPOINT((-85050.0018233061,-63034.0020555854,2329.99995231516));
#5525= IFCAXIS2PLACEMENT3D(#5524,#9,#127);
#5526= IFCLOCALPLACEMENT(#327,#5525);
#5527= IFCBEAM('2wukm44tn43RShLKbRs30J',#45,'Drager','RHS100X100X6',$,#5526,#5523,'d34');
#5528= IFCPROPERTYSINGLEVALUE('Reference',$,IFCIDENTIFIER('d34'),$);
#5529= IFCPROPERTYSET('17fSY6MoX43OonNEy9SbdZ',#5,'Pset_BeamCommon','Common Properties to beam elements',(#1513,#5528));
#5530= IFCCARTESIANPOINT((1600.99999999999,0.,0.));
#5531= IFCAXIS2PLACEMENT3D(#5530,#155,#127);
#5532= IFCEXTRUDEDAREASOLID(#2081,#5531,#9,1601.);
#5533= IFCCARTESIANPOINT((1589.99798534562,0.,50.));
#5534= IFCAXIS2PLACEMENT3D(#5533,#155,#127);
#5535= IFCPLANE(#5534);
#5536= IFCHALFSPACESOLID(#5535,.T.);
#5537= IFCBOOLEANCLIPPINGRESULT(.DIFFERENCE.,#5532,#5536);
#5538= IFCCARTESIANPOINT((9.99798534561705,0.,50.));
#5539= IFCAXIS2PLACEMENT3D(#5538,#7,#8);
#5540= IFCPLANE(#5539);
#5541= IFCHALFSPACESOLID(#5540,.T.);
#5542= IFCBOOLEANCLIPPINGRESULT(.DIFFERENCE.,#5537,#5541);
#5543= IFCSHAPEREPRESENTATION(#12,'Body','Clipping',(#5542));
#5544= IFCSTYLEDITEM(#5532,(#2080),$);
#5545= IFCPRODUCTDEFINITIONSHAPE($,$,(#5543));
#5546= IFCCARTESIANPOINT((-87500.0018233061,-63134.0020555854,3320.69995231516));
#5547= IFCAXIS2PLACEMENT3D(#5546,#9,#127);
#5548= IFCLOCALPLACEMENT(#388,#5547);
#5549= IFCBEAM('3G9iImDbX57eM8kRSthVyN',#45,'Drager','RHS100X100X6',$,#5548,#5545,'d36');
#5550= IFCPROPERTYSINGLEVALUE('Bottom elevation',$,IFCLABEL(' +3.271'),$);
#5551= IFCPROPERTYSINGLEVALUE('Top elevation',$,IFCLABEL(' +3.371'),$);
#5552= IFCPROPERTYSET('2AwGLtZHjCKOHH_aOL9fqS',#5,'Tekla Common','Common Properties to Shared building elements',(#1496,#5550,#5551,#1499,#1500,#1501,#2105));
#5553= IFCPROPERTYSINGLEVALUE('Weight',$,IFCMASSMEASURE(26.72),$);
#5554= IFCPROPERTYSINGLEVALUE('Volume',$,IFCVOLUMEMEASURE(0.003),$);
#5555= IFCPROPERTYSINGLEVALUE('Gross footprint area',$,IFCAREAMEASURE(0.158),$);
#5556= IFCPROPERTYSINGLEVALUE('Area per tons',$,IFCAREAMEASURE(22.74),$);
#5557= IFCPROPERTYSINGLEVALUE('Net surface area',$,IFCAREAMEASURE(0.608),$);
#5558= IFCPROPERTYSINGLEVALUE('Length',$,IFCLENGTHMEASURE(1580.),$);
#5559= IFCPROPERTYSET('1ROI1H_9H2GxM_Ezd5Kh6u',#5,'Tekla Quantity','Quantity Properties to Shared building elements',(#5553,#5554,#5555,#5556,#5557,#2112,#2113,#5558));
#5560= IFCPROPERTYSINGLEVALUE('Reference',$,IFCIDENTIFIER('d36'),$);
#5561= IFCPROPERTYSET('21hGrpqtXDgu5NigNdGLZH',#5,'Pset_BeamCommon','Common Properties to beam elements',(#1513,#5560));
#5562= IFCQUANTITYLENGTH('Length',$,$,1580.);
#5563= IFCQUANTITYAREA('OuterSurfaceArea',$,$,0.607711211293386);
#5564= IFCQUANTITYVOLUME('NetVolume',$,$,0.00340432880719023);
#5565= IFCQUANTITYWEIGHT('NetWeight',$,$,26.7239811364433);
#5566= IFCELEMENTQUANTITY('0OPss42V9CXwPf_wGq03Bi',#5,'BaseQuantities',$,$,(#5562,#5563,#5564,#5565));
#5567= IFCCARTESIANPOINT((4900.,0.,0.));
#5568= IFCAXIS2PLACEMENT3D(#5567,#155,#127);
#5569= IFCEXTRUDEDAREASOLID(#2081,#5568,#9,4900.);
#5570= IFCCARTESIANPOINT((4839.99976772068,50.,0.));
#5571= IFCAXIS2PLACEMENT3D(#5570,#155,#9);
#5572= IFCPLANE(#5571);
#5573= IFCHALFSPACESOLID(#5572,.T.);
#5574= IFCBOOLEANCLIPPINGRESULT(.DIFFERENCE.,#5569,#5573);
#5575= IFCCARTESIANPOINT((59.9997677206848,50.,0.));
#5576= IFCAXIS2PLACEMENT3D(#5575,#7,#85);
#5577= IFCPLANE(#5576);
#5578= IFCHALFSPACESOLID(#5577,.T.);
#5579= IFCBOOLEANCLIPPINGRESULT(.DIFFERENCE.,#5574,#5578);
#5580= IFCSHAPEREPRESENTATION(#12,'Body','Clipping',(#5579));
#5581= IFCSTYLEDITEM(#5569,(#2080),$);
#5582= IFCPRODUCTDEFINITIONSHAPE($,$,(#5580));
#5583= IFCCARTESIANPOINT((-85050.0020555854,-64783.9981766939,2329.99995231516));
#5584= IFCAXIS2PLACEMENT3D(#5583,#9,#155);
#5585= IFCLOCALPLACEMENT(#265,#5584);
#5586= IFCBEAM('1n7v6id41DyvXZyts6Dywg',#45,'Drager','RHS100X100X6',$,#5585,#5582,'d32');
#5587= IFCPROPERTYSINGLEVALUE('Weight',$,IFCMASSMEASURE(80.85),$);
#5588= IFCPROPERTYSINGLEVALUE('Volume',$,IFCVOLUMEMEASURE(0.01),$);
#5589= IFCPROPERTYSINGLEVALUE('Gross footprint area',$,IFCAREAMEASURE(0.478),$);
#5590= IFCPROPERTYSINGLEVALUE('Area per tons',$,IFCAREAMEASURE(22.683),$);
#5591= IFCPROPERTYSINGLEVALUE('Net surface area',$,IFCAREAMEASURE(1.834),$);
#5592= IFCPROPERTYSINGLEVALUE('Length',$,IFCLENGTHMEASURE(4780.),$);
#5593= IFCPROPERTYSET('0AckMtCPHEbeGxR3oANQ7n',#5,'Tekla Quantity','Quantity Properties to Shared building elements',(#5587,#5588,#5589,#5590,#5591,#2112,#2113,#5592));
#5594= IFCPROPERTYSINGLEVALUE('Reference',$,IFCIDENTIFIER('d32'),$);
#5595= IFCPROPERTYSET('0lMYaNv_54RAJgvZWdz5T$',#5,'Pset_BeamCommon','Common Properties to beam elements',(#1513,#5594));
#5596= IFCQUANTITYLENGTH('Length',$,$,4780.);
#5597= IFCQUANTITYAREA('OuterSurfaceArea',$,$,1.83387636104877);
#5598= IFCQUANTITYVOLUME('NetVolume',$,$,0.0102991719609932);
#5599= IFCQUANTITYWEIGHT('NetWeight',$,$,80.8484998937969);
#5600= IFCELEMENTQUANTITY('0b8Bv3SJTBUuscOY9VGG9P',#5,'BaseQuantities',$,$,(#5596,#5597,#5598,#5599));
#5601= IFCCARTESIANPOINT((4800.,0.,0.));
#5602= IFCAXIS2PLACEMENT3D(#5601,#155,#127);
#5603= IFCEXTRUDEDAREASOLID(#2081,#5602,#9,4800.);
#5604= IFCCARTESIANPOINT((4789.99976772068,-50.,0.));
#5605= IFCAXIS2PLACEMENT3D(#5604,#155,#85);
#5606= IFCPLANE(#5605);
#5607= IFCHALFSPACESOLID(#5606,.T.);
#5608= IFCBOOLEANCLIPPINGRESULT(.DIFFERENCE.,#5603,#5607);
#5609= IFCCARTESIANPOINT((9.99976772068476,-50.,0.));
#5610= IFCAXIS2PLACEMENT3D(#5609,#7,#9);
#5611= IFCPLANE(#5610);
#5612= IFCHALFSPACESOLID(#5611,.T.);
#5613= IFCBOOLEANCLIPPINGRESULT(.DIFFERENCE.,#5608,#5612);
#5614= IFCSHAPEREPRESENTATION(#12,'Body','Clipping',(#5613));
#5615= IFCSTYLEDITEM(#5603,(#2080),$);
#5616= IFCPRODUCTDEFINITIONSHAPE($,$,(#5614));
#5617= IFCCARTESIANPOINT((-85100.0020555854,-63083.9981766939,2329.99995231516));
#5618= IFCAXIS2PLACEMENT3D(#5617,#9,#155);
#5619= IFCLOCALPLACEMENT(#287,#5618);
#5620= IFCBEAM('3_OlY2_WnBGQWEnu63HPSn',#45,'Drager','RHS100X100X6',$,#5619,#5616,'d33');
#5621= IFCPROPERTYSINGLEVALUE('Reference',$,IFCIDENTIFIER('d33'),$);
#5622= IFCPROPERTYSET('2s0kKRsNj5nePsI9QZ2cH8',#5,'Pset_BeamCommon','Common Properties to beam elements',(#1513,#5621));
#5623= IFCQUANTITYVOLUME('NetVolume',$,$,0.0102991719609932);
#5624= IFCQUANTITYWEIGHT('NetWeight',$,$,80.8484998937969);
#5625= IFCELEMENTQUANTITY('1V0z4lTN15Rgi1yuOdAMLp',#5,'BaseQuantities',$,$,(#5596,#5597,#5623,#5624));
#5626= IFCCARTESIANPOINT((0.,0.,1116.08));
#5627= IFCAXIS2PLACEMENT3D(#5626,#85,#8);
#5628= IFCEXTRUDEDAREASOLID(#2081,#5627,#9,1116.08);
#5629= IFCCARTESIANPOINT((-50.,0.,1111.08));
#5630= IFCAXIS2PLACEMENT3D(#5629,#85,#127);
#5631= IFCPLANE(#5630);
#5632= IFCHALFSPACESOLID(#5631,.T.);
#5633= IFCBOOLEANCLIPPINGRESULT(.DIFFERENCE.,#5628,#5632);
#5634= IFCCARTESIANPOINT((0.,-50.,9.99995231516368));
#5635= IFCAXIS2PLACEMENT3D(#5634,#9,#155);
#5636= IFCPLANE(#5635);
#5637= IFCHALFSPACESOLID(#5636,.T.);
#5638= IFCBOOLEANCLIPPINGRESULT(.DIFFERENCE.,#5633,#5637);
#5639= IFCSHAPEREPRESENTATION(#12,'Body','Clipping',(#5638));
#5640= IFCSTYLEDITEM(#5628,(#2080),$);
#5641= IFCPRODUCTDEFINITIONSHAPE($,$,(#5639));
#5642= IFCCARTESIANPOINT((-87499.9987494481,-64784.000040931,2380.));
#5643= IFCAXIS2PLACEMENT3D(#5642,#9,#8);
#5644= IFCLOCALPLACEMENT(#379,#5643);
#5645= IFCCOLUMN('3ZZS2fBT14NPa2a4MoKLXn',#45,'S\S\xjle','RHS100X100X6',$,#5644,#5641,'s50');
#5646= IFCPROPERTYSINGLEVALUE('Bottom elevation',$,IFCLABEL(' +2.390'),$);
#5647= IFCPROPERTYSINGLEVALUE('Top elevation',$,IFCLABEL(' +3.491'),$);
#5648= IFCPROPERTYSET('27x$bQ9RfATfbGGhMXBMKD',#5,'Tekla Common','Common Properties to Shared building elements',(#1496,#5646,#5647,#1499,#1500,#1501,#2105));
#5649= IFCPROPERTYSINGLEVALUE('Weight',$,IFCMASSMEASURE(18.62),$);
#5650= IFCPROPERTYSINGLEVALUE('Volume',$,IFCVOLUMEMEASURE(0.002),$);
#5651= IFCPROPERTYSINGLEVALUE('Area per tons',$,IFCAREAMEASURE(22.778),$);
#5652= IFCPROPERTYSINGLEVALUE('Net surface area',$,IFCAREAMEASURE(0.424),$);
#5653= IFCPROPERTYSINGLEVALUE('Length',$,IFCLENGTHMEASURE(1101.1),$);
#5654= IFCPROPERTYSET('26QMUlYvj56gwmybsuAEs3',#5,'Tekla Quantity','Quantity Properties to Shared building elements',(#5649,#5650,#2329,#5651,#5652,#2112,#2113,#5653));
#5655= IFCPROPERTYSINGLEVALUE('Reference',$,IFCIDENTIFIER('s50'),$);
#5656= IFCPROPERTYSET('3HqVINMhb2UQ3u3DeT6ULj',#5,'Pset_ColumnCommon','Common Properties to column elements',(#1513,#5655));
#5657= IFCQUANTITYLENGTH('Length',$,$,1101.08004768484);
#5658= IFCQUANTITYAREA('OuterSurfaceArea',$,$,0.424200287839834);
#5659= IFCQUANTITYVOLUME('NetVolume',$,$,0.00237242944642778);
#5660= IFCQUANTITYWEIGHT('NetWeight',$,$,18.6235711544581);
#5661= IFCELEMENTQUANTITY('0unbZKl0LDWASUR_onGJDq',#5,'BaseQuantities',$,$,(#5657,#5658,#5659,#5660));
#5662= IFCCARTESIANPOINT((0.,0.,1111.08));
#5663= IFCAXIS2PLACEMENT3D(#5662,#85,#8);
#5664= IFCEXTRUDEDAREASOLID(#2081,#5663,#9,1111.08);
#5665= IFCPLANE(#5630);
#5666= IFCHALFSPACESOLID(#5665,.T.);
#5667= IFCBOOLEANCLIPPINGRESULT(.DIFFERENCE.,#5664,#5666);
#5668= IFCPLANE(#5635);
#5669= IFCHALFSPACESOLID(#5668,.T.);
#5670= IFCBOOLEANCLIPPINGRESULT(.DIFFERENCE.,#5667,#5669);
#5671= IFCSHAPEREPRESENTATION(#12,'Body','Clipping',(#5670));
#5672= IFCSTYLEDITEM(#5664,(#2080),$);
#5673= IFCPRODUCTDEFINITIONSHAPE($,$,(#5671));
#5674= IFCCARTESIANPOINT((-87499.9987494481,-63084.000040931,2380.));
#5675= IFCAXIS2PLACEMENT3D(#5674,#9,#8);
#5676= IFCLOCALPLACEMENT(#366,#5675);
#5677= IFCCOLUMN('0RRBKjjmTBwRZUuVWGCQE7',#45,'S\S\xjle','RHS100X100X6',$,#5676,#5673,'s50');
#5678= IFCQUANTITYLENGTH('Length',$,$,1101.08004768484);
#5679= IFCQUANTITYAREA('OuterSurfaceArea',$,$,0.424200287839834);
#5680= IFCQUANTITYVOLUME('NetVolume',$,$,0.00237242944642777);
#5681= IFCQUANTITYWEIGHT('NetWeight',$,$,18.623571154458);
#5682= IFCELEMENTQUANTITY('0q_pKpJnb3OwdSEjt8nUe$',#5,'BaseQuantities',$,$,(#5678,#5679,#5680,#5681));
#5683= IFCCARTESIANPOINT((0.,0.,2280.));
#5684= IFCAXIS2PLACEMENT3D(#5683,#85,#8);
#5685= IFCEXTRUDEDAREASOLID(#2081,#5684,#9,2280.);
#5686= IFCCARTESIANPOINT((-50.,0.,2269.99995231516));
#5687= IFCAXIS2PLACEMENT3D(#5686,#85,#127);
#5688= IFCPLANE(#5687);
#5689= IFCHALFSPACESOLID(#5688,.T.);
#5690= IFCBOOLEANCLIPPINGRESULT(.DIFFERENCE.,#5685,#5689);
#5691= IFCPLANE(#5635);
#5692= IFCHALFSPACESOLID(#5691,.T.);
#5693= IFCBOOLEANCLIPPINGRESULT(.DIFFERENCE.,#5690,#5692);
#5694= IFCSHAPEREPRESENTATION(#12,'Body','Clipping',(#5693));
#5695= IFCSTYLEDITEM(#5685,(#2080),$);
#5696= IFCPRODUCTDEFINITIONSHAPE($,$,(#5694));
#5697= IFCCARTESIANPOINT((-89949.9987494481,-64629.000040931,0.));
#5698= IFCAXIS2PLACEMENT3D(#5697,#9,#8);
#5699= IFCLOCALPLACEMENT(#439,#5698);
#5700= IFCCOLUMN('1FqL1emY55vBFxlrYMUoBK',#45,'S\S\xjle','RHS100X100X6',$,#5699,#5696,'s48');
#5701= IFCPROPERTYSINGLEVALUE('Top elevation',$,IFCLABEL(' +2.270'),$);
#5702= IFCPROPERTYSET('3d__jBeZPCMv3TaSs68I$B',#5,'Tekla Common','Common Properties to Shared building elements',(#1496,#5375,#5701,#1499,#1500,#1501,#2105));
#5703= IFCPROPERTYSINGLEVALUE('Net surface area',$,IFCAREAMEASURE(0.868),$);
#5704= IFCPROPERTYSINGLEVALUE('Length',$,IFCLENGTHMEASURE(2260.),$);
#5705= IFCPROPERTYSET('0c7woKEDb6t9Gzy_75WBsO',#5,'Tekla Quantity','Quantity Properties to Shared building elements',(#5424,#2108,#2329,#5425,#5703,#2112,#2113,#5704));
#5706= IFCPROPERTYSINGLEVALUE('Reference',$,IFCIDENTIFIER('s48'),$);
#5707= IFCPROPERTYSET('3WQgSDvuXE6BERObzk80js',#5,'Pset_ColumnCommon','Common Properties to column elements',(#1513,#5706));
#5708= IFCQUANTITYLENGTH('Length',$,$,2259.99995231516);
#5709= IFCQUANTITYAREA('OuterSurfaceArea',$,$,0.868271287344691);
#5710= IFCQUANTITYVOLUME('NetVolume',$,$,0.00486948287462977);
#5711= IFCQUANTITYWEIGHT('NetWeight',$,$,38.2254405658437);
#5712= IFCELEMENTQUANTITY('0g0h659B18ZvX$zihgWPQ1',#5,'BaseQuantities',$,$,(#5708,#5709,#5710,#5711));
#5713= IFCPLANE(#5687);
#5714= IFCHALFSPACESOLID(#5713,.T.);
#5715= IFCBOOLEANCLIPPINGRESULT(.DIFFERENCE.,#5685,#5714);
#5716= IFCPLANE(#5635);
#5717= IFCHALFSPACESOLID(#5716,.T.);
#5718= IFCBOOLEANCLIPPINGRESULT(.DIFFERENCE.,#5715,#5717);
#5719= IFCSHAPEREPRESENTATION(#12,'Body','Clipping',(#5718));
#5720= IFCPRODUCTDEFINITIONSHAPE($,$,(#5719));
#5721= IFCCARTESIANPOINT((-89949.9987494481,-63294.000040931,0.));
#5722= IFCAXIS2PLACEMENT3D(#5721,#9,#8);
#5723= IFCLOCALPLACEMENT(#450,#5722);
#5724= IFCCOLUMN('1Xgh7RySb5ovqZPHn2carH',#45,'S\S\xjle','RHS100X100X6',$,#5723,#5720,'s49');
#5725= IFCPLANE(#5687);
#5726= IFCHALFSPACESOLID(#5725,.T.);
#5727= IFCBOOLEANCLIPPINGRESULT(.DIFFERENCE.,#5685,#5726);
#5728= IFCPLANE(#5635);
#5729= IFCHALFSPACESOLID(#5728,.T.);
#5730= IFCBOOLEANCLIPPINGRESULT(.DIFFERENCE.,#5727,#5729);
#5731= IFCSHAPEREPRESENTATION(#12,'Body','Clipping',(#5730));
#5732= IFCPRODUCTDEFINITIONSHAPE($,$,(#5731));
#5733= IFCCARTESIANPOINT((-85049.9987494481,-64629.000040931,0.));
#5734= IFCAXIS2PLACEMENT3D(#5733,#9,#8);
#5735= IFCLOCALPLACEMENT(#425,#5734);
#5736= IFCCOLUMN('3kjRhZoPz7yfpfesXiRmL5',#45,'S\S\xjle','RHS100X100X6',$,#5735,#5732,'s45');
#5737= IFCPROPERTYSINGLEVALUE('Reference',$,IFCIDENTIFIER('s45'),$);
#5738= IFCPROPERTYSET('0_J6gulnLFDhSnkAAnrYsP',#5,'Pset_ColumnCommon','Common Properties to column elements',(#1513,#5737));
#5739= IFCPLANE(#5687);
#5740= IFCHALFSPACESOLID(#5739,.T.);
#5741= IFCBOOLEANCLIPPINGRESULT(.DIFFERENCE.,#5685,#5740);
#5742= IFCPLANE(#5635);
#5743= IFCHALFSPACESOLID(#5742,.T.);
#5744= IFCBOOLEANCLIPPINGRESULT(.DIFFERENCE.,#5741,#5743);
#5745= IFCSHAPEREPRESENTATION(#12,'Body','Clipping',(#5744));
#5746= IFCPRODUCTDEFINITIONSHAPE($,$,(#5745));
#5747= IFCCARTESIANPOINT((-85049.9987494481,-63294.000040931,0.));
#5748= IFCAXIS2PLACEMENT3D(#5747,#9,#8);
#5749= IFCLOCALPLACEMENT(#460,#5748);
#5750= IFCCOLUMN('3cmL9l1PX1OwkUHqUq2PEg',#45,'S\S\xjle','RHS100X100X6',$,#5749,#5746,'s49');
#5751= IFCSHAPEREPRESENTATION(#12,'Body','SweptSolid',(#5309));
#5752= IFCPRODUCTDEFINITIONSHAPE($,$,(#5751));
#5753= IFCCARTESIANPOINT((-27760.0018233061,-63033.9920555854,3344.99995231516));
#5754= IFCAXIS2PLACEMENT3D(#5753,#9,#127);
#5755= IFCLOCALPLACEMENT(#631,#5754);
#5756= IFCBEAM('3X3OGi8qX1Whp6gSSVadPs',#45,'Drager','RHS100X100X6',$,#5755,#5752,'d40');
#5757= IFCSHAPEREPRESENTATION(#12,'Body','SweptSolid',(#5309));
#5758= IFCPRODUCTDEFINITIONSHAPE($,$,(#5757));
#5759= IFCCARTESIANPOINT((-25250.0018233061,-63033.9920555854,2330.99995231516));
#5760= IFCAXIS2PLACEMENT3D(#5759,#9,#127);
#5761= IFCLOCALPLACEMENT(#621,#5760);
#5762= IFCBEAM('38BoV0L1z5UBCFmk5eYfy9',#45,'Drager','RHS100X100X6',$,#5761,#5758,'d39');
#5763= IFCPLANE(#2149);
#5764= IFCHALFSPACESOLID(#5763,.T.);
#5765= IFCBOOLEANCLIPPINGRESULT(.DIFFERENCE.,#2084,#5764);
#5766= IFCPLANE(#2154);
#5767= IFCHALFSPACESOLID(#5766,.T.);
#5768= IFCBOOLEANCLIPPINGRESULT(.DIFFERENCE.,#5765,#5767);
#5769= IFCSHAPEREPRESENTATION(#12,'Body','Clipping',(#5768));
#5770= IFCPRODUCTDEFINITIONSHAPE($,$,(#5769));
#5771= IFCCARTESIANPOINT((-25300.0020555854,-63283.9981766939,2330.99995231516));
#5772= IFCAXIS2PLACEMENT3D(#5771,#9,#155);
#5773= IFCLOCALPLACEMENT(#738,#5772);
#5774= IFCBEAM('1c0TN5gu9EKgJeYWAP4jzL',#45,'Drager','RHS100X100X6',$,#5773,#5770,'d38');
#5775= IFCCARTESIANPOINT((0.,0.,3295.));
#5776= IFCAXIS2PLACEMENT3D(#5775,#85,#8);
#5777= IFCEXTRUDEDAREASOLID(#2081,#5776,#9,3295.);
#5778= IFCCARTESIANPOINT((-50.,0.,3284.99995231516));
#5779= IFCAXIS2PLACEMENT3D(#5778,#85,#127);
#5780= IFCPLANE(#5779);
#5781= IFCHALFSPACESOLID(#5780,.T.);
#5782= IFCBOOLEANCLIPPINGRESULT(.DIFFERENCE.,#5777,#5781);
#5783= IFCPLANE(#5635);
#5784= IFCHALFSPACESOLID(#5783,.T.);
#5785= IFCBOOLEANCLIPPINGRESULT(.DIFFERENCE.,#5782,#5784);
#5786= IFCSHAPEREPRESENTATION(#12,'Body','Clipping',(#5785));
#5787= IFCSTYLEDITEM(#5777,(#2080),$);
#5788= IFCPRODUCTDEFINITIONSHAPE($,$,(#5786));
#5789= IFCCARTESIANPOINT((-27759.9987494481,-64629.000040931,0.));
#5790= IFCAXIS2PLACEMENT3D(#5789,#9,#8);
#5791= IFCLOCALPLACEMENT(#674,#5790);
#5792= IFCCOLUMN('2OMfGbwcrE5h1Nm6z6D1st',#45,'S\S\xjle','RHS100X100X6',$,#5791,#5788,'s51');
#5793= IFCPROPERTYSINGLEVALUE('Reference',$,IFCIDENTIFIER('s51'),$);
#5794= IFCPROPERTYSET('04JGVpKy569vzxRzNlPnlD',#5,'Pset_ColumnCommon','Common Properties to column elements',(#1513,#5793));
#5795= IFCQUANTITYLENGTH('Length',$,$,3274.99995231516);
#5796= IFCQUANTITYAREA('OuterSurfaceArea',$,$,1.25719554578273);
#5797= IFCQUANTITYVOLUME('NetVolume',$,$,0.00705644093747668);
#5798= IFCQUANTITYWEIGHT('NetWeight',$,$,55.393061359192);
#5799= IFCELEMENTQUANTITY('00lGzKPYTBOBWXEG9Sa0$o',#5,'BaseQuantities',$,$,(#5795,#5796,#5797,#5798));
#5800= IFCPLANE(#5779);
#5801= IFCHALFSPACESOLID(#5800,.T.);
#5802= IFCBOOLEANCLIPPINGRESULT(.DIFFERENCE.,#5777,#5801);
#5803= IFCPLANE(#5635);
#5804= IFCHALFSPACESOLID(#5803,.T.);
#5805= IFCBOOLEANCLIPPINGRESULT(.DIFFERENCE.,#5802,#5804);
#5806= IFCSHAPEREPRESENTATION(#12,'Body','Clipping',(#5805));
#5807= IFCPRODUCTDEFINITIONSHAPE($,$,(#5806));
#5808= IFCCARTESIANPOINT((-27759.9987494481,-63284.000040931,0.));
#5809= IFCAXIS2PLACEMENT3D(#5808,#9,#8);
#5810= IFCLOCALPLACEMENT(#688,#5809);
#5811= IFCCOLUMN('1NVo8PDnn6UQjXOZmHkk2s',#45,'S\S\xjle','RHS100X100X6',$,#5810,#5807,'s52');
#5812= IFCCARTESIANPOINT((0.,0.,2281.));
#5813= IFCAXIS2PLACEMENT3D(#5812,#85,#8);
#5814= IFCEXTRUDEDAREASOLID(#2081,#5813,#9,2281.);
#5815= IFCCARTESIANPOINT((-50.,0.,2270.99995231516));
#5816= IFCAXIS2PLACEMENT3D(#5815,#85,#127);
#5817= IFCPLANE(#5816);
#5818= IFCHALFSPACESOLID(#5817,.T.);
#5819= IFCBOOLEANCLIPPINGRESULT(.DIFFERENCE.,#5814,#5818);
#5820= IFCPLANE(#5635);
#5821= IFCHALFSPACESOLID(#5820,.T.);
#5822= IFCBOOLEANCLIPPINGRESULT(.DIFFERENCE.,#5819,#5821);
#5823= IFCSHAPEREPRESENTATION(#12,'Body','Clipping',(#5822));
#5824= IFCSTYLEDITEM(#5814,(#2080),$);
#5825= IFCPRODUCTDEFINITIONSHAPE($,$,(#5823));
#5826= IFCCARTESIANPOINT((-25249.9987494481,-64629.000040931,0.));
#5827= IFCAXIS2PLACEMENT3D(#5826,#9,#8);
#5828= IFCLOCALPLACEMENT(#662,#5827);
#5829= IFCCOLUMN('2ZKBSwuLj93eaNPx7fYAeU',#45,'S\S\xjle','RHS100X100X6',$,#5828,#5825,'s47');
#5830= IFCPROPERTYSINGLEVALUE('Length',$,IFCLENGTHMEASURE(2261.),$);
#5831= IFCPROPERTYSET('20CmvBGKr6aBC2SnmJxDUA',#5,'Tekla Quantity','Quantity Properties to Shared building elements',(#5424,#2108,#2329,#5425,#5426,#2112,#2113,#5830));
#5832= IFCQUANTITYLENGTH('Length',$,$,2260.99995231516);
#5833= IFCQUANTITYAREA('OuterSurfaceArea',$,$,0.86865446395399);
#5834= IFCQUANTITYVOLUME('NetVolume',$,$,0.00487163751311535);
#5835= IFCQUANTITYWEIGHT('NetWeight',$,$,38.2423544779555);
#5836= IFCELEMENTQUANTITY('3iBz83FVz97go$ReBdmNRA',#5,'BaseQuantities',$,$,(#5832,#5833,#5834,#5835));
#5837= IFCPLANE(#5816);
#5838= IFCHALFSPACESOLID(#5837,.T.);
#5839= IFCBOOLEANCLIPPINGRESULT(.DIFFERENCE.,#5814,#5838);
#5840= IFCPLANE(#5635);
#5841= IFCHALFSPACESOLID(#5840,.T.);
#5842= IFCBOOLEANCLIPPINGRESULT(.DIFFERENCE.,#5839,#5841);
#5843= IFCSHAPEREPRESENTATION(#12,'Body','Clipping',(#5842));
#5844= IFCPRODUCTDEFINITIONSHAPE($,$,(#5843));
#5845= IFCCARTESIANPOINT((-25249.9987494481,-63284.000040931,0.));
#5846= IFCAXIS2PLACEMENT3D(#5845,#9,#8);
#5847= IFCLOCALPLACEMENT(#653,#5846);
#5848= IFCCOLUMN('2R5Yw15uHDeRgdBEmy4DIl',#45,'S\S\xjle','RHS100X100X6',$,#5847,#5844,'s49');
#5849= IFCCARTESIANPOINT((2947.98804191585,-3.96527122713717E-12,7.27595762489005E-12));
#5850= IFCAXIS2PLACEMENT3D(#5849,#155,#127);
#5851= IFCEXTRUDEDAREASOLID(#5205,#5850,#9,2956.28);
#5852= IFCCARTESIANPOINT((2881.40563253713,5.81712811253965E-09,-59.9999999999272));
#5853= IFCAXIS2PLACEMENT3D(#5852,#155,#8);
#5854= IFCPLANE(#5853);
#5855= IFCHALFSPACESOLID(#5854,.T.);
#5856= IFCBOOLEANCLIPPINGRESULT(.DIFFERENCE.,#5851,#5855);
#5857= IFCCARTESIANPOINT((81.0184999799676,56.2538093392177,4.19095158576965E-09));
#5858= IFCAXIS2PLACEMENT3D(#5857,#5214,#85);
#5859= IFCPLANE(#5858);
#5860= IFCHALFSPACESOLID(#5859,.T.);
#5861= IFCBOOLEANCLIPPINGRESULT(.DIFFERENCE.,#5856,#5860);
#5862= IFCSHAPEREPRESENTATION(#12,'Body','Clipping',(#5861));
#5863= IFCSTYLEDITEM(#5851,(#5204),$);
#5864= IFCPRODUCTDEFINITIONSHAPE($,$,(#5862));
#5865= IFCCARTESIANPOINT((-62505.9538621463,-63094.0040981036,3453.21164553424));
#5866= IFCAXIS2PLACEMENT3D(#5865,#127,#5224);
#5867= IFCLOCALPLACEMENT(#4664,#5866);
#5868= IFCMEMBER('3SIdVZwB17BP3CrPmoRY02',#138,'Drager','L120*10',$,#5867,#5864,'d27');
#5869= IFCQUANTITYLENGTH('Length',$,$,2847.35853792625);
#5870= IFCQUANTITYAREA('OuterSurfaceArea',$,$,1.33541118760151);
#5871= IFCQUANTITYAREA('GrossSurfaceArea',$,$,1.32289178876606);
#5872= IFCQUANTITYVOLUME('NetVolume',$,$,0.00652391504772282);
#5873= IFCQUANTITYVOLUME('GrossVolume',$,$,0.00652391504772282);
#5874= IFCQUANTITYWEIGHT('NetWeight',$,$,51.2127331246241);
#5875= IFCQUANTITYWEIGHT('GrossWeight',$,$,51.2127331246241);
#5876= IFCELEMENTQUANTITY('1hvwQW5fr5teIUD3ieffFI',#5,'BaseQuantities',$,$,(#5869,#5870,#5871,#5244,#5872,#5873,#5874,#5875));
#5877= IFCEXTRUDEDAREASOLID(#5205,#5251,#9,2956.27);
#5878= IFCCARTESIANPOINT((2800.37071492246,56.2538093406656,4.19822754338384E-09));
#5879= IFCAXIS2PLACEMENT3D(#5878,#5253,#9);
#5880= IFCPLANE(#5879);
#5881= IFCHALFSPACESOLID(#5880,.T.);
#5882= IFCBOOLEANCLIPPINGRESULT(.DIFFERENCE.,#5877,#5881);
#5883= IFCCARTESIANPOINT((-0.00654319183377083,-2.91038304567337E-11,-59.9999999999782));
#5884= IFCAXIS2PLACEMENT3D(#5883,#7,#127);
#5885= IFCPLANE(#5884);
#5886= IFCHALFSPACESOLID(#5885,.T.);
#5887= IFCBOOLEANCLIPPINGRESULT(.DIFFERENCE.,#5882,#5886);
#5888= IFCSHAPEREPRESENTATION(#12,'Body','Clipping',(#5887));
#5889= IFCSTYLEDITEM(#5877,(#5204),$);
#5890= IFCPRODUCTDEFINITIONSHAPE($,$,(#5888));
#5891= IFCCARTESIANPOINT((-59822.4805983866,-63094.0040179747,2373.78426977784));
#5892= IFCAXIS2PLACEMENT3D(#5891,#127,#3656);
#5893= IFCLOCALPLACEMENT(#4679,#5892);
#5894= IFCMEMBER('0KOsVGWVD7yQ1vfvwJLb3t',#138,'Drager','L120*10',$,#5893,#5890,'d37');
#5895= IFCQUANTITYLENGTH('Length',$,$,2847.34866348319);
#5896= IFCQUANTITYAREA('OuterSurfaceArea',$,$,1.33540655648759);
#5897= IFCQUANTITYAREA('GrossSurfaceArea',$,$,1.3228871618115);
#5898= IFCQUANTITYVOLUME('NetVolume',$,$,0.00652389214072811);
#5899= IFCQUANTITYVOLUME('GrossVolume',$,$,0.00652389214072811);
#5900= IFCQUANTITYWEIGHT('NetWeight',$,$,51.2125533047157);
#5901= IFCQUANTITYWEIGHT('GrossWeight',$,$,51.2125533047157);
#5902= IFCELEMENTQUANTITY('07yFMGSfz1axJ2fWkIlkLH',#5,'BaseQuantities',$,$,(#5895,#5896,#5897,#5244,#5898,#5899,#5900,#5901));
#5903= IFCCARTESIANPOINT((2889.69280426146,-3.31715845855324E-12,-1.04949015587697E-20));
#5904= IFCAXIS2PLACEMENT3D(#5903,#155,#127);
#5905= IFCEXTRUDEDAREASOLID(#5205,#5904,#9,2956.28);
#5906= IFCCARTESIANPOINT((2800.38149979102,56.2538105780113,-1.000000546097));
#5907= IFCAXIS2PLACEMENT3D(#5906,#5253,#5454);
#5908= IFCPLANE(#5907);
#5909= IFCHALFSPACESOLID(#5908,.T.);
#5910= IFCBOOLEANCLIPPINGRESULT(.DIFFERENCE.,#5905,#5909);
#5911= IFCPLANE(#5260);
#5912= IFCHALFSPACESOLID(#5911,.T.);
#5913= IFCBOOLEANCLIPPINGRESULT(.DIFFERENCE.,#5910,#5912);
#5914= IFCSHAPEREPRESENTATION(#12,'Body','Clipping',(#5913));
#5915= IFCSTYLEDITEM(#5905,(#5204),$);
#5916= IFCPRODUCTDEFINITIONSHAPE($,$,(#5914));
#5917= IFCCARTESIANPOINT((-65177.5269005095,-64773.9959820253,2373.78426977784));
#5918= IFCAXIS2PLACEMENT3D(#5917,#8,#3669);
#5919= IFCLOCALPLACEMENT(#4547,#5918);
#5920= IFCMEMBER('0i5_WTS2v9$fjUIddPkbYT',#138,'Drager','L120*10',$,#5919,#5916,'d37');
#5921= IFCQUANTITYLENGTH('Length',$,$,2847.35290569261);
#5922= IFCQUANTITYAREA('OuterSurfaceArea',$,$,1.33540854608386);
#5923= IFCQUANTITYAREA('GrossSurfaceArea',$,$,1.32288914962085);
#5924= IFCQUANTITYVOLUME('NetVolume',$,$,0.00652390198191795);
#5925= IFCQUANTITYVOLUME('GrossVolume',$,$,0.00652390198191795);
#5926= IFCQUANTITYWEIGHT('NetWeight',$,$,51.2126305580559);
#5927= IFCQUANTITYWEIGHT('GrossWeight',$,$,51.2126305580559);
#5928= IFCELEMENTQUANTITY('2mnDXnvKT9Wx$zGGHtYuQc',#5,'BaseQuantities',$,$,(#5921,#5922,#5923,#5244,#5924,#5925,#5926,#5927));
#5929= IFCPLANE(#5534);
#5930= IFCHALFSPACESOLID(#5929,.T.);
#5931= IFCBOOLEANCLIPPINGRESULT(.DIFFERENCE.,#5532,#5930);
#5932= IFCPLANE(#5539);
#5933= IFCHALFSPACESOLID(#5932,.T.);
#5934= IFCBOOLEANCLIPPINGRESULT(.DIFFERENCE.,#5931,#5933);
#5935= IFCSHAPEREPRESENTATION(#12,'Body','Clipping',(#5934));
#5936= IFCPRODUCTDEFINITIONSHAPE($,$,(#5935));
#5937= IFCCARTESIANPOINT((-62500.0018233061,-63134.0020555854,3320.69995231516));
#5938= IFCAXIS2PLACEMENT3D(#5937,#9,#127);
#5939= IFCLOCALPLACEMENT(#409,#5938);
#5940= IFCBEAM('2JHqI9gcH0vhzGFEQ6jnEl',#45,'Drager','RHS100X100X6',$,#5939,#5936,'d36');
#5941= IFCPLANE(#5571);
#5942= IFCHALFSPACESOLID(#5941,.T.);
#5943= IFCBOOLEANCLIPPINGRESULT(.DIFFERENCE.,#5569,#5942);
#5944= IFCPLANE(#5576);
#5945= IFCHALFSPACESOLID(#5944,.T.);
#5946= IFCBOOLEANCLIPPINGRESULT(.DIFFERENCE.,#5943,#5945);
#5947= IFCSHAPEREPRESENTATION(#12,'Body','Clipping',(#5946));
#5948= IFCPRODUCTDEFINITIONSHAPE($,$,(#5947));
#5949= IFCCARTESIANPOINT((-60050.0020555854,-64783.9981766939,2329.99995231516));
#5950= IFCAXIS2PLACEMENT3D(#5949,#9,#155);
#5951= IFCLOCALPLACEMENT(#493,#5950);
#5952= IFCBEAM('0TQM91aBj09hdjTnF5vCfR',#45,'Drager','RHS100X100X6',$,#5951,#5948,'d32');
#5953= IFCCARTESIANPOINT((1799.98999999999,0.,0.));
#5954= IFCAXIS2PLACEMENT3D(#5953,#155,#127);
#5955= IFCEXTRUDEDAREASOLID(#2081,#5954,#9,1799.99);
#5956= IFCSHAPEREPRESENTATION(#12,'Body','SweptSolid',(#5955));
#5957= IFCSTYLEDITEM(#5955,(#2080),$);
#5958= IFCPRODUCTDEFINITIONSHAPE($,$,(#5956));
#5959= IFCCARTESIANPOINT((-64950.0018233061,-63034.0020555854,2329.99995231516));
#5960= IFCAXIS2PLACEMENT3D(#5959,#9,#127);
#5961= IFCLOCALPLACEMENT(#344,#5960);
#5962= IFCBEAM('0EmUIhnAnBOvHMVktJWDzM',#45,'Drager','RHS100X100X6',$,#5961,#5958,'d35');
#5963= IFCQUANTITYLENGTH('Length',$,$,1799.98999999999);
#5964= IFCQUANTITYAREA('OuterSurfaceArea',$,$,0.692006233572972);
#5965= IFCQUANTITYVOLUME('NetVolume',$,$,0.00387832772762931);
#5966= IFCQUANTITYWEIGHT('NetWeight',$,$,30.4448726618901);
#5967= IFCELEMENTQUANTITY('1o8IIMdSLCCwkQ5q$__TMT',#5,'BaseQuantities',$,$,(#5963,#5964,#5965,#5966));
#5968= IFCSHAPEREPRESENTATION(#12,'Body','SweptSolid',(#5309));
#5969= IFCPRODUCTDEFINITIONSHAPE($,$,(#5968));
#5970= IFCCARTESIANPOINT((-60050.0018233061,-63034.0020555854,2329.99995231516));
#5971= IFCAXIS2PLACEMENT3D(#5970,#9,#127);
#5972= IFCLOCALPLACEMENT(#542,#5971);
#5973= IFCBEAM('09px8Yc$jBBAJ9nlHXzmdk',#45,'Drager','RHS100X100X6',$,#5972,#5969,'d34');
#5974= IFCPLANE(#5605);
#5975= IFCHALFSPACESOLID(#5974,.T.);
#5976= IFCBOOLEANCLIPPINGRESULT(.DIFFERENCE.,#5603,#5975);
#5977= IFCPLANE(#5610);
#5978= IFCHALFSPACESOLID(#5977,.T.);
#5979= IFCBOOLEANCLIPPINGRESULT(.DIFFERENCE.,#5976,#5978);
#5980= IFCSHAPEREPRESENTATION(#12,'Body','Clipping',(#5979));
#5981= IFCPRODUCTDEFINITIONSHAPE($,$,(#5980));
#5982= IFCCARTESIANPOINT((-60100.0020555854,-63083.9981766939,2329.99995231516));
#5983= IFCAXIS2PLACEMENT3D(#5982,#9,#155);
#5984= IFCLOCALPLACEMENT(#509,#5983);
#5985= IFCBEAM('0bK3rABsH0PPNBmaK2hzWQ',#45,'Drager','RHS100X100X6',$,#5984,#5981,'d33');
#5986= IFCPLANE(#5630);
#5987= IFCHALFSPACESOLID(#5986,.T.);
#5988= IFCBOOLEANCLIPPINGRESULT(.DIFFERENCE.,#5664,#5987);
#5989= IFCPLANE(#5635);
#5990= IFCHALFSPACESOLID(#5989,.T.);
#5991= IFCBOOLEANCLIPPINGRESULT(.DIFFERENCE.,#5988,#5990);
#5992= IFCSHAPEREPRESENTATION(#12,'Body','Clipping',(#5991));
#5993= IFCPRODUCTDEFINITIONSHAPE($,$,(#5992));
#5994= IFCCARTESIANPOINT((-62499.9987494481,-64784.000040931,2380.));
#5995= IFCAXIS2PLACEMENT3D(#5994,#9,#8);
#5996= IFCLOCALPLACEMENT(#524,#5995);
#5997= IFCCOLUMN('37jJgrSr97t9Xn5Mk38u3_',#45,'S\S\xjle','RHS100X100X6',$,#5996,#5993,'s50');
#5998= IFCPLANE(#5630);
#5999= IFCHALFSPACESOLID(#5998,.T.);
#6000= IFCBOOLEANCLIPPINGRESULT(.DIFFERENCE.,#5664,#5999);
#6001= IFCPLANE(#5635);
#6002= IFCHALFSPACESOLID(#6001,.T.);
#6003= IFCBOOLEANCLIPPINGRESULT(.DIFFERENCE.,#6000,#6002);
#6004= IFCSHAPEREPRESENTATION(#12,'Body','Clipping',(#6003));
#6005= IFCPRODUCTDEFINITIONSHAPE($,$,(#6004));
#6006= IFCCARTESIANPOINT((-62499.9987494481,-63084.000040931,2380.));
#6007= IFCAXIS2PLACEMENT3D(#6006,#9,#8);
#6008= IFCLOCALPLACEMENT(#533,#6007);
#6009= IFCCOLUMN('1Rr9k2ygfF1xVWcNwnFkN9',#45,'S\S\xjle','RHS100X100X6',$,#6008,#6005,'s50');
#6010= IFCPLANE(#5687);
#6011= IFCHALFSPACESOLID(#6010,.T.);
#6012= IFCBOOLEANCLIPPINGRESULT(.DIFFERENCE.,#5685,#6011);
#6013= IFCPLANE(#5635);
#6014= IFCHALFSPACESOLID(#6013,.T.);
#6015= IFCBOOLEANCLIPPINGRESULT(.DIFFERENCE.,#6012,#6014);
#6016= IFCSHAPEREPRESENTATION(#12,'Body','Clipping',(#6015));
#6017= IFCPRODUCTDEFINITIONSHAPE($,$,(#6016));
#6018= IFCCARTESIANPOINT((-64949.9987494481,-64629.000040931,0.));
#6019= IFCAXIS2PLACEMENT3D(#6018,#9,#8);
#6020= IFCLOCALPLACEMENT(#568,#6019);
#6021= IFCCOLUMN('2BK9ZpNLf4dRRWb7zZRddN',#45,'S\S\xjle','RHS100X100X6',$,#6020,#6017,'s46');
#6022= IFCPROPERTYSINGLEVALUE('Reference',$,IFCIDENTIFIER('s46'),$);
#6023= IFCPROPERTYSET('1aSjfFfFL7CfpY0pIadVTF',#5,'Pset_ColumnCommon','Common Properties to column elements',(#1513,#6022));
#6024= IFCPLANE(#5687);
#6025= IFCHALFSPACESOLID(#6024,.T.);
#6026= IFCBOOLEANCLIPPINGRESULT(.DIFFERENCE.,#5685,#6025);
#6027= IFCPLANE(#5635);
#6028= IFCHALFSPACESOLID(#6027,.T.);
#6029= IFCBOOLEANCLIPPINGRESULT(.DIFFERENCE.,#6026,#6028);
#6030= IFCSHAPEREPRESENTATION(#12,'Body','Clipping',(#6029));
#6031= IFCPRODUCTDEFINITIONSHAPE($,$,(#6030));
#6032= IFCCARTESIANPOINT((-64949.9987494481,-63294.000040931,0.));
#6033= IFCAXIS2PLACEMENT3D(#6032,#9,#8);
#6034= IFCLOCALPLACEMENT(#579,#6033);
#6035= IFCCOLUMN('2uYcj$NPjB4OYw6RbMA_$I',#45,'S\S\xjle','RHS100X100X6',$,#6034,#6031,'s49');
#6036= IFCPLANE(#5687);
#6037= IFCHALFSPACESOLID(#6036,.T.);
#6038= IFCBOOLEANCLIPPINGRESULT(.DIFFERENCE.,#5685,#6037);
#6039= IFCPLANE(#5635);
#6040= IFCHALFSPACESOLID(#6039,.T.);
#6041= IFCBOOLEANCLIPPINGRESULT(.DIFFERENCE.,#6038,#6040);
#6042= IFCSHAPEREPRESENTATION(#12,'Body','Clipping',(#6041));
#6043= IFCPRODUCTDEFINITIONSHAPE($,$,(#6042));
#6044= IFCCARTESIANPOINT((-60049.9987494481,-64629.000040931,0.));
#6045= IFCAXIS2PLACEMENT3D(#6044,#9,#8);
#6046= IFCLOCALPLACEMENT(#558,#6045);
#6047= IFCCOLUMN('2q0mmNx5f6ZeVClUjmm0WW',#45,'S\S\xjle','RHS100X100X6',$,#6046,#6043,'s45');
#6048= IFCPLANE(#5687);
#6049= IFCHALFSPACESOLID(#6048,.T.);
#6050= IFCBOOLEANCLIPPINGRESULT(.DIFFERENCE.,#5685,#6049);
#6051= IFCPLANE(#5635);
#6052= IFCHALFSPACESOLID(#6051,.T.);
#6053= IFCBOOLEANCLIPPINGRESULT(.DIFFERENCE.,#6050,#6052);
#6054= IFCSHAPEREPRESENTATION(#12,'Body','Clipping',(#6053));
#6055= IFCPRODUCTDEFINITIONSHAPE($,$,(#6054));
#6056= IFCCARTESIANPOINT((-60049.9987494481,-63294.000040931,0.));
#6057= IFCAXIS2PLACEMENT3D(#6056,#9,#8);
#6058= IFCLOCALPLACEMENT(#588,#6057);
#6059= IFCCOLUMN('3CMBg7ZnP54fX0HzBGNj_O',#45,'S\S\xjle','RHS100X100X6',$,#6058,#6055,'s49');
#6060= IFCCARTESIANPOINT((3282.11345030263,0.,0.));
#6061= IFCAXIS2PLACEMENT3D(#6060,#155,#127);
#6062= IFCEXTRUDEDAREASOLID(#5205,#6061,#9,3366.31);
#6063= IFCCARTESIANPOINT((3197.92108848666,0.,-59.9999999934753));
#6064= IFCAXIS2PLACEMENT3D(#6063,#155,#8);
#6065= IFCPLANE(#6064);
#6066= IFCHALFSPACESOLID(#6065,.T.);
#6067= IFCBOOLEANCLIPPINGRESULT(.DIFFERENCE.,#6062,#6066);
#6068= IFCPLANE(#5260);
#6069= IFCHALFSPACESOLID(#6068,.T.);
#6070= IFCBOOLEANCLIPPINGRESULT(.DIFFERENCE.,#6067,#6069);
#6071= IFCSHAPEREPRESENTATION(#12,'Body','Clipping',(#6070));
#6072= IFCSTYLEDITEM(#6062,(#5204),$);
#6073= IFCPRODUCTDEFINITIONSHAPE($,$,(#6071));
#6074= IFCCARTESIANPOINT((-25022.4649183983,-64773.9950808382,2373.80338254479));
#6075= IFCDIRECTION((-0.927184354442135,0.,0.374605356178633));
#6076= IFCAXIS2PLACEMENT3D(#6074,#4163,#6075);
#6077= IFCLOCALPLACEMENT(#4011,#6076);
#6078= IFCBEAM('2mtZjeuADBBB8PlAa6TLfA',#138,'Drager','L120*10',$,#6077,#6073,'d29');
#6079= IFCPROPERTYSET('39xkE8V_18iw1NDyLEnO0r',#5,'Tekla Common','Common Properties to Shared building elements',(#1496,#5229,#4168,#1499,#1500,#1501,#5230));
#6080= IFCPROPERTYSINGLEVALUE('Weight',$,IFCMASSMEASURE(58.24),$);
#6081= IFCPROPERTYSINGLEVALUE('Net surface area',$,IFCAREAMEASURE(1.503),$);
#6082= IFCPROPERTYSINGLEVALUE('Length',$,IFCLENGTHMEASURE(3197.9),$);
#6083= IFCPROPERTYSET('1AuvroDAP80u$lzLl3nI_N',#5,'Tekla Quantity','Quantity Properties to Shared building elements',(#6080,#5233,#2260,#5493,#6081,#2293,#5236,#6082));
#6084= IFCPROPERTYSINGLEVALUE('Reference',$,IFCIDENTIFIER('d29'),$);
#6085= IFCPROPERTYSET('1L9x3FsyD3Svq24RfFx$SW',#5,'Pset_BeamCommon','Common Properties to beam elements',(#1513,#6084));
#6086= IFCQUANTITYLENGTH('Length',$,$,3197.92108848379);
#6087= IFCQUANTITYAREA('OuterSurfaceArea',$,$,1.49982502791457);
#6088= IFCQUANTITYVOLUME('NetVolume',$,$,0.00741862208575056);
#6089= IFCQUANTITYWEIGHT('NetWeight',$,$,58.2361833731419);
#6090= IFCELEMENTQUANTITY('1PIltjSBnFiO5P7RfV7LC0',#5,'BaseQuantities',$,$,(#6086,#6087,#6088,#6089));
#6091= IFCCARTESIANPOINT((3282.11518654163,1.27388268672997E-12,7.27595761418343E-12));
#6092= IFCAXIS2PLACEMENT3D(#6091,#155,#127);
#6093= IFCEXTRUDEDAREASOLID(#5205,#6092,#9,3366.31);
#6094= IFCCARTESIANPOINT((3197.92208811305,9.09494701772928E-12,-59.9999999999927));
#6095= IFCAXIS2PLACEMENT3D(#6094,#155,#8);
#6096= IFCPLANE(#6095);
#6097= IFCHALFSPACESOLID(#6096,.T.);
#6098= IFCBOOLEANCLIPPINGRESULT(.DIFFERENCE.,#6093,#6097);
#6099= IFCCARTESIANPOINT((0.000230930374527816,-8.18545231595635E-12,-59.9999999999927));
#6100= IFCAXIS2PLACEMENT3D(#6099,#7,#127);
#6101= IFCPLANE(#6100);
#6102= IFCHALFSPACESOLID(#6101,.T.);
#6103= IFCBOOLEANCLIPPINGRESULT(.DIFFERENCE.,#6098,#6102);
#6104= IFCSHAPEREPRESENTATION(#12,'Body','Clipping',(#6103));
#6105= IFCSTYLEDITEM(#6093,(#5204),$);
#6106= IFCPRODUCTDEFINITIONSHAPE($,$,(#6104));
#6107= IFCCARTESIANPOINT((-25022.4646833772,-63093.988906827,2373.79328758978));
#6108= IFCAXIS2PLACEMENT3D(#6107,#127,#4192);
#6109= IFCLOCALPLACEMENT(#4186,#6108);
#6110= IFCBEAM('0nbZHFPRHD4wHbxAhcv$WA',#138,'Drager','L120*10',$,#6109,#6106,'d29');
#6111= IFCQUANTITYLENGTH('Length',$,$,3197.92185718586);
#6112= IFCQUANTITYAREA('OuterSurfaceArea',$,$,1.49982538843585);
#6113= IFCQUANTITYVOLUME('NetVolume',$,$,0.007418623869006);
#6114= IFCQUANTITYWEIGHT('NetWeight',$,$,58.2361973716971);
#6115= IFCELEMENTQUANTITY('1wtx57hcXDKgbeSDRsDcUm',#5,'BaseQuantities',$,$,(#6111,#6112,#6113,#6114));
#6116= IFCCOLOURRGB('Light Cyan',0.125490196078431,0.792156862745098,0.615686274509804);
#6117= IFCSURFACESTYLERENDERING(#6116,0.,$,$,$,$,IFCNORMALISEDRATIOMEASURE(0.00390625),IFCSPECULAREXPONENT(10.),.NOTDEFINED.);
#6118= IFCSURFACESTYLE('STEEL/S355J2',.POSITIVE.,(#6117));
#6119= IFCPRESENTATIONSTYLEASSIGNMENT((#6118));
#6120= IFCISHAPEPROFILEDEF(.AREA.,'IPE120',#69,64.,120.,4.400000095,6.300000191,7.);
#6121= IFCCARTESIANPOINT((4750.00031509399,0.,0.));
#6122= IFCAXIS2PLACEMENT3D(#6121,#155,#127);
#6123= IFCEXTRUDEDAREASOLID(#6120,#6122,#9,4750.);
#6124= IFCCARTESIANPOINT((4735.00031509399,0.,60.));
#6125= IFCAXIS2PLACEMENT3D(#6124,#155,#127);
#6126= IFCPLANE(#6125);
#6127= IFCHALFSPACESOLID(#6126,.T.);
#6128= IFCBOOLEANCLIPPINGRESULT(.DIFFERENCE.,#6123,#6127);
#6129= IFCCARTESIANPOINT((15.0000000000146,0.,-60.));
#6130= IFCAXIS2PLACEMENT3D(#6129,#7,#127);
#6131= IFCPLANE(#6130);
#6132= IFCHALFSPACESOLID(#6131,.T.);
#6133= IFCBOOLEANCLIPPINGRESULT(.DIFFERENCE.,#6128,#6132);
#6134= IFCSHAPEREPRESENTATION(#12,'Body','Clipping',(#6133));
#6135= IFCSTYLEDITEM(#6123,(#6119),$);
#6136= IFCPRODUCTDEFINITIONSHAPE($,$,(#6134));
#6137= IFCCARTESIANPOINT((-85124.9988818359,-63283.9965820313,-95.0000523030794));
#6138= IFCAXIS2PLACEMENT3D(#6137,#9,#155);
#6139= IFCLOCALPLACEMENT(#3744,#6138);
#6140= IFCBEAM('3f7RznFnb7svtXD9Ckj1u3',#45,'Drager','IPE120',$,#6139,#6136,'d30');
#6141= IFCBEAMTYPE('0InCWHo1bEKf44sqG_qe5v',#5,'IPE120',$,$,$,$,$,$,.NOTDEFINED.);
#6142= IFCPROPERTYSINGLEVALUE('Top elevation',$,IFCLABEL(' -0.035'),$);
#6143= IFCPROPERTYSINGLEVALUE('Class',$,IFCLABEL('5'),$);
#6144= IFCPROPERTYSET('0u7b83bJXDUQsxJwTmJn$5',#5,'Tekla Common','Common Properties to Shared building elements',(#1496,#4304,#6142,#1499,#1500,#1501,#6143));
#6145= IFCPROPERTYSINGLEVALUE('Weight',$,IFCMASSMEASURE(48.91),$);
#6146= IFCPROPERTYSINGLEVALUE('Volume',$,IFCVOLUMEMEASURE(0.006),$);
#6147= IFCPROPERTYSINGLEVALUE('Gross footprint area',$,IFCAREAMEASURE(0.302),$);
#6148= IFCPROPERTYSINGLEVALUE('Area per tons',$,IFCAREAMEASURE(45.841),$);
#6149= IFCPROPERTYSINGLEVALUE('Net surface area',$,IFCAREAMEASURE(2.244),$);
#6150= IFCPROPERTYSINGLEVALUE('Width',$,IFCLENGTHMEASURE(64.),$);
#6151= IFCPROPERTYSINGLEVALUE('Length',$,IFCLENGTHMEASURE(4720.),$);
#6152= IFCPROPERTYSET('2Qwgi9tLr6U8z571PLbQO7',#5,'Tekla Quantity','Quantity Properties to Shared building elements',(#6145,#6146,#6147,#6148,#6149,#2293,#6150,#6151));
#6153= IFCPROPERTYSINGLEVALUE('Reference',$,IFCIDENTIFIER('d30'),$);
#6154= IFCPROPERTYSET('2UWElIVDj51RXwwC3vtoox',#5,'Pset_BeamCommon','Common Properties to beam elements',(#1513,#6153));
#6155= IFCQUANTITYLENGTH('Length',$,$,4720.00031509397);
#6156= IFCQUANTITYAREA('OuterSurfaceArea',$,$,2.24200012134964);
#6157= IFCQUANTITYVOLUME('NetVolume',$,$,0.00625375557920333);
#6158= IFCQUANTITYWEIGHT('NetWeight',$,$,49.0919812967461);
#6159= IFCELEMENTQUANTITY('2LJLieDeX9g8MnDjVMmOTZ',#5,'BaseQuantities',$,$,(#6155,#6156,#6157,#6158));
#6160= IFCCARTESIANPOINT((4735.00031509397,0.,-60.));
#6161= IFCAXIS2PLACEMENT3D(#6160,#155,#8);
#6162= IFCPLANE(#6161);
#6163= IFCHALFSPACESOLID(#6162,.T.);
#6164= IFCBOOLEANCLIPPINGRESULT(.DIFFERENCE.,#6123,#6163);
#6165= IFCCARTESIANPOINT((15.0000000000146,0.,60.));
#6166= IFCAXIS2PLACEMENT3D(#6165,#7,#8);
#6167= IFCPLANE(#6166);
#6168= IFCHALFSPACESOLID(#6167,.T.);
#6169= IFCBOOLEANCLIPPINGRESULT(.DIFFERENCE.,#6164,#6168);
#6170= IFCSHAPEREPRESENTATION(#12,'Body','Clipping',(#6169));
#6171= IFCPRODUCTDEFINITIONSHAPE($,$,(#6170));
#6172= IFCCARTESIANPOINT((-85124.9951676917,-64683.9977952242,-95.0000476848327));
#6173= IFCAXIS2PLACEMENT3D(#6172,#9,#155);
#6174= IFCLOCALPLACEMENT(#4275,#6173);
#6175= IFCBEAM('1j0YnjlLLCKQgw5l$49Xi7',#45,'Drager','IPE120',$,#6174,#6171,'d31');
#6176= IFCPROPERTYSINGLEVALUE('Reference',$,IFCIDENTIFIER('d31'),$);
#6177= IFCPROPERTYSET('0UOlAb20b1FhfaPyPIA7r5',#5,'Pset_BeamCommon','Common Properties to beam elements',(#1513,#6176));
#6178= IFCQUANTITYLENGTH('Length',$,$,4720.00031509396);
#6179= IFCQUANTITYAREA('OuterSurfaceArea',$,$,2.24200012134963);
#6180= IFCQUANTITYVOLUME('NetVolume',$,$,0.00625375557920331);
#6181= IFCQUANTITYWEIGHT('NetWeight',$,$,49.091981296746);
#6182= IFCELEMENTQUANTITY('11nVFmAdP7qQrbeYplV2fi',#5,'BaseQuantities',$,$,(#6178,#6179,#6180,#6181));
#6183= IFCPLANE(#6161);
#6184= IFCHALFSPACESOLID(#6183,.T.);
#6185= IFCBOOLEANCLIPPINGRESULT(.DIFFERENCE.,#6123,#6184);
#6186= IFCPLANE(#6166);
#6187= IFCHALFSPACESOLID(#6186,.T.);
#6188= IFCBOOLEANCLIPPINGRESULT(.DIFFERENCE.,#6185,#6187);
#6189= IFCSHAPEREPRESENTATION(#12,'Body','Clipping',(#6188));
#6190= IFCPRODUCTDEFINITIONSHAPE($,$,(#6189));
#6191= IFCCARTESIANPOINT((-60125.0018980384,-64684.0040317965,-95.00004768484));
#6192= IFCAXIS2PLACEMENT3D(#6191,#9,#155);
#6193= IFCLOCALPLACEMENT(#4342,#6192);
#6194= IFCBEAM('3jpTZ8wL12euq5cLF3NQpK',#45,'Drager','IPE120',$,#6193,#6190,'d31');
#6195= IFCQUANTITYLENGTH('Length',$,$,4720.000315094);
#6196= IFCQUANTITYAREA('OuterSurfaceArea',$,$,2.24200012134965);
#6197= IFCQUANTITYVOLUME('NetVolume',$,$,0.00625375557920336);
#6198= IFCQUANTITYWEIGHT('NetWeight',$,$,49.0919812967464);
#6199= IFCELEMENTQUANTITY('038vNGOnb41xeJsdGwQGnx',#5,'BaseQuantities',$,$,(#6195,#6196,#6197,#6198));
#6200= IFCPLANE(#6125);
#6201= IFCHALFSPACESOLID(#6200,.T.);
#6202= IFCBOOLEANCLIPPINGRESULT(.DIFFERENCE.,#6123,#6201);
#6203= IFCPLANE(#6130);
#6204= IFCHALFSPACESOLID(#6203,.T.);
#6205= IFCBOOLEANCLIPPINGRESULT(.DIFFERENCE.,#6202,#6204);
#6206= IFCSHAPEREPRESENTATION(#12,'Body','Clipping',(#6205));
#6207= IFCPRODUCTDEFINITIONSHAPE($,$,(#6206));
#6208= IFCCARTESIANPOINT((-60125.0018980384,-63283.9981766939,-95.0000476848363));
#6209= IFCAXIS2PLACEMENT3D(#6208,#9,#155);
#6210= IFCLOCALPLACEMENT(#3713,#6209);
#6211= IFCBEAM('0VaqgYbAP4nf2dE9Yl7rYV',#45,'Drager','IPE120',$,#6210,#6207,'d30');
#6212= IFCSHAPEREPRESENTATION(#12,'Body','SweptSolid',(#5479));
#6213= IFCPRODUCTDEFINITIONSHAPE($,$,(#6212));
#6214= IFCCARTESIANPOINT((-52931.8958967012,-96903.9933612387,2396.26498381822));
#6215= IFCDIRECTION((-0.374606592907286,-1.80299843486864E-06,0.927183854770532));
#6216= IFCDIRECTION((-1.39000000093472E-06,0.999999999998078,1.38299999995874E-06));
#6217= IFCAXIS2PLACEMENT3D(#6214,#6215,#6216);
#6218= IFCLOCALPLACEMENT(#2909,#6217);
#6219= IFCBEAM('3_N8nH0qDA6hKtg4shaV$j',#138,'Drager','L120*10',$,#6218,#6213,'d28');
#6220= IFCPROPERTYSINGLEVALUE('Initial GUID',$,IFCLABEL('1MWhWAo19CdOUxCdxZRFBW'),$);
#6221= IFCPROPERTYSET('0Hi4b6CAzDoA2_3sbD4APR',#5,'Tekla Common','Common Properties to Shared building elements',(#1496,#5229,#5490,#6220,#1500,#1501,#5230));
#6222= IFCSHAPEREPRESENTATION(#12,'Body','SweptSolid',(#5479));
#6223= IFCPRODUCTDEFINITIONSHAPE($,$,(#6222));
#6224= IFCCARTESIANPOINT((-50078.1150168283,-95363.992368921,3549.27316234136));
#6225= IFCAXIS2PLACEMENT3D(#6224,#3403,#127);
#6226= IFCLOCALPLACEMENT(#2963,#6225);
#6227= IFCBEAM('0uTiXjWgjBbBkO_GUgcdRV',#138,'Drager','L120*10',$,#6226,#6223,'d28');
#6228= IFCPROPERTYSINGLEVALUE('Bottom elevation',$,IFCLABEL(' +3.471'),$);
#6229= IFCPROPERTYSINGLEVALUE('Initial GUID',$,IFCLABEL('1MWhWAo19CdOUxCdxZRFBZ'),$);
#6230= IFCPROPERTYSET('0KzDZx2bX5WA0IQ$y3WWHB',#5,'Tekla Common','Common Properties to Shared building elements',(#1496,#6228,#4168,#6229,#1500,#1501,#5230));
#6231= IFCCARTESIANPOINT((3282.0921149917,0.,-1.45519152216645E-11));
#6232= IFCAXIS2PLACEMENT3D(#6231,#155,#127);
#6233= IFCEXTRUDEDAREASOLID(#5205,#6232,#9,3366.28);
#6234= IFCCARTESIANPOINT((3197.89965168903,-6.85395207256079E-09,-60.0000000000873));
#6235= IFCAXIS2PLACEMENT3D(#6234,#155,#8);
#6236= IFCPLANE(#6235);
#6237= IFCHALFSPACESOLID(#6236,.T.);
#6238= IFCBOOLEANCLIPPINGRESULT(.DIFFERENCE.,#6233,#6237);
#6239= IFCPLANE(#5260);
#6240= IFCHALFSPACESOLID(#6239,.T.);
#6241= IFCBOOLEANCLIPPINGRESULT(.DIFFERENCE.,#6238,#6240);
#6242= IFCSHAPEREPRESENTATION(#12,'Body','Clipping',(#6241));
#6243= IFCSTYLEDITEM(#6233,(#5204),$);
#6244= IFCPRODUCTDEFINITIONSHAPE($,$,(#6242));
#6245= IFCCARTESIANPOINT((-52987.5296645105,-96973.9902489466,2373.79492913132));
#6246= IFCAXIS2PLACEMENT3D(#6245,#8,#2795);
#6247= IFCLOCALPLACEMENT(#2859,#6246);
#6248= IFCMEMBER('1JiEL3zQn7QfpqyoTXhoON',#138,'Drager','L120*10',$,#6247,#6244,'d29');
#6249= IFCPROPERTYSINGLEVALUE('Initial GUID',$,IFCLABEL('1MWhWAo19CdOUxCdxZRFBY'),$);
#6250= IFCPROPERTYSET('3Ko50$lYn9FwSuXZPBjEsl',#5,'Tekla Common','Common Properties to Shared building elements',(#1496,#5229,#4168,#6249,#1500,#1501,#5230));
#6251= IFCPROPERTYSET('3rFcV7gyP9VB6ptmwUxqsV',#5,'Pset_MemberCommon','Common Properties to member elements',(#1513,#6084));
#6252= IFCQUANTITYLENGTH('Length',$,$,3197.89965174503);
#6253= IFCQUANTITYAREA('OuterSurfaceArea',$,$,1.49981497408384);
#6254= IFCQUANTITYAREA('GrossSurfaceArea',$,$,1.50310759265436);
#6255= IFCQUANTITYVOLUME('NetVolume',$,$,0.0074185723560286);
#6256= IFCQUANTITYVOLUME('GrossVolume',$,$,0.0074185723560286);
#6257= IFCQUANTITYWEIGHT('NetWeight',$,$,58.2357929948245);
#6258= IFCQUANTITYWEIGHT('GrossWeight',$,$,58.2357929948245);
#6259= IFCELEMENTQUANTITY('0vZyRWCJr2pu3l1Q48cs4n',#5,'BaseQuantities',$,$,(#6252,#6253,#6254,#5244,#6255,#6256,#6257,#6258));
#6260= IFCCARTESIANPOINT((3282.09604926155,-1.82192930146072E-13,2.65443758198304E-20));
#6261= IFCAXIS2PLACEMENT3D(#6260,#155,#127);
#6262= IFCEXTRUDEDAREASOLID(#5205,#6261,#9,3366.29);
#6263= IFCCARTESIANPOINT((3197.9035046279,3.9508449845016E-09,-60.000000010099));
#6264= IFCAXIS2PLACEMENT3D(#6263,#155,#8);
#6265= IFCPLANE(#6264);
#6266= IFCHALFSPACESOLID(#6265,.T.);
#6267= IFCBOOLEANCLIPPINGRESULT(.DIFFERENCE.,#6262,#6266);
#6268= IFCPLANE(#5260);
#6269= IFCHALFSPACESOLID(#6268,.T.);
#6270= IFCBOOLEANCLIPPINGRESULT(.DIFFERENCE.,#6267,#6269);
#6271= IFCSHAPEREPRESENTATION(#12,'Body','Clipping',(#6270));
#6272= IFCSTYLEDITEM(#6262,(#5204),$);
#6273= IFCPRODUCTDEFINITIONSHAPE($,$,(#6271));
#6274= IFCCARTESIANPOINT((-50022.4843688442,-95293.9944039686,3571.74573224129));
#6275= IFCAXIS2PLACEMENT3D(#6274,#127,#3046);
#6276= IFCLOCALPLACEMENT(#2756,#6275);
#6277= IFCMEMBER('0zSEbD3OL3DQo4ve0DXsw8',#138,'Drager','L120*10',$,#6276,#6273,'d29');
#6278= IFCPROPERTYSINGLEVALUE('Initial GUID',$,IFCLABEL('1MWhWAo19CdOUxCdxZRFBz'),$);
#6279= IFCPROPERTYSET('1g24vVvgbCMfiuooopKknQ',#5,'Tekla Common','Common Properties to Shared building elements',(#1496,#5229,#4168,#6278,#1500,#1501,#5230));
#6280= IFCQUANTITYLENGTH('Length',$,$,3197.90350464576);
#6281= IFCQUANTITYAREA('OuterSurfaceArea',$,$,1.49981678109433);
#6282= IFCQUANTITYAREA('GrossSurfaceArea',$,$,1.50310939807354);
#6283= IFCQUANTITYVOLUME('NetVolume',$,$,0.00741858129424644);
#6284= IFCQUANTITYVOLUME('GrossVolume',$,$,0.00741858129424644);
#6285= IFCQUANTITYWEIGHT('NetWeight',$,$,58.2358631598345);
#6286= IFCQUANTITYWEIGHT('GrossWeight',$,$,58.2358631598345);
#6287= IFCELEMENTQUANTITY('3HfcGODOX2GQwl8W3r35yx',#5,'BaseQuantities',$,$,(#6280,#6281,#6282,#5244,#6283,#6284,#6285,#6286));
#6288= IFCSHAPEREPRESENTATION(#12,'Body','SweptSolid',(#5479));
#6289= IFCPRODUCTDEFINITIONSHAPE($,$,(#6288));
#6290= IFCCARTESIANPOINT((-25078.1130772184,-64703.9990512807,2396.23081489082));
#6291= IFCDIRECTION((-0.927183854772038,2.78155130217784E-08,0.374606592907898));
#6292= IFCAXIS2PLACEMENT3D(#6290,#6291,#8);
#6293= IFCLOCALPLACEMENT(#4058,#6292);
#6294= IFCBEAM('3sHj1I6mzDFxKCSl7zmKed',#138,'Drager','L120*10',$,#6293,#6289,'d28');
#6295= IFCPROPERTYSINGLEVALUE('Initial GUID',$,IFCLABEL('1$MnI$Dpb498dBEKGN1hPZ'),$);
#6296= IFCPROPERTYSET('0oV8PBr0f0ARXojY4MQ4Ok',#5,'Tekla Common','Common Properties to Shared building elements',(#1496,#5229,#5490,#6295,#1500,#1501,#5230));
#6297= IFCSHAPEREPRESENTATION(#12,'Body','SweptSolid',(#5479));
#6298= IFCPRODUCTDEFINITIONSHAPE($,$,(#6297));
#6299= IFCCARTESIANPOINT((-27931.8932521935,-63163.998970115,3549.28345631136));
#6300= IFCDIRECTION((0.927183854772038,-2.9669885407202E-08,-0.374606592907898));
#6301= IFCAXIS2PLACEMENT3D(#6299,#6300,#127);
#6302= IFCLOCALPLACEMENT(#4084,#6301);
#6303= IFCBEAM('2weMf4HoHAjucV0dOoQiSn',#138,'Drager','L120*10',$,#6302,#6298,'d28');
#6304= IFCPROPERTYSINGLEVALUE('Initial GUID',$,IFCLABEL('1$MnI$Dpb498dBEKGN1hQv'),$);
#6305= IFCPROPERTYSET('0$cMvNsKv2iQeVYe1aHgDA',#5,'Tekla Common','Common Properties to Shared building elements',(#1496,#6228,#4168,#6304,#1500,#1501,#5230));
#6306= IFCCOLOURRGB('Dark Gray',0.709803921568627,0.403921568627451,0.2);
#6307= IFCSURFACESTYLERENDERING(#6306,0.,$,$,$,$,IFCNORMALISEDRATIOMEASURE(0.00390625),IFCSPECULAREXPONENT(10.),.NOTDEFINED.);
#6308= IFCSURFACESTYLE('STEEL/S355J2',.POSITIVE.,(#6307));
#6309= IFCPRESENTATIONSTYLEASSIGNMENT((#6308));
#6310= IFCCIRCLEHOLLOWPROFILEDEF(.AREA.,'\S\X168.3X4.5',#69,84.15,4.5);
#6311= IFCCARTESIANPOINT((0.,0.,1010.));
#6312= IFCAXIS2PLACEMENT3D(#6311,#85,#8);
#6313= IFCEXTRUDEDAREASOLID(#6310,#6312,#9,1010.);
#6314= IFCCARTESIANPOINT((-84.1499999999996,0.,1010.));
#6315= IFCAXIS2PLACEMENT3D(#6314,#85,#127);
#6316= IFCPLANE(#6315);
#6317= IFCHALFSPACESOLID(#6316,.T.);
#6318= IFCBOOLEANCLIPPINGRESULT(.DIFFERENCE.,#6313,#6317);
#6319= IFCCARTESIANPOINT((-84.1499999999996,0.,10.));
#6320= IFCAXIS2PLACEMENT3D(#6319,#9,#8);
#6321= IFCPLANE(#6320);
#6322= IFCHALFSPACESOLID(#6321,.T.);
#6323= IFCBOOLEANCLIPPINGRESULT(.DIFFERENCE.,#6318,#6322);
#6324= IFCSHAPEREPRESENTATION(#12,'Body','Clipping',(#6323));
#6325= IFCSTYLEDITEM(#6313,(#6309),$);
#6326= IFCPRODUCTDEFINITIONSHAPE($,$,(#6324));
#6327= IFCCARTESIANPOINT((-10349.5684509277,-74633.8915281296,0.));
#6328= IFCAXIS2PLACEMENT3D(#6327,#9,#155);
#6329= IFCLOCALPLACEMENT(#1125,#6328);
#6330= IFCCOLUMN('2gd5oXSIj1CxR8Dsk4uLuW',#753,'S\S\xjle','\S\X168.3X4.5',$,#6329,#6326,'s44');
#6331= IFCCOLUMNTYPE('20osFwV7j7px0JwHRSb27B',#5,'\S\X168.3X4.5',$,$,$,$,$,$,.NOTDEFINED.);
#6332= IFCPROPERTYSINGLEVALUE('Top elevation',$,IFCLABEL(' +1.010'),$);
#6333= IFCPROPERTYSINGLEVALUE('Initial GUID',$,IFCLABEL('1k5wrFUkLADRireqBiICIs'),$);
#6334= IFCPROPERTYSINGLEVALUE('Class',$,IFCLABEL('8'),$);
#6335= IFCPROPERTYSET('1HUTxclW51xuF8CF795Rep',#5,'Tekla Common','Common Properties to Shared building elements',(#1496,#5375,#6332,#6333,#1500,#1501,#6334));
#6336= IFCPROPERTYSINGLEVALUE('Weight',$,IFCMASSMEASURE(17.97),$);
#6337= IFCPROPERTYSINGLEVALUE('Area per tons',$,IFCAREAMEASURE(29.468),$);
#6338= IFCPROPERTYSINGLEVALUE('Net surface area',$,IFCAREAMEASURE(0.53),$);
#6339= IFCPROPERTYSINGLEVALUE('Height',$,IFCLENGTHMEASURE(168.3),$);
#6340= IFCPROPERTYSINGLEVALUE('Width',$,IFCLENGTHMEASURE(168.3),$);
#6341= IFCPROPERTYSINGLEVALUE('Length',$,IFCLENGTHMEASURE(1000.),$);
#6342= IFCPROPERTYSET('3gfHu8rq17l8ALKD9CmWjz',#5,'Tekla Quantity','Quantity Properties to Shared building elements',(#6336,#5650,#2329,#6337,#6338,#6339,#6340,#6341));
#6343= IFCPROPERTYSINGLEVALUE('Reference',$,IFCIDENTIFIER('s44'),$);
#6344= IFCPROPERTYSET('3m$m933mzAm8lJI5cqMkwS',#5,'Pset_ColumnCommon','Common Properties to column elements',(#1513,#6343));
#6345= IFCQUANTITYLENGTH('Length',$,$,1000.);
#6346= IFCQUANTITYAREA('OuterSurfaceArea',$,$,0.529573594860933);
#6347= IFCQUANTITYVOLUME('NetVolume',$,$,0.00228930621774081);
#6348= IFCQUANTITYWEIGHT('NetWeight',$,$,17.9710538092653);
#6349= IFCELEMENTQUANTITY('11miRxMqr7UwcLVy8MNhAh',#5,'BaseQuantities',$,$,(#6345,#6346,#6347,#6348));
#6350= IFCPLANE(#6315);
#6351= IFCHALFSPACESOLID(#6350,.T.);
#6352= IFCBOOLEANCLIPPINGRESULT(.DIFFERENCE.,#6313,#6351);
#6353= IFCPLANE(#6320);
#6354= IFCHALFSPACESOLID(#6353,.T.);
#6355= IFCBOOLEANCLIPPINGRESULT(.DIFFERENCE.,#6352,#6354);
#6356= IFCSHAPEREPRESENTATION(#12,'Body','Clipping',(#6355));
#6357= IFCPRODUCTDEFINITIONSHAPE($,$,(#6356));
#6358= IFCCARTESIANPOINT((-10349.5683250427,-70433.8915281296,0.));
#6359= IFCAXIS2PLACEMENT3D(#6358,#9,#155);
#6360= IFCLOCALPLACEMENT(#1165,#6359);
#6361= IFCCOLUMN('1IiV7EJoj0yPDXCpyFLuTd',#753,'S\S\xjle','\S\X168.3X4.5',$,#6360,#6357,'s44');
#6362= IFCPROPERTYSINGLEVALUE('Initial GUID',$,IFCLABEL('1k5wrFUkLADRireqBiICIt'),$);
#6363= IFCPROPERTYSET('19bCLNYuz37gH_mzIuFjr1',#5,'Tekla Common','Common Properties to Shared building elements',(#1496,#5375,#6332,#6362,#1500,#1501,#6334));
#6364= IFCPLANE(#6315);
#6365= IFCHALFSPACESOLID(#6364,.T.);
#6366= IFCBOOLEANCLIPPINGRESULT(.DIFFERENCE.,#6313,#6365);
#6367= IFCPLANE(#6320);
#6368= IFCHALFSPACESOLID(#6367,.T.);
#6369= IFCBOOLEANCLIPPINGRESULT(.DIFFERENCE.,#6366,#6368);
#6370= IFCSHAPEREPRESENTATION(#12,'Body','Clipping',(#6369));
#6371= IFCPRODUCTDEFINITIONSHAPE($,$,(#6370));
#6372= IFCCARTESIANPOINT((-10349.5687737465,-85433.8915281296,0.));
#6373= IFCAXIS2PLACEMENT3D(#6372,#9,#7);
#6374= IFCLOCALPLACEMENT(#1085,#6373);
#6375= IFCCOLUMN('2na2SOK9n94fUugZA90tni',#753,'S\S\xjle','\S\X168.3X4.5',$,#6374,#6371,'s44');
#6376= IFCPROPERTYSINGLEVALUE('Initial GUID',$,IFCLABEL('1k5wrFUkLADRireqBiICIe'),$);
#6377= IFCPROPERTYSET('3zoRDHKKnBGAGvxwR3p5MF',#5,'Tekla Common','Common Properties to Shared building elements',(#1496,#5375,#6332,#6376,#1500,#1501,#6334));
#6378= IFCPLANE(#6315);
#6379= IFCHALFSPACESOLID(#6378,.T.);
#6380= IFCBOOLEANCLIPPINGRESULT(.DIFFERENCE.,#6313,#6379);
#6381= IFCPLANE(#6320);
#6382= IFCHALFSPACESOLID(#6381,.T.);
#6383= IFCBOOLEANCLIPPINGRESULT(.DIFFERENCE.,#6380,#6382);
#6384= IFCSHAPEREPRESENTATION(#12,'Body','Clipping',(#6383));
#6385= IFCPRODUCTDEFINITIONSHAPE($,$,(#6384));
#6386= IFCCARTESIANPOINT((-10349.5688993931,-89633.8915281296,0.));
#6387= IFCAXIS2PLACEMENT3D(#6386,#9,#7);
#6388= IFCLOCALPLACEMENT(#1045,#6387);
#6389= IFCCOLUMN('16BcDuKL55OgMIGpmQyKZJ',#753,'S\S\xjle','\S\X168.3X4.5',$,#6388,#6385,'s44');
#6390= IFCPROPERTYSINGLEVALUE('Initial GUID',$,IFCLABEL('1k5wrFUkLADRireqBiICIf'),$);
#6391= IFCPROPERTYSET('0$kvEuHmfAxwjSi__ECeNi',#5,'Tekla Common','Common Properties to Shared building elements',(#1496,#5375,#6332,#6390,#1500,#1501,#6334));
#6392= IFCPLANE(#6315);
#6393= IFCHALFSPACESOLID(#6392,.T.);
#6394= IFCBOOLEANCLIPPINGRESULT(.DIFFERENCE.,#6313,#6393);
#6395= IFCPLANE(#6320);
#6396= IFCHALFSPACESOLID(#6395,.T.);
#6397= IFCBOOLEANCLIPPINGRESULT(.DIFFERENCE.,#6394,#6396);
#6398= IFCSHAPEREPRESENTATION(#12,'Body','Clipping',(#6397));
#6399= IFCPRODUCTDEFINITIONSHAPE($,$,(#6398));
#6400= IFCCARTESIANPOINT((-17399.5681726933,-65383.8913164139,0.));
#6401= IFCAXIS2PLACEMENT3D(#6400,#9,#8);
#6402= IFCLOCALPLACEMENT(#1245,#6401);
#6403= IFCCOLUMN('28TA6Grzn34fGlsdrqZ2gf',#753,'S\S\xjle','\S\X168.3X4.5',$,#6402,#6399,'s44');
#6404= IFCPROPERTYSINGLEVALUE('Initial GUID',$,IFCLABEL('1k5wrFUkLADRireqBiIDjW'),$);
#6405= IFCPROPERTYSET('0OVQciceL5FP9vtYpfUeSn',#5,'Tekla Common','Common Properties to Shared building elements',(#1496,#5375,#6332,#6404,#1500,#1501,#6334));
#6406= IFCPLANE(#6315);
#6407= IFCHALFSPACESOLID(#6406,.T.);
#6408= IFCBOOLEANCLIPPINGRESULT(.DIFFERENCE.,#6313,#6407);
#6409= IFCPLANE(#6320);
#6410= IFCHALFSPACESOLID(#6409,.T.);
#6411= IFCBOOLEANCLIPPINGRESULT(.DIFFERENCE.,#6408,#6410);
#6412= IFCSHAPEREPRESENTATION(#12,'Body','Clipping',(#6411));
#6413= IFCPRODUCTDEFINITIONSHAPE($,$,(#6412));
#6414= IFCCARTESIANPOINT((-12599.5681724548,-65383.8914585114,0.));
#6415= IFCAXIS2PLACEMENT3D(#6414,#9,#8);
#6416= IFCLOCALPLACEMENT(#1205,#6415);
#6417= IFCCOLUMN('22OqHvtm93QfJD8rygO0hK',#753,'S\S\xjle','\S\X168.3X4.5',$,#6416,#6413,'s44');
#6418= IFCPROPERTYSINGLEVALUE('Initial GUID',$,IFCLABEL('1k5wrFUkLADRireqBiIDjX'),$);
#6419= IFCPROPERTYSET('1mJGmBdzn28RDxZMFt_63d',#5,'Tekla Common','Common Properties to Shared building elements',(#1496,#5375,#6332,#6418,#1500,#1501,#6334));
#6420= IFCPLANE(#6315);
#6421= IFCHALFSPACESOLID(#6420,.T.);
#6422= IFCBOOLEANCLIPPINGRESULT(.DIFFERENCE.,#6313,#6421);
#6423= IFCPLANE(#6320);
#6424= IFCHALFSPACESOLID(#6423,.T.);
#6425= IFCBOOLEANCLIPPINGRESULT(.DIFFERENCE.,#6422,#6424);
#6426= IFCSHAPEREPRESENTATION(#12,'Body','Clipping',(#6425));
#6427= IFCPRODUCTDEFINITIONSHAPE($,$,(#6426));
#6428= IFCCARTESIANPOINT((-44599.5681726933,-65383.890501976,0.));
#6429= IFCAXIS2PLACEMENT3D(#6428,#9,#8);
#6430= IFCLOCALPLACEMENT(#1405,#6429);
#6431= IFCCOLUMN('1p2q2UsgX4NROXiMNK$ID5',#753,'S\S\xjle','\S\X168.3X4.5',$,#6430,#6427,'s44');
#6432= IFCPROPERTYSINGLEVALUE('Initial GUID',$,IFCLABEL('1k5wrFUkLADRireqBiIDjY'),$);
#6433= IFCPROPERTYSET('2D2MHf9gj32Qib6_l15RNJ',#5,'Tekla Common','Common Properties to Shared building elements',(#1496,#5375,#6332,#6432,#1500,#1501,#6334));
#6434= IFCPLANE(#6315);
#6435= IFCHALFSPACESOLID(#6434,.T.);
#6436= IFCBOOLEANCLIPPINGRESULT(.DIFFERENCE.,#6313,#6435);
#6437= IFCPLANE(#6320);
#6438= IFCHALFSPACESOLID(#6437,.T.);
#6439= IFCBOOLEANCLIPPINGRESULT(.DIFFERENCE.,#6436,#6438);
#6440= IFCSHAPEREPRESENTATION(#12,'Body','Clipping',(#6439));
#6441= IFCPRODUCTDEFINITIONSHAPE($,$,(#6440));
#6442= IFCCARTESIANPOINT((-40399.5681729317,-65383.8906269073,0.));
#6443= IFCAXIS2PLACEMENT3D(#6442,#9,#8);
#6444= IFCLOCALPLACEMENT(#1365,#6443);
#6445= IFCCOLUMN('324Q9vW8n1yvVDwCMtXYFS',#753,'S\S\xjle','\S\X168.3X4.5',$,#6444,#6441,'s44');
#6446= IFCPROPERTYSINGLEVALUE('Initial GUID',$,IFCLABEL('1k5wrFUkLADRireqBiIDjZ'),$);
#6447= IFCPROPERTYSET('0gIur_wBXC5uJIbBfH9FkJ',#5,'Tekla Common','Common Properties to Shared building elements',(#1496,#5375,#6332,#6446,#1500,#1501,#6334));
#6448= IFCPLANE(#6315);
#6449= IFCHALFSPACESOLID(#6448,.T.);
#6450= IFCBOOLEANCLIPPINGRESULT(.DIFFERENCE.,#6313,#6449);
#6451= IFCPLANE(#6320);
#6452= IFCHALFSPACESOLID(#6451,.T.);
#6453= IFCBOOLEANCLIPPINGRESULT(.DIFFERENCE.,#6450,#6452);
#6454= IFCSHAPEREPRESENTATION(#12,'Body','Clipping',(#6453));
#6455= IFCPRODUCTDEFINITIONSHAPE($,$,(#6454));
#6456= IFCCARTESIANPOINT((-34599.5681729317,-65383.8908004761,0.));
#6457= IFCAXIS2PLACEMENT3D(#6456,#9,#8);
#6458= IFCLOCALPLACEMENT(#1325,#6457);
#6459= IFCCOLUMN('3cRy1noHPApgiGFLo9mOXq',#753,'S\S\xjle','\S\X168.3X4.5',$,#6458,#6455,'s44');
#6460= IFCPROPERTYSINGLEVALUE('Initial GUID',$,IFCLABEL('1k5wrFUkLADRireqBiIDja'),$);
#6461= IFCPROPERTYSET('0QrzbXzebBTueEpMeyNas$',#5,'Tekla Common','Common Properties to Shared building elements',(#1496,#5375,#6332,#6460,#1500,#1501,#6334));
#6462= IFCPLANE(#6315);
#6463= IFCHALFSPACESOLID(#6462,.T.);
#6464= IFCBOOLEANCLIPPINGRESULT(.DIFFERENCE.,#6313,#6463);
#6465= IFCPLANE(#6320);
#6466= IFCHALFSPACESOLID(#6465,.T.);
#6467= IFCBOOLEANCLIPPINGRESULT(.DIFFERENCE.,#6464,#6466);
#6468= IFCSHAPEREPRESENTATION(#12,'Body','Clipping',(#6467));
#6469= IFCPRODUCTDEFINITIONSHAPE($,$,(#6468));
#6470= IFCCARTESIANPOINT((-30399.5681724548,-65383.8909263611,0.));
#6471= IFCAXIS2PLACEMENT3D(#6470,#9,#8);
#6472= IFCLOCALPLACEMENT(#1285,#6471);
#6473= IFCCOLUMN('2gLbCViSz8xugMRIncKflD',#753,'S\S\xjle','\S\X168.3X4.5',$,#6472,#6469,'s44');
#6474= IFCPROPERTYSINGLEVALUE('Initial GUID',$,IFCLABEL('1k5wrFUkLADRireqBiIDjb'),$);
#6475= IFCPROPERTYSET('3PMS3bNFj1EAbWXd9$m1TN',#5,'Tekla Common','Common Properties to Shared building elements',(#1496,#5375,#6332,#6474,#1500,#1501,#6334));
#6476= IFCPLANE(#6315);
#6477= IFCHALFSPACESOLID(#6476,.T.);
#6478= IFCBOOLEANCLIPPINGRESULT(.DIFFERENCE.,#6313,#6477);
#6479= IFCPLANE(#6320);
#6480= IFCHALFSPACESOLID(#6479,.T.);
#6481= IFCBOOLEANCLIPPINGRESULT(.DIFFERENCE.,#6478,#6480);
#6482= IFCSHAPEREPRESENTATION(#12,'Body','Clipping',(#6481));
#6483= IFCPRODUCTDEFINITIONSHAPE($,$,(#6482));
#6484= IFCCARTESIANPOINT((-17399.5690517426,-94683.8913154602,0.));
#6485= IFCAXIS2PLACEMENT3D(#6484,#9,#8);
#6486= IFCLOCALPLACEMENT(#965,#6485);
#6487= IFCCOLUMN('3$TjRIMjrDkgiKweruqkNB',#753,'S\S\xjle','\S\X168.3X4.5',$,#6486,#6483,'s44');
#6488= IFCPROPERTYSINGLEVALUE('Initial GUID',$,IFCLABEL('22HBNEza18yx2gD4twCwQy'),$);
#6489= IFCPROPERTYSET('1rqFX3i6TC$hFoPtqFvoag',#5,'Tekla Common','Common Properties to Shared building elements',(#1496,#5375,#6332,#6488,#1500,#1501,#6334));
#6490= IFCPLANE(#6315);
#6491= IFCHALFSPACESOLID(#6490,.T.);
#6492= IFCBOOLEANCLIPPINGRESULT(.DIFFERENCE.,#6313,#6491);
#6493= IFCPLANE(#6320);
#6494= IFCHALFSPACESOLID(#6493,.T.);
#6495= IFCBOOLEANCLIPPINGRESULT(.DIFFERENCE.,#6492,#6494);
#6496= IFCSHAPEREPRESENTATION(#12,'Body','Clipping',(#6495));
#6497= IFCPRODUCTDEFINITIONSHAPE($,$,(#6496));
#6498= IFCCARTESIANPOINT((-12599.5690522194,-94683.891459465,0.));
#6499= IFCAXIS2PLACEMENT3D(#6498,#9,#8);
#6500= IFCLOCALPLACEMENT(#1005,#6499);
#6501= IFCCOLUMN('07T$E$8lD3ffeZ0l9lbktU',#753,'S\S\xjle','\S\X168.3X4.5',$,#6500,#6497,'s44');
#6502= IFCPROPERTYSINGLEVALUE('Initial GUID',$,IFCLABEL('22HBNEza18yx2gD4twCwQ$'),$);
#6503= IFCPROPERTYSET('3Pkgz2f8H1ger3zHRGCcL5',#5,'Tekla Common','Common Properties to Shared building elements',(#1496,#5375,#6332,#6502,#1500,#1501,#6334));
#6504= IFCPLANE(#6315);
#6505= IFCHALFSPACESOLID(#6504,.T.);
#6506= IFCBOOLEANCLIPPINGRESULT(.DIFFERENCE.,#6313,#6505);
#6507= IFCPLANE(#6320);
#6508= IFCHALFSPACESOLID(#6507,.T.);
#6509= IFCBOOLEANCLIPPINGRESULT(.DIFFERENCE.,#6506,#6508);
#6510= IFCSHAPEREPRESENTATION(#12,'Body','Clipping',(#6509));
#6511= IFCPRODUCTDEFINITIONSHAPE($,$,(#6510));
#6512= IFCCARTESIANPOINT((-44599.5690517426,-94683.890501976,0.));
#6513= IFCAXIS2PLACEMENT3D(#6512,#9,#8);
#6514= IFCLOCALPLACEMENT(#754,#6513);
#6515= IFCCOLUMN('1tsS4wJBHEpR$0YknukYfB',#753,'S\S\xjle','\S\X168.3X4.5',$,#6514,#6511,'s44');
#6516= IFCPROPERTYSINGLEVALUE('Initial GUID',$,IFCLABEL('22HBNEza18yx2gD4twCwQ_'),$);
#6517= IFCPROPERTYSET('2ipldXYqvB6hoLEbE$QnxN',#5,'Tekla Common','Common Properties to Shared building elements',(#1496,#5375,#6332,#6516,#1500,#1501,#6334));
#6518= IFCPLANE(#6315);
#6519= IFCHALFSPACESOLID(#6518,.T.);
#6520= IFCBOOLEANCLIPPINGRESULT(.DIFFERENCE.,#6313,#6519);
#6521= IFCPLANE(#6320);
#6522= IFCHALFSPACESOLID(#6521,.T.);
#6523= IFCBOOLEANCLIPPINGRESULT(.DIFFERENCE.,#6520,#6522);
#6524= IFCSHAPEREPRESENTATION(#12,'Body','Clipping',(#6523));
#6525= IFCPRODUCTDEFINITIONSHAPE($,$,(#6524));
#6526= IFCCARTESIANPOINT((-40399.5690524578,-94683.8906269073,0.));
#6527= IFCAXIS2PLACEMENT3D(#6526,#9,#8);
#6528= IFCLOCALPLACEMENT(#845,#6527);
#6529= IFCCOLUMN('1DUfdzEWv15OuiRvFjlj3m',#753,'S\S\xjle','\S\X168.3X4.5',$,#6528,#6525,'s44');
#6530= IFCPROPERTYSINGLEVALUE('Initial GUID',$,IFCLABEL('22HBNEza18yx2gD4twCwQv'),$);
#6531= IFCPROPERTYSET('0nAXrA5yX8rv05Tcfbek11',#5,'Tekla Common','Common Properties to Shared building elements',(#1496,#5375,#6332,#6530,#1500,#1501,#6334));
#6532= IFCPLANE(#6315);
#6533= IFCHALFSPACESOLID(#6532,.T.);
#6534= IFCBOOLEANCLIPPINGRESULT(.DIFFERENCE.,#6313,#6533);
#6535= IFCPLANE(#6320);
#6536= IFCHALFSPACESOLID(#6535,.T.);
#6537= IFCBOOLEANCLIPPINGRESULT(.DIFFERENCE.,#6534,#6536);
#6538= IFCSHAPEREPRESENTATION(#12,'Body','Clipping',(#6537));
#6539= IFCPRODUCTDEFINITIONSHAPE($,$,(#6538));
#6540= IFCCARTESIANPOINT((-34599.5690522194,-94683.8908014297,0.));
#6541= IFCAXIS2PLACEMENT3D(#6540,#9,#8);
#6542= IFCLOCALPLACEMENT(#885,#6541);
#6543= IFCCOLUMN('1QERROXIL8Buu8tPw1hyFh',#753,'S\S\xjle','\S\X168.3X4.5',$,#6542,#6539,'s44');
#6544= IFCPROPERTYSINGLEVALUE('Initial GUID',$,IFCLABEL('22HBNEza18yx2gD4twCwQu'),$);
#6545= IFCPROPERTYSET('3qkPk8K7zCfw6udNUWMrDc',#5,'Tekla Common','Common Properties to Shared building elements',(#1496,#5375,#6332,#6544,#1500,#1501,#6334));
#6546= IFCPLANE(#6315);
#6547= IFCHALFSPACESOLID(#6546,.T.);
#6548= IFCBOOLEANCLIPPINGRESULT(.DIFFERENCE.,#6313,#6547);
#6549= IFCPLANE(#6320);
#6550= IFCHALFSPACESOLID(#6549,.T.);
#6551= IFCBOOLEANCLIPPINGRESULT(.DIFFERENCE.,#6548,#6550);
#6552= IFCSHAPEREPRESENTATION(#12,'Body','Clipping',(#6551));
#6553= IFCPRODUCTDEFINITIONSHAPE($,$,(#6552));
#6554= IFCCARTESIANPOINT((-30399.5690522194,-94683.8909273148,0.));
#6555= IFCAXIS2PLACEMENT3D(#6554,#9,#8);
#6556= IFCLOCALPLACEMENT(#925,#6555);
#6557= IFCCOLUMN('1dUVIFHE1Fmw_MEG6A5LBg',#753,'S\S\xjle','\S\X168.3X4.5',$,#6556,#6553,'s44');
#6558= IFCPROPERTYSINGLEVALUE('Initial GUID',$,IFCLABEL('22HBNEza18yx2gD4twCwQx'),$);
#6559= IFCPROPERTYSET('15fzEkB9TB4fk3Y68ootFG',#5,'Tekla Common','Common Properties to Shared building elements',(#1496,#5375,#6332,#6558,#1500,#1501,#6334));
#6560= IFCSHAPEREPRESENTATION(#12,'Body','SweptSolid',(#5479));
#6561= IFCPRODUCTDEFINITIONSHAPE($,$,(#6560));
#6562= IFCCARTESIANPOINT((-59878.1064963315,-64704.0025944155,2396.25742686242));
#6563= IFCAXIS2PLACEMENT3D(#6562,#6291,#8);
#6564= IFCLOCALPLACEMENT(#4633,#6563);
#6565= IFCBEAM('3uFyGYMz93OhG$EWjfMe86',#138,'Drager','L120*10',$,#6564,#6561,'d28');
#6566= IFCPROPERTYSINGLEVALUE('Initial GUID',$,IFCLABEL('3aNEdxsZTBMwgbVRER46s6'),$);
#6567= IFCPROPERTYSET('2DjEh_XXXDdQ7vBiypcuTf',#5,'Tekla Common','Common Properties to Shared building elements',(#1496,#5229,#5490,#6566,#1500,#1501,#5230));
#6568= IFCSHAPEREPRESENTATION(#12,'Body','SweptSolid',(#5479));
#6569= IFCPRODUCTDEFINITIONSHAPE($,$,(#6568));
#6570= IFCCARTESIANPOINT((-65121.899767225,-63164.002437056,2396.25742685228));
#6571= IFCAXIS2PLACEMENT3D(#6570,#5507,#127);
#6572= IFCLOCALPLACEMENT(#4602,#6571);
#6573= IFCBEAM('0EhZ4Dkuj4rOH5lzbVMSCU',#138,'Drager','L120*10',$,#6572,#6569,'d28');
#6574= IFCPROPERTYSINGLEVALUE('Initial GUID',$,IFCLABEL('3aNEdxsZTBMwgbVRER46su'),$);
#6575= IFCPROPERTYSET('1BdnEi1zP3HfWeSIV5dEKx',#5,'Tekla Common','Common Properties to Shared building elements',(#1496,#5229,#5490,#6574,#1500,#1501,#5230));
#6576= IFCPLANE(#5210);
#6577= IFCHALFSPACESOLID(#6576,.T.);
#6578= IFCBOOLEANCLIPPINGRESULT(.DIFFERENCE.,#5281,#6577);
#6579= IFCCARTESIANPOINT((81.029284904529,56.2538080793965,-0.99999944553565));
#6580= IFCAXIS2PLACEMENT3D(#6579,#5214,#5286);
#6581= IFCPLANE(#6580);
#6582= IFCHALFSPACESOLID(#6581,.T.);
#6583= IFCBOOLEANCLIPPINGRESULT(.DIFFERENCE.,#6578,#6582);
#6584= IFCSHAPEREPRESENTATION(#12,'Body','Clipping',(#6583));
#6585= IFCPRODUCTDEFINITIONSHAPE($,$,(#6584));
#6586= IFCCARTESIANPOINT((-62494.0536367498,-64773.9959018964,3453.21164553424));
#6587= IFCAXIS2PLACEMENT3D(#6586,#8,#5295);
#6588= IFCLOCALPLACEMENT(#4538,#6587);
#6589= IFCMEMBER('2cXR0W2Xz9bPspHgL5M9Nk',#138,'Drager','L120*10',$,#6588,#6585,'d27');
#6590= IFCPROPERTYSINGLEVALUE('Initial GUID',$,IFCLABEL('2nFV2kBuj40Bvet5IqBMb$'),$);
#6591= IFCPROPERTYSET('0bR7Oktxb7rQxpPDXz7aa7',#5,'Tekla Common','Common Properties to Shared building elements',(#1496,#5229,#3473,#6590,#1500,#1501,#5230));
#6592= IFCQUANTITYLENGTH('Length',$,$,2847.34211981154);
#6593= IFCQUANTITYAREA('OuterSurfaceArea',$,$,1.33540348750551);
#6594= IFCQUANTITYAREA('GrossSurfaceArea',$,$,1.32288409558578);
#6595= IFCQUANTITYVOLUME('NetVolume',$,$,0.00652387696054521);
#6596= IFCQUANTITYVOLUME('GrossVolume',$,$,0.00652387696054521);
#6597= IFCQUANTITYWEIGHT('NetWeight',$,$,51.2124341402799);
#6598= IFCQUANTITYWEIGHT('GrossWeight',$,$,51.2124341402799);
#6599= IFCELEMENTQUANTITY('0xQJevFnr20ux5pX8MVvtO',#5,'BaseQuantities',$,$,(#6592,#6593,#6594,#5244,#6595,#6596,#6597,#6598));
#6600= IFCRELAGGREGATES('0Vpi9Zv_z7rhjGBgtaYcmJ',#5,$,$,#36,(#38));
#6601= IFCRELAGGREGATES('0pIHZx_Nn2yhEvAEvDUyHu',#5,$,$,#38,(#41));
#6602= IFCRELAGGREGATES('0_n20bLGf6FB7nJoaZ$4rq',#5,$,$,#41,(#43));
#6603= IFCRELAGGREGATES('3qrdBvAx93BeH6cz5foJ8U',#5,$,$,#47,(#5353,#3088,#3082,#3076,#3070,#130,#88));
#6604= IFCRELAGGREGATES('3lWuDxZZjCovlNxMzIa82p',#5,$,$,#109,(#2101,#2060,#2048,#2008,#1982,#136,#117));
#6605= IFCRELAGGREGATES('2FYnH_yDvEmQCytamRqgsi',#5,$,$,#140,(#5336,#2900,#2833,#185,#158));
#6606= IFCRELAGGREGATES('2PmG1427rDgxGdqaMah0vb',#5,$,$,#160,(#5316,#2908,#2856,#179,#170));
#6607= IFCRELAGGREGATES('35zywwgCT7FxuGDc8vcYwd',#5,$,$,#187,(#5447,#3261,#3255,#3118,#3112,#2515,#2509,#2420,#252,#200));
#6608= IFCRELAGGREGATES('1Ptcmp_xTBPBTjangs5sKn',#5,$,$,#202,(#5421,#3249,#3243,#3100,#3094,#246,#213));
#6609= IFCRELAGGREGATES('379_KP_PLB5f_gSfW_1zBv',#5,$,$,#215,(#5401,#3237,#3231,#3145,#3139,#264,#225));
#6610= IFCRELAGGREGATES('0QVtIQv2rB6es6yPxJp9Kx',#5,$,$,#227,(#5373,#3211,#3190,#3130,#3124,#2740,#2572,#258,#237));
#6611= IFCRELAGGREGATES('1cK6mAx1X21eaI0IyWfm9F',#5,$,$,#266,(#5586,#3959,#3953,#3935,#3923,#306,#286));
#6612= IFCRELAGGREGATES('1rDGFu4RnDhfFkjiEQnA6j',#5,$,$,#288,(#5620,#3917,#3911,#3903,#3897,#312,#300));
#6613= IFCRELAGGREGATES('0ZYeNDvOj8FhgB_6sDOcL9',#5,$,$,#314,(#5516,#3639,#3339,#343,#326));
#6614= IFCRELAGGREGATES('2$YxxH0XjEehR9zpmD8fX7',#5,$,$,#328,(#5527,#3652,#3353,#365,#337));
#6615= IFCRELAGGREGATES('0XRutphF96zgCNHBad7kNX',#5,$,$,#345,(#5962,#4678,#4595,#359,#353));
#6616= IFCRELAGGREGATES('0J_CgYG8rAXwctob4Hm9S$',#5,$,$,#367,(#5677,#3891,#3885,#3610,#3586,#378));
#6617= IFCRELAGGREGATES('3$kPc5mAv2uBkDMA4$Abez',#5,$,$,#380,(#5645,#3876,#3870,#3505,#3454,#387));
#6618= IFCRELAGGREGATES('2ux_etAVrAhAuWOenf2BH2',#5,$,$,#389,(#5549,#3864,#3858,#3838,#3825,#408,#402));
#6619= IFCRELAGGREGATES('0QC6nbR1r5Yvp_zWAIU4ZO',#5,$,$,#410,(#5940,#4766,#4760,#4754,#4748,#424,#418));
#6620= IFCRELAGGREGATES('2L633J1Sf2BwdaffIRmJ5z',#5,$,$,#426,(#5736,#3986,#3980,#3799,#3793,#3286,#3280,#2673,#486,#438));
#6621= IFCRELAGGREGATES('2KhAsVM9nCbhthpr3Urs$S',#5,$,$,#440,(#5700,#3971,#3965,#3775,#3769,#3273,#3267,#2639,#474,#449));
#6622= IFCRELAGGREGATES('03hpylN$HE8wHiljqaRZ_2',#5,$,$,#451,(#5724,#3998,#3992,#3787,#3781,#480,#459));
#6623= IFCRELAGGREGATES('1sIEd1v794ve9QkIrecblb',#5,$,$,#461,(#5750,#4010,#4004,#3813,#3807,#492,#468));
#6624= IFCRELAGGREGATES('3UoIvXTz1CcRCQ51BXDg4o',#5,$,$,#494,(#5952,#4814,#4808,#4802,#4796,#508,#502));
#6625= IFCRELAGGREGATES('0jf$kp7Yz8QPndPi_Ail4s',#5,$,$,#510,(#5985,#4790,#4784,#4778,#4772,#523,#517));
#6626= IFCRELAGGREGATES('3j2InbNqn6XPyw5TUlqu0a',#5,$,$,#525,(#5997,#4826,#4820,#4561,#4537,#532));
#6627= IFCRELAGGREGATES('1WJGwP5Mj9kwtKwDv6Pt8k',#5,$,$,#534,(#6009,#4838,#4832,#4736,#4723,#541));
#6628= IFCRELAGGREGATES('3bI0u3mGnD3wHTY9pa4aIz',#5,$,$,#543,(#5973,#4717,#4601,#557,#551));
#6629= IFCRELAGGREGATES('3DUyGOyk19yuv7VYQtCVq5',#5,$,$,#559,(#6047,#4910,#4904,#4850,#4844,#4517,#4502,#4490,#614,#567));
#6630= IFCRELAGGREGATES('1vrfkXqVL57uimMCPchDmZ',#5,$,$,#569,(#6021,#4922,#4916,#4862,#4856,#4496,#4484,#2625,#608,#578));
#6631= IFCRELAGGREGATES('38QbVYJkz84vzu5uQY$byg',#5,$,$,#580,(#6035,#4934,#4928,#4874,#4868,#602,#587));
#6632= IFCRELAGGREGATES('0TIsjq2gDBif9E1auunQ21',#5,$,$,#589,(#6059,#4898,#4892,#4886,#4880,#620,#596));
#6633= IFCRELAGGREGATES('1x62YoPSj64g5uydSUN39e',#5,$,$,#622,(#5762,#4243,#4057,#652,#630));
#6634= IFCRELAGGREGATES('0mUqAESAT3CvRzMTGj4B03',#5,$,$,#632,(#5756,#4231,#4051,#646,#640));
#6635= IFCRELAGGREGATES('1p6eKurX58_e6TOxRJudda',#5,$,$,#654,(#5848,#4454,#4448,#4406,#4400,#720,#661));
#6636= IFCRELAGGREGATES('1cJSAyqhX7FRsreq9iqnfD',#5,$,$,#663,(#5829,#4478,#4472,#4370,#4364,#2382,#2376,#2345,#714,#673));
#6637= IFCRELAGGREGATES('1O6qDGM3T5vugLkvJFUmrY',#5,$,$,#675,(#5792,#4466,#4460,#4382,#4376,#2324,#2254,#2238,#702,#687));
#6638= IFCRELAGGREGATES('0X1rlTCo5BqAyf_OnKXjkr',#5,$,$,#689,(#5811,#4442,#4436,#4394,#4388,#708,#696));
#6639= IFCRELAGGREGATES('14zCQS3Ln1dvGvUB2ir5NK',#5,$,$,#722,(#2163,#2147,#2141,#2135,#2129,#737,#731));
#6640= IFCRELAGGREGATES('32lsLU$vf8aOry8EYgxSsY',#5,$,$,#739,(#5774,#4430,#4424,#4418,#4412,#752,#746));
#6641= IFCRELAGGREGATES('3Jje9zSSj3fvxlObRgvVhV',#5,$,$,#755,(#6515,#1805,#1663,#1492,#844,#838,#822,#811,#798,#777));
#6642= IFCRELAGGREGATES('0dTIqslhr6FxltIxm$kZ0U',#5,$,$,#846,(#6529,#1832,#1683,#1529,#884,#878,#872,#866,#860,#854));
#6643= IFCRELAGGREGATES('0GVSUUpw5BFx8DjuODfV0_',#5,$,$,#886,(#6543,#1838,#1689,#1535,#924,#918,#912,#906,#900,#894));
#6644= IFCRELAGGREGATES('3a7U2zo7j8RQtAe8fV25Q5',#5,$,$,#926,(#6557,#1844,#1695,#1541,#964,#958,#952,#946,#940,#934));
#6645= IFCRELAGGREGATES('1OoeFH10b4gPwfiDikMn9P',#5,$,$,#966,(#6487,#1850,#1707,#1547,#1004,#998,#992,#986,#980,#974));
#6646= IFCRELAGGREGATES('1l1$gfRofCmhaixsVJI17g',#5,$,$,#1006,(#6501,#1856,#1701,#1553,#1044,#1038,#1032,#1026,#1020,#1014));
#6647= IFCRELAGGREGATES('3pJInMkRnCOhQu22bqQicL',#5,$,$,#1046,(#6389,#1862,#1713,#1559,#1084,#1078,#1072,#1066,#1060,#1054));
#6648= IFCRELAGGREGATES('2wmqilu7bEsBaAF35cqLms',#5,$,$,#1086,(#6375,#1868,#1719,#1565,#1124,#1118,#1112,#1106,#1100,#1094));
#6649= IFCRELAGGREGATES('3G6kSogX9E08FM4UC1yNwF',#5,$,$,#1126,(#6330,#1874,#1725,#1571,#1164,#1158,#1152,#1146,#1140,#1134));
#6650= IFCRELAGGREGATES('1UWvZMYkD4LxlRBSyZ19HE',#5,$,$,#1166,(#6361,#1880,#1731,#1577,#1204,#1198,#1192,#1186,#1180,#1174));
#6651= IFCRELAGGREGATES('0oYWAQTDL1v8bqQhXoI$SC',#5,$,$,#1206,(#6417,#1886,#1737,#1583,#1244,#1238,#1232,#1226,#1220,#1214));
#6652= IFCRELAGGREGATES('3oadI5LZD3ChEuWPOhxOJu',#5,$,$,#1246,(#6403,#1892,#1743,#1589,#1284,#1278,#1272,#1266,#1260,#1254));
#6653= IFCRELAGGREGATES('0Uldas6ljDm8IqEXs1hwkl',#5,$,$,#1286,(#6473,#1898,#1761,#1607,#1324,#1318,#1312,#1306,#1300,#1294));
#6654= IFCRELAGGREGATES('2fwj0N6_TE2AkX2D6OhRLH',#5,$,$,#1326,(#6459,#1928,#1922,#1916,#1364,#1358,#1352,#1346,#1340,#1334));
#6655= IFCRELAGGREGATES('25W1di7br5K9sFJW3o1RlC',#5,$,$,#1366,(#6445,#1910,#1755,#1601,#1404,#1398,#1392,#1386,#1380,#1374));
#6656= IFCRELAGGREGATES('2aC59NrYb3X8CY7CwDllu3',#5,$,$,#1406,(#6431,#1904,#1749,#1595,#1444,#1438,#1432,#1426,#1420,#1414));
#6657= IFCRELAGGREGATES('2O$glS1hH12g0ohK36VqCy',#5,$,$,#2170,(#2309,#2215));
#6658= IFCRELAGGREGATES('0CYZECe8b6_PUrh83waCyO',#5,$,$,#2276,(#2288));
#6659= IFCRELAGGREGATES('15tQz2r8D6ERHdJHtth7Vq',#5,$,$,#2347,(#2368,#2354));
#6660= IFCRELAGGREGATES('3sDihDEh56bwrd6R833Vji',#5,$,$,#2356,(#2362));
#6661= IFCRELAGGREGATES('0ouJsbAbn3LQ68bzTTmmHD',#5,$,$,#2422,(#2468));
#6662= IFCRELAGGREGATES('0wYTBN5QX25O1Rg$a0gdwx',#5,$,$,#2470,(#2488));
#6663= IFCRELAGGREGATES('0lyxRCBC9ETvFKiz7kx$Wl',#5,$,$,#2497,(#2503));
#6664= IFCRELAGGREGATES('13chtzeD9A1wAAHYkU6rqB',#5,$,$,#2519,(#2540));
#6665= IFCRELAGGREGATES('2HUv0zrOn1dwlWD9l9XMsz',#5,$,$,#2574,(#2591));
#6666= IFCRELAGGREGATES('2LekrnMKnAMf$FZAK3hOqo',#5,$,$,#2641,(#2667,#2650));
#6667= IFCRELAGGREGATES('32Wk4BRPb3eOTwuunHVupZ',#5,$,$,#2652,(#2658));
#6668= IFCRELAGGREGATES('010xryFOHFEBe01SGk1zBK',#5,$,$,#2675,(#2696,#2682));
#6669= IFCRELAGGREGATES('2gbVtyBxHE3xrUNMGPKQyG',#5,$,$,#2684,(#2690));
#6670= IFCRELAGGREGATES('11hDFvqRvBlwhRkUAhx3gr',#5,$,$,#2698,(#2719,#2705));
#6671= IFCRELAGGREGATES('2VRUwbfE14KRn6XjpvuZdk',#5,$,$,#2707,(#2713));
#6672= IFCRELAGGREGATES('0qBKb3U$v80BWzCwSpjtEo',#5,$,$,#2721,(#2727));
#6673= IFCRELAGGREGATES('2d3EwvFunF5AgiYJM9Zmox',#5,$,$,#2757,(#6277,#3049,#3026,#2822,#2798));
#6674= IFCRELAGGREGATES('2BZCunsXD4euzdjM7xkFff',#5,$,$,#2860,(#6248,#3064,#3058,#2894,#2884));
#6675= IFCRELAGGREGATES('27ohZXJmX2ER96DHTTN0oX',#5,$,$,#2910,(#6219,#2962,#2939));
#6676= IFCRELAGGREGATES('2Kvn2fHf1Bjf5cxSFcFuRz',#5,$,$,#2964,(#6227,#3012,#2989));
#6677= IFCRELAGGREGATES('3g4ZaQMM518BD6IwOLqBPX',#5,$,$,#3288,(#5468,#3672,#3493,#3315));
#6678= IFCRELAGGREGATES('0igdhaLe57JeHd_Yyk9N0e',#5,$,$,#3317,(#5298,#3659,#3470,#3327));
#6679= IFCRELAGGREGATES('3PHaoLVYnEIAwx2v6PXZlf',#5,$,$,#3356,(#5488,#3568,#3380));
#6680= IFCRELAGGREGATES('0PVGfCAe56ZOnQfLwX2Ryp',#5,$,$,#3382,(#5510,#3545,#3406));
#6681= IFCRELAGGREGATES('0NPvb5sZ9CqAWeb_jBzlaV',#5,$,$,#3588,(#5270,#3665,#3646,#3595));
#6682= IFCRELAGGREGATES('2dn$d8UlnFH8Kruhmh7ee0',#5,$,$,#3597,(#5227,#3678,#3633,#3604));
#6683= IFCRELAGGREGATES('38DTHQ_PXE2vmOPUURzHWM',#5,$,$,#3681,(#5096,#3701));
#6684= IFCRELAGGREGATES('1rhlIaqEXE2es6pu3aeiKQ',#5,$,$,#3705,(#5005,#3712));
#6685= IFCRELAGGREGATES('1gv8W_4Pv0ABJIYEFZ2Ufi',#5,$,$,#3714,(#6211,#5102,#5088,#5030,#4964,#4341,#4335,#3734));
#6686= IFCRELAGGREGATES('1wyLKBelf0wxh1wgMa9Bm6',#5,$,$,#3736,(#5188,#3743));
#6687= IFCRELAGGREGATES('12$6UdhdD1KBc$QgYcnNVx',#5,$,$,#3745,(#6140,#5200,#5194,#5140,#5126,#4302,#4272,#3754));
#6688= IFCRELAGGREGATES('3DOmngYabFBwBniTY7zGIj',#5,$,$,#3756,(#5134,#3763));
#6689= IFCRELAGGREGATES('3roKIHRfrC$urJLgUdF4LE',#5,$,$,#4012,(#6078,#4185,#4166,#4045,#4039));
#6690= IFCRELAGGREGATES('2737Mj5PrCBuH6lwZiJzMB',#5,$,$,#4059,(#6294,#4131,#4083));
#6691= IFCRELAGGREGATES('0Maux1jPbAxva6_s8GOMn1',#5,$,$,#4085,(#6303,#4154,#4108));
#6692= IFCRELAGGREGATES('3MGcg_iPT0rRB5Xd$Ak6j1',#5,$,$,#4187,(#6110,#4237,#4225,#4202,#4195));
#6693= IFCRELAGGREGATES('2i0xZq1IXELe7QG0vz5$AB',#5,$,$,#4276,(#6175,#5180,#5166,#5160,#5146,#4329,#4286));
#6694= IFCRELAGGREGATES('1Q8S75$3HARRyvgFnESnH6',#5,$,$,#4343,(#6194,#5082,#5068,#5062,#5048,#4358,#4352));
#6695= IFCRELAGGREGATES('1$uDYM0GD2EhaVaoe3dxXH',#5,$,$,#4504,(#4531,#4511));
#6696= IFCRELAGGREGATES('3GIJE2fqfEcucdpx2FN1eG',#5,$,$,#4519,(#4525));
#6697= IFCRELAGGREGATES('2KkYWaI3X2oQLkP4Muf9te',#5,$,$,#4539,(#6589,#4705,#4589,#4546));
#6698= IFCRELAGGREGATES('1sP1PnS0D0SOsb99S8ngDW',#5,$,$,#4548,(#5920,#4693,#4583,#4555));
#6699= IFCRELAGGREGATES('1DzhkeFJz13umcO4g31aE2',#5,$,$,#4603,(#6573,#4632,#4610));
#6700= IFCRELAGGREGATES('1_8sclEHDCdAZYFsKuntg4',#5,$,$,#4634,(#6565,#4663,#4657));
#6701= IFCRELAGGREGATES('17N0VPwwn4MgXdLPFbv84x',#5,$,$,#4665,(#5868,#4729,#4699,#4672));
#6702= IFCRELAGGREGATES('03q6e7aJ176vbjjsjE2wxz',#5,$,$,#4680,(#5894,#4742,#4711,#4687));
#6703= IFCRELAGGREGATES('04YdDwyOLB69YDgRS3PUZc',#5,$,$,#4936,(#5076,#4943));
#6704= IFCRELAGGREGATES('0wCCiMy2DAyAeOIBzAnMXF',#5,$,$,#4945,(#5056,#4952));
#6705= IFCRELAGGREGATES('1ZVy5a34vEQgHxzfjNz$2F',#5,$,$,#5104,(#5174,#5111));
#6706= IFCRELAGGREGATES('3iWObqxxDETOCToSDxlpU8',#5,$,$,#5113,(#5154,#5120));
#6707= IFCRELCONTAINEDINSPATIALSTRUCTURE('1SE$ER3cP8nvZbQLm7sNo2',#5,$,$,(#5113,#5104,#4945,#4936,#4680,#4665,#4634,#4603,#4548,#4539,#4519,#4504,#4343,#4276,#4187,#4085,#4059,#4012,#3756,#3745,#3736,#3714,#3705,#3681,#3597,#3588,#3382,#3356,#3317,#3288,#2964,#2910,#2860,#2757,#2721,#2707,#2698,#2684,#2675,#2652,#2641,#2574,#2519,#2497,#2470,#2422,#2356,#2347,#2276,#2170,#1406,#1366,#1326,#1286,#1246,#1206,#1166,#1126,#1086,#1046,#1006,#966,#926,#886,#846,#755,#739,#722,#689,#675,#663,#654,#632,#622,#589,#580,#569,#559,#543,#534,#525,#510,#494,#461,#451,#440,#426,#410,#389,#380,#367,#345,#328,#314,#288,#266,#227,#215,#202,#187,#160,#140,#109,#47),#43);
#6708= IFCRELDEFINESBYPROPERTIES('3CtxyexTz7u8GVBlaReNU4',#5,$,$,(#47),#56);
#6709= IFCRELDEFINESBYPROPERTIES('2BcemvDhr3ggdT3OToSLhu',#5,$,$,(#534,#525,#380,#367,#109,#47),#58);
#6710= IFCRELDEFINESBYPROPERTIES('2jl8ue$JTDAwmFTQfJi7lJ',#5,$,$,(#1444,#1438,#1404,#1398,#1364,#1358,#1324,#1318,#1284,#1278,#1244,#1238,#1204,#1198,#1164,#1158,#1124,#1118,#1084,#1078,#1044,#1038,#1004,#998,#964,#958,#924,#918,#884,#878,#844,#838,#752,#746,#737,#731,#720,#714,#708,#702,#696,#687,#673,#661,#652,#646,#640,#630,#620,#614,#608,#602,#596,#587,#578,#567,#557,#551,#541,#532,#523,#517,#508,#502,#492,#486,#480,#474,#468,#459,#449,#438,#424,#418,#408,#402,#387,#378,#365,#359,#353,#343,#337,#326,#312,#306,#300,#286,#264,#258,#252,#246,#237,#225,#213,#200,#185,#179,#170,#158,#136,#130,#117,#88),#106);
#6711= IFCRELDEFINESBYPROPERTIES('2D_kZW8jj95vEu997TiZi1',#5,$,$,(#109),#111);
#6712= IFCRELDEFINESBYPROPERTIES('3ent637OP3n9NMSRswUysw',#5,$,$,(#140),#146);
#6713= IFCRELDEFINESBYPROPERTIES('3HT5MqHm9FTB0ZwE8KIWjJ',#5,$,$,(#160,#140),#148);
#6714= IFCRELDEFINESBYPROPERTIES('06qlunACP0TP6Zs0glw$Uz',#5,$,$,(#160),#164);
#6715= IFCRELDEFINESBYPROPERTIES('3Zl6i5vQL99P8AOtStc2HG',#5,$,$,(#187),#192);
#6716= IFCRELDEFINESBYPROPERTIES('3bNSJrAznC5AapMLqhseA8',#5,$,$,(#187),#194);
#6717= IFCRELDEFINESBYPROPERTIES('0GN6grikn6vBz3FjJWyPsN',#5,$,$,(#202),#205);
#6718= IFCRELDEFINESBYPROPERTIES('2qFrMhQsD0RuxSZw8$eTr0',#5,$,$,(#4680,#4665,#4634,#4603,#4548,#4539,#4187,#4085,#4059,#3597,#3588,#3382,#3356,#3317,#3288,#2964,#2910,#2860,#2757,#689,#654,#589,#580,#569,#559,#461,#451,#440,#426,#227,#215,#202),#207);
#6719= IFCRELDEFINESBYPROPERTIES('0gMiP5yxf98gNk6QHkx_Lf',#5,$,$,(#215),#219);
#6720= IFCRELDEFINESBYPROPERTIES('3flkN3L6b6kRWx6209bb50',#5,$,$,(#227),#231);
#6721= IFCRELDEFINESBYPROPERTIES('0Nko51PZj5qO021R1KF2jy',#5,$,$,(#266),#272);
#6722= IFCRELDEFINESBYPROPERTIES('2tFVIECwrCif2RsA$cqpGX',#5,$,$,(#494,#266),#274);
#6723= IFCRELDEFINESBYPROPERTIES('0iD8mTDEL7fxPv1qKzcgUR',#5,$,$,(#288),#292);
#6724= IFCRELDEFINESBYPROPERTIES('1fhlKAMHj5CQ$8aB_AAHT9',#5,$,$,(#510,#288),#294);
#6725= IFCRELDEFINESBYPROPERTIES('1VHRNE8AzBafFyJmJx6Svq',#5,$,$,(#314),#318);
#6726= IFCRELDEFINESBYPROPERTIES('0aOnzQTGz9dQTz1iyNvfep',#5,$,$,(#632,#622,#543,#345,#328,#314),#320);
#6727= IFCRELDEFINESBYPROPERTIES('0tN2Zv9vb9avMXftGPHeRs',#5,$,$,(#328),#331);
#6728= IFCRELDEFINESBYPROPERTIES('0W2rkUafz81AaHVxxQp6XE',#5,$,$,(#345),#347);
#6729= IFCRELDEFINESBYPROPERTIES('3Q2rnxL_jCIhP_04zR0kJO',#5,$,$,(#367),#372);
#6730= IFCRELDEFINESBYPROPERTIES('3UWfTBEqrBS80Qlski$6KY',#5,$,$,(#380),#381);
#6731= IFCRELDEFINESBYPROPERTIES('01HuPH2Jv8guMt19c4TMeo',#5,$,$,(#389),#394);
#6732= IFCRELDEFINESBYPROPERTIES('1gOhCd_0L8ZeCWz$f4QhYu',#5,$,$,(#410,#389),#396);
#6733= IFCRELDEFINESBYPROPERTIES('0Qm4JTNvXAMgMCQyxSYxzC',#5,$,$,(#410),#412);
#6734= IFCRELDEFINESBYPROPERTIES('2E3VrIe0f2KR_IS2p9N7Go',#5,$,$,(#426),#432);
#6735= IFCRELDEFINESBYPROPERTIES('2pENHaOC58MBiKnWE6yo8R',#5,$,$,(#440),#443);
#6736= IFCRELDEFINESBYPROPERTIES('1jKZB1dmHAYOZvoqX568SB',#5,$,$,(#451),#453);
#6737= IFCRELDEFINESBYPROPERTIES('1rwHTA2f93nxA1joM7Z8NF',#5,$,$,(#461),#462);
#6738= IFCRELDEFINESBYPROPERTIES('0RmuplZ_zBjP_Fv54U4DT4',#5,$,$,(#494),#496);
#6739= IFCRELDEFINESBYPROPERTIES('0nvOkcIoD1vPAmdvgiDNhy',#5,$,$,(#510),#511);
#6740= IFCRELDEFINESBYPROPERTIES('3nQCswWZ50PR_p3IorULvc',#5,$,$,(#525),#526);
#6741= IFCRELDEFINESBYPROPERTIES('386NM7LZHDDxr2KtVONSns',#5,$,$,(#534),#535);
#6742= IFCRELDEFINESBYPROPERTIES('1PxQry9Vf55vPj5skNBlV$',#5,$,$,(#543),#545);
#6743= IFCRELDEFINESBYPROPERTIES('1Yo7Swrsb5celCVPyPGv8o',#5,$,$,(#559),#561);
#6744= IFCRELDEFINESBYPROPERTIES('09wA5LbgP2UulHLaUcmq$$',#5,$,$,(#569),#572);
#6745= IFCRELDEFINESBYPROPERTIES('2GWYFSFWb8684zeOOEMpJP',#5,$,$,(#580),#581);
#6746= IFCRELDEFINESBYPROPERTIES('1vqUAFOZ96F84Oyts4O3Tq',#5,$,$,(#589),#590);
#6747= IFCRELDEFINESBYPROPERTIES('1ryd0iCTjF1gkeRkVKXLqR',#5,$,$,(#622),#624);
#6748= IFCRELDEFINESBYPROPERTIES('1LRBTV41X0UgZB$2lxjoHn',#5,$,$,(#632),#634);
#6749= IFCRELDEFINESBYPROPERTIES('01L0cMUpv1kuXKu5i5ZFsV',#5,$,$,(#654),#655);
#6750= IFCRELDEFINESBYPROPERTIES('0L_xnKocT7fv$JBeUvvSbo',#5,$,$,(#663),#665);
#6751= IFCRELDEFINESBYPROPERTIES('2O5jX6KOLFX8vZsQ3OZ6Nv',#5,$,$,(#663),#667);
#6752= IFCRELDEFINESBYPROPERTIES('3b1DH6$lr9ePNo$oF0iEEp',#5,$,$,(#675),#679);
#6753= IFCRELDEFINESBYPROPERTIES('3WkKfdkkzCwOq3fyICcKaK',#5,$,$,(#675),#681);
#6754= IFCRELDEFINESBYPROPERTIES('1xODKr1x5EZRl3Co6XOEcR',#5,$,$,(#689),#690);
#6755= IFCRELDEFINESBYPROPERTIES('0aQVFemEfC3x1jI0ampQAI',#5,$,$,(#722),#723);
#6756= IFCRELDEFINESBYPROPERTIES('1ceiqPlYD2lPyAnIWc258P',#5,$,$,(#739,#722),#725);
#6757= IFCRELDEFINESBYPROPERTIES('1EAn5iQTTCzxYQoA1JUgCt',#5,$,$,(#739),#740);
#6758= IFCRELDEFINESBYPROPERTIES('2d$u7ieBD6j9kKlVgp5RMj',#5,$,$,(#755),#760);
#6759= IFCRELDEFINESBYPROPERTIES('0QdRnzmmLA2RmLbIKKhgJx',#5,$,$,(#1406,#1366,#1326,#1286,#1246,#1206,#1166,#1126,#1086,#1046,#1006,#966,#926,#886,#846,#755),#762);
#6760= IFCRELDEFINESBYPROPERTIES('2BG6$QWRP8k8Y2QY9yA7Ag',#5,$,$,(#1432,#1426,#1420,#1414,#1392,#1386,#1380,#1374,#1352,#1346,#1340,#1334,#1312,#1306,#1300,#1294,#1272,#1266,#1260,#1254,#1232,#1226,#1220,#1214,#1192,#1186,#1180,#1174,#1152,#1146,#1140,#1134,#1112,#1106,#1100,#1094,#1072,#1066,#1060,#1054,#1032,#1026,#1020,#1014,#992,#986,#980,#974,#952,#946,#940,#934,#912,#906,#900,#894,#872,#866,#860,#854,#822,#811,#798,#777),#785);
#6761= IFCRELDEFINESBYPROPERTIES('0fkXOlGhL5O8GLnFAjdEXJ',#5,$,$,(#846),#848);
#6762= IFCRELDEFINESBYPROPERTIES('3MDCjf6RH2TQGdHStKxTQP',#5,$,$,(#886),#888);
#6763= IFCRELDEFINESBYPROPERTIES('3ex3_aAiP3YgHxygIxHmQ2',#5,$,$,(#926),#928);
#6764= IFCRELDEFINESBYPROPERTIES('3KCOLorq9Cbue$47a_WExI',#5,$,$,(#966),#968);
#6765= IFCRELDEFINESBYPROPERTIES('0jFFYTpTPCnfiXxKwFZbgQ',#5,$,$,(#1006),#1008);
#6766= IFCRELDEFINESBYPROPERTIES('36pxWcb5f0EByCF933R3yy',#5,$,$,(#1046),#1048);
#6767= IFCRELDEFINESBYPROPERTIES('0MC_Hc90f3dxWT2xKweIW0',#5,$,$,(#1086),#1088);
#6768= IFCRELDEFINESBYPROPERTIES('3caBkD76TCR8oD81LuiUEG',#5,$,$,(#1126),#1128);
#6769= IFCRELDEFINESBYPROPERTIES('3yAVnyqrb7X90$nN8W6mov',#5,$,$,(#1166),#1168);
#6770= IFCRELDEFINESBYPROPERTIES('2_3XebmTLExe0UCaIf1Ij4',#5,$,$,(#1206),#1208);
#6771= IFCRELDEFINESBYPROPERTIES('3DfhctCu53E8V_S50ThDqx',#5,$,$,(#1246),#1248);
#6772= IFCRELDEFINESBYPROPERTIES('3Jc3EpsS95avsn71pusKPJ',#5,$,$,(#1286),#1288);
#6773= IFCRELDEFINESBYPROPERTIES('02PyvzX_T929UAWfISprhx',#5,$,$,(#1326),#1328);
#6774= IFCRELDEFINESBYPROPERTIES('2CRsRoN8PFZu$boKM1zo52',#5,$,$,(#1366),#1368);
#6775= IFCRELDEFINESBYPROPERTIES('3bU2sHBQT3bAkRQiP5w84T',#5,$,$,(#1406),#1408);
#6776= IFCRELDEFINESBYPROPERTIES('3hSR0xdZHD3AM9vws4JMfy',#5,$,$,(#6589,#6573,#6565,#6557,#6543,#6529,#6515,#6501,#6487,#6473,#6459,#6445,#6431,#6417,#6403,#6389,#6375,#6361,#6330,#6303,#6294,#6277,#6248,#6227,#6219,#6211,#6194,#6175,#6140,#6110,#6078,#6059,#6047,#6035,#6021,#6009,#5997,#5985,#5973,#5962,#5952,#5940,#5920,#5894,#5868,#5848,#5829,#5811,#5792,#5774,#5762,#5756,#5750,#5736,#5724,#5700,#5677,#5645,#5620,#5586,#5549,#5527,#5516,#5510,#5488,#5468,#5447,#5421,#5401,#5373,#5353,#5336,#5316,#5298,#5270,#5227,#5200,#5188,#5180,#5174,#5160,#5154,#5140,#5134,#5102,#5096,#5082,#5076,#5062,#5056,#5030,#5005,#4934,#4922,#4910,#4898,#4886,#4874,#4862,#4850,#4838,#4826,#4814,#4802,#4790,#4778,#4766,#4754,#4742,#4729,#4723,#4717,#4711,#4705,#4699,#4693,#4678,#4601,#4595,#4561,#4555,#4546,#4531,#4525,#4517,#4496,#4490,#4484,#4478,#4466,#4454,#4442,#4430,#4418,#4406,#4394,#4382,#4370,#4358,#4341,#4329,#4302,#4243,#4231,#4202,#4195,#4185,#4166,#4057,#4051,#4010,#3998,#3986,#3971,#3959,#3935,#3917,#3903,#3891,#3876,#3864,#3838,#3813,#3799,#3787,#3775,#3678,#3672,#3665,#3659,#3652,#3639,#3610,#3604,#3595,#3505,#3493,#3470,#3353,#3339,#3286,#3280,#3273,#3267,#3261,#3249,#3237,#3211,#3145,#3130,#3118,#3100,#3088,#3076,#3064,#3058,#3049,#3026,#2908,#2900,#2856,#2833,#2740,#2727,#2719,#2713,#2696,#2690,#2667,#2658,#2591,#2515,#2509,#2503,#2488,#2382,#2376,#2368,#2362,#2324,#2309,#2288,#2254,#2163,#2147,#2135,#2101,#2060,#2008,#1928,#1916,#1910,#1904,#1898,#1892,#1886,#1880,#1874,#1868,#1862,#1856,#1850,#1844,#1838,#1832,#1805,#1607,#1601,#1595,#1589,#1583,#1577,#1571,#1565,#1559,#1553,#1547,#1541,#1535,#1529,#1492),#1495);
#6777= IFCRELDEFINESBYPROPERTIES('2uPY8hbkX6AwLBtwT1gosm',#5,$,$,(#1916,#1607,#1601,#1595,#1589,#1583,#1577,#1571,#1565,#1559,#1553,#1547,#1541,#1535,#1529,#1492),#1503);
#6778= IFCRELDEFINESBYPROPERTIES('3q_Oz3rf147wqjpBtBMuFP',#5,$,$,(#1916,#1607,#1601,#1595,#1589,#1583,#1577,#1571,#1565,#1559,#1553,#1547,#1541,#1535,#1529,#1492),#1512);
#6779= IFCRELDEFINESBYPROPERTIES('3ysxOpRc9CYvbL6m9BZoGd',#5,$,$,(#1916,#1607,#1601,#1595,#1589,#1583,#1577,#1571,#1565,#1559,#1553,#1547,#1541,#1535,#1529,#1492),#1515);
#6780= IFCRELDEFINESBYPROPERTIES('3MThey3QPE6v0yQxfZ$PBs',#5,$,$,(#1916,#1607,#1601,#1595,#1589,#1583,#1577,#1571,#1565,#1559,#1553,#1547,#1541,#1535,#1529,#1492),#1522);
#6781= IFCRELDEFINESBYPROPERTIES('0EsAXTMpXC_uwDN6jKlxef',#5,$,$,(#1922,#1761,#1755,#1749,#1743,#1737,#1731,#1725,#1719,#1713,#1707,#1701,#1695,#1689,#1683,#1663),#1676);
#6782= IFCRELDEFINESBYPROPERTIES('0wRfNy1SH65vN5D0ejpT41',#5,$,$,(#4934,#4922,#4910,#4898,#4406,#4394,#4382,#4370,#3787,#3775,#3261,#3249,#3237,#3211,#1928,#1910,#1904,#1898,#1892,#1886,#1880,#1874,#1868,#1862,#1856,#1850,#1844,#1838,#1832,#1805),#1809);
#6783= IFCRELDEFINESBYPROPERTIES('2OasZ6HIX1lhUDSs9tQVhX',#5,$,$,(#1928,#1910,#1904,#1898,#1892,#1886,#1880,#1874,#1868,#1862,#1856,#1850,#1844,#1838,#1832,#1805),#1818);
#6784= IFCRELDEFINESBYPROPERTIES('2lF417FlXEhPprk624zV4A',#5,$,$,(#1928,#1910,#1904,#1898,#1892,#1886,#1880,#1874,#1868,#1862,#1856,#1850,#1844,#1838,#1832,#1805),#1820);
#6785= IFCRELDEFINESBYPROPERTIES('398HHM$Kv2UvmhoGXMQq5N',#5,$,$,(#1928,#1910,#1904,#1898,#1892,#1886,#1880,#1874,#1868,#1862,#1856,#1850,#1844,#1838,#1832,#1805),#1826);
#6786= IFCRELDEFINESBYPROPERTIES('0Znq9Uti580Q3cGuK0i_g4',#5,$,$,(#4880,#4868,#4856,#4844,#4832,#4820,#4472,#4460,#4448,#4436,#4424,#4412,#4004,#3992,#3980,#3965,#3885,#3870,#3139,#3124,#3112,#3094,#3082,#3070,#2141,#2129,#2048,#1982),#1990);
#6787= IFCRELDEFINESBYPROPERTIES('1M_tAXgpz68ghU37q7ZxY_',#5,$,$,(#4418,#3076,#2135,#2008),#2013);
#6788= IFCRELDEFINESBYPROPERTIES('18y$oP89XECvg5PabPKQOK',#5,$,$,(#4418,#3076,#2135,#2008),#2020);
#6789= IFCRELDEFINESBYPROPERTIES('3GWL$FyIv9AwB6CMxMwkdi',#5,$,$,(#4886,#4874,#4862,#4850,#4838,#4826,#4478,#4466,#4454,#4442,#4418,#4010,#3998,#3986,#3971,#3891,#3876,#3145,#3130,#3118,#3100,#3076,#2135,#2008),#2022);
#6790= IFCRELDEFINESBYPROPERTIES('0O9JAUH8TEQPTsdahztYYq',#5,$,$,(#4886,#4874,#4862,#4850,#4838,#4826,#4478,#4466,#4454,#4442,#4418,#4010,#3998,#3986,#3971,#3891,#3876,#3145,#3130,#3118,#3100,#3076,#2135,#2008),#2029);
#6791= IFCRELDEFINESBYPROPERTIES('2GqQHdn4v2dhj_1KoAHSH$',#5,$,$,(#4430,#3088,#2147,#2060),#2063);
#6792= IFCRELDEFINESBYPROPERTIES('2u$s2GwOvDg8ZOPg7Ozx$Y',#5,$,$,(#4430,#3088,#2147,#2060),#2069);
#6793= IFCRELDEFINESBYPROPERTIES('3dTIf_kT58aALAnNx8PLIC',#5,$,$,(#4430,#3088,#2147,#2060),#2071);
#6794= IFCRELDEFINESBYPROPERTIES('1YMhm8WFPCePu$uR4k3XC9',#5,$,$,(#4430,#3088,#2147,#2060),#2076);
#6795= IFCRELDEFINESBYPROPERTIES('2JKcW1KfXFWRhKVX3JIp9u',#5,$,$,(#5774,#5762,#5353,#5316,#2163,#2101),#2106);
#6796= IFCRELDEFINESBYPROPERTIES('08FT1eRUr3qfWF8LU1EVYb',#5,$,$,(#5774,#5353,#2163,#2101),#2115);
#6797= IFCRELDEFINESBYPROPERTIES('2MYJlMtDf118zWwWOlVzqE',#5,$,$,(#5774,#5353,#2163,#2101),#2117);
#6798= IFCRELDEFINESBYPROPERTIES('22f70E21D9swODojX7on3H',#5,$,$,(#5353,#2101),#2122);
#6799= IFCRELDEFINESBYPROPERTIES('28Do9hAQbEE89hEw52k4iW',#5,$,$,(#5774,#2163),#2168);
#6800= IFCRELDEFINESBYPROPERTIES('1MKXpeclvFf9juoAQGF2R2',#5,$,$,(#2276,#2170),#2175);
#6801= IFCRELDEFINESBYPROPERTIES('1zReOTgDf2gRj3BDWTPKlp',#5,$,$,(#4519,#4504,#2721,#2707,#2698,#2684,#2675,#2652,#2641,#2574,#2497,#2470,#2356,#2347,#2276,#2170),#2177);
#6802= IFCRELDEFINESBYPROPERTIES('1QGYvNxMD1oQA_hIKmzPxK',#5,$,$,(#4511,#4502,#2705,#2682,#2673,#2650,#2639,#2625,#2572,#2540,#2468,#2420,#2354,#2345,#2238,#2215),#2222);
#6803= IFCRELDEFINESBYPROPERTIES('2xvUpCrAT9a9X5UF6839eM',#5,$,$,(#2509,#2376,#2368,#2362,#2309,#2288,#2254),#2258);
#6804= IFCRELDEFINESBYPROPERTIES('0jKVNJERD7eeBdy7r3KSVo',#5,$,$,(#4490,#4484,#3280,#3267,#2509,#2376,#2254),#2265);
#6805= IFCRELDEFINESBYPROPERTIES('1JfALM7pP8Ng1YAXoe7CYU',#5,$,$,(#4490,#4484,#3280,#3267,#2509,#2376,#2254),#2267);
#6806= IFCRELDEFINESBYPROPERTIES('2A32ZtdzDD$h4CxZDyVjQj',#5,$,$,(#4490,#4484,#3280,#3267,#2509,#2376,#2254),#2274);
#6807= IFCRELDEFINESBYPROPERTIES('19bWeCdjr5SBwISuPEYiIZ',#5,$,$,(#4531,#4525,#2719,#2713,#2696,#2690,#2667,#2658,#2503,#2488,#2368,#2362,#2309,#2288),#2295);
#6808= IFCRELDEFINESBYPROPERTIES('2ezoI7fib4oxQFUrWL6mjT',#5,$,$,(#4531,#4525,#2719,#2713,#2696,#2690,#2667,#2658,#2503,#2488,#2368,#2362,#2309,#2288),#2297);
#6809= IFCRELDEFINESBYPROPERTIES('1f6h9Bm2zCj8my4PVye3Kh',#5,$,$,(#4531,#4525,#2719,#2713,#2696,#2690,#2667,#2658,#2368,#2362,#2309,#2288),#2303);
#6810= IFCRELDEFINESBYPROPERTIES('1RNBQDnHzEwB_BcYPX3Tky',#5,$,$,(#2515,#2382,#2324),#2327);
#6811= IFCRELDEFINESBYPROPERTIES('1C8TJYVlD8yvEfKo17lrro',#5,$,$,(#4517,#4496,#3286,#3273,#2515,#2382,#2324),#2332);
#6812= IFCRELDEFINESBYPROPERTIES('2LD$21oID7Cx3kfMEpJul7',#5,$,$,(#4517,#4496,#3286,#3273,#2515,#2382,#2324),#2334);
#6813= IFCRELDEFINESBYPROPERTIES('2kPku8dBPFBRFiaTS0nqkK',#5,$,$,(#4517,#4496,#3286,#3273,#2515,#2382,#2324),#2339);
#6814= IFCRELDEFINESBYPROPERTIES('3dYlxm7HP9K8FODlvBjWvD',#5,$,$,(#2356,#2347),#2348);
#6815= IFCRELDEFINESBYPROPERTIES('1guO4ruyD8yvvey2S_Ne4V',#5,$,$,(#2422),#2427);
#6816= IFCRELDEFINESBYPROPERTIES('39cSscZO98nvgEinjM_VcO',#5,$,$,(#2422),#2429);
#6817= IFCRELDEFINESBYPROPERTIES('1lG1_NrfD7aBNPfTnESoYj',#5,$,$,(#2497,#2470),#2471);
#6818= IFCRELDEFINESBYPROPERTIES('3DqSE26z59c8f$Xs2Fc0rf',#5,$,$,(#2503,#2488),#2490);
#6819= IFCRELDEFINESBYPROPERTIES('0dgqubPfr2i9_WYyKu6KWy',#5,$,$,(#2503,#2488),#2495);
#6820= IFCRELDEFINESBYPROPERTIES('2LQaw_WiT3ngxaMOcE5ffR',#5,$,$,(#2519),#2524);
#6821= IFCRELDEFINESBYPROPERTIES('0ehaMO$wTCzRwF8cpNgeHB',#5,$,$,(#2519),#2526);
#6822= IFCRELDEFINESBYPROPERTIES('1J1Yh_O5H7EedMGC99a790',#5,$,$,(#2721,#2574),#2579);
#6823= IFCRELDEFINESBYPROPERTIES('3uUphLADHFMPjux8UO9Fpu',#5,$,$,(#2740,#2727,#2591),#2594);
#6824= IFCRELDEFINESBYPROPERTIES('0Y$i4$J5rC0Qyn6pJyaQXr',#5,$,$,(#2727,#2591),#2600);
#6825= IFCRELDEFINESBYPROPERTIES('3OriBMJz59m9DzokTOuTLc',#5,$,$,(#2727,#2591),#2602);
#6826= IFCRELDEFINESBYPROPERTIES('2kYbqhmIfDxeSnyLIUSF15',#5,$,$,(#2727,#2591),#2607);
#6827= IFCRELDEFINESBYPROPERTIES('2MiKeBQe5CfP9odoPUvz4f',#5,$,$,(#2652,#2641),#2644);
#6828= IFCRELDEFINESBYPROPERTIES('2gDDeVnw98fBD_x2lu1LR6',#5,$,$,(#4531,#4525,#4490,#4484,#3280,#3267,#2719,#2713,#2696,#2690,#2667,#2658),#2661);
#6829= IFCRELDEFINESBYPROPERTIES('2LdvANwHTD5eXMngDI9qe4',#5,$,$,(#2684,#2675),#2676);
#6830= IFCRELDEFINESBYPROPERTIES('10XLaHZQn1qRI4qzoMWFVd',#5,$,$,(#2707,#2698),#2699);
#6831= IFCRELDEFINESBYPROPERTIES('0llZDNmgjDL9$Uy$BKjzRw',#5,$,$,(#2740),#2746);
#6832= IFCRELDEFINESBYPROPERTIES('3oezSkdKv3exF3Y4FV59V3',#5,$,$,(#2740),#2748);
#6833= IFCRELDEFINESBYPROPERTIES('2cek_ol8H8OAgW77T_L9Yl',#5,$,$,(#2740),#2755);
#6834= IFCRELDEFINESBYPROPERTIES('19oh063vvAzQBBO3qlvuZo',#5,$,$,(#2757),#2762);
#6835= IFCRELDEFINESBYPROPERTIES('3vyq3iLqf7mgUnISgRGKyR',#5,$,$,(#4687,#4672,#4663,#4657,#4632,#4610,#4589,#4583,#4237,#4225,#4154,#4131,#4108,#4083,#4045,#4039,#3646,#3633,#3568,#3545,#3406,#3380,#3327,#3315,#3012,#2989,#2962,#2939,#2894,#2884,#2822,#2798),#2800);
#6836= IFCRELDEFINESBYPROPERTIES('2PykY5RgT4XOJbCL3mJrkv',#5,$,$,(#4231,#4051,#2900,#2833),#2837);
#6837= IFCRELDEFINESBYPROPERTIES('22dN6bvmX7L80fyCW1$xNI',#5,$,$,(#4717,#4678,#4601,#4595,#4243,#4231,#4057,#4051,#3652,#3639,#3353,#3339,#2908,#2900,#2856,#2833),#2843);
#6838= IFCRELDEFINESBYPROPERTIES('2pHS4zh6f6jx2Yc5utEYzg',#5,$,$,(#2856,#2833),#2845);
#6839= IFCRELDEFINESBYPROPERTIES('2k8MrmN2bBExkXqvwg8lvZ',#5,$,$,(#2908,#2900,#2856,#2833),#2850);
#6840= IFCRELDEFINESBYPROPERTIES('2FWUIIHtH9guHMdh9HTB4c',#5,$,$,(#4243,#4057,#2908,#2856),#2858);
#6841= IFCRELDEFINESBYPROPERTIES('0iLsGEt7XFogYz0dPR1mfh',#5,$,$,(#2860),#2861);
#6842= IFCRELDEFINESBYPROPERTIES('0eJZ641gr4wQv17AcmLXUS',#5,$,$,(#2908,#2900),#2902);
#6843= IFCRELDEFINESBYPROPERTIES('080VSPjGb7SwOjpUk0_qUn',#5,$,$,(#2910),#2914);
#6844= IFCRELDEFINESBYPROPERTIES('3U$JfKWJDFnfku7aZc7Zow',#5,$,$,(#2964),#2966);
#6845= IFCRELDEFINESBYPROPERTIES('2zk17Bo0vAgOQgXnH0IGrx',#5,$,$,(#4711,#4705,#4699,#4693,#4195,#4185,#3678,#3672,#3665,#3659,#3064,#3026),#3030);
#6846= IFCRELDEFINESBYPROPERTIES('3oefTuVh1DggH0nFxLjjCk',#5,$,$,(#4711,#4705,#4699,#4693,#4202,#4195,#4185,#4166,#3678,#3672,#3665,#3659,#3064,#3058,#3049,#3026),#3034);
#6847= IFCRELDEFINESBYPROPERTIES('3Ac8Uv1CTA5B9yfPpguZTu',#5,$,$,(#4711,#4705,#4699,#4693,#4202,#4195,#3678,#3672,#3665,#3659,#3064,#3058,#3049,#3026),#3036);
#6848= IFCRELDEFINESBYPROPERTIES('2SsQJukmD1Avv3BQIcOn0G',#5,$,$,(#4711,#4705,#4699,#4693,#4202,#4195,#3678,#3672,#3665,#3659,#3064,#3058,#3049,#3026),#3042);
#6849= IFCRELDEFINESBYPROPERTIES('0x2LUdCfX6SvNyOTifwucQ',#5,$,$,(#3058,#3049),#3052);
#6850= IFCRELDEFINESBYPROPERTIES('3DrqX$rCH3x8IR0b8oZYbR',#5,$,$,(#4478,#4454,#3118,#3100),#3103);
#6851= IFCRELDEFINESBYPROPERTIES('1Ydnzmavj2k8Dvp68tzmmF',#5,$,$,(#4886,#4874,#4862,#4850,#4838,#4826,#4478,#4466,#4454,#4442,#4010,#3998,#3986,#3971,#3891,#3876,#3145,#3130,#3118,#3100),#3105);
#6852= IFCRELDEFINESBYPROPERTIES('2WJz$Vbor4thEqYo7CqNdH',#5,$,$,(#4466,#4442,#3145,#3130),#3133);
#6853= IFCRELDEFINESBYPROPERTIES('1o9OZleJTFT80HNUN9gkIW',#5,$,$,(#4928,#4916,#4904,#4892,#4400,#4388,#4376,#4364,#3807,#3793,#3781,#3769,#3255,#3243,#3231,#3190),#3197);
#6854= IFCRELDEFINESBYPROPERTIES('2p0W28x_91UfQaklyJxBRL',#5,$,$,(#4934,#4922,#4910,#4898,#4406,#4394,#4382,#4370,#3813,#3799,#3787,#3775,#3261,#3249,#3237,#3211),#3217);
#6855= IFCRELDEFINESBYPROPERTIES('2HZmdvwGH01ey1bA638xDa',#5,$,$,(#4934,#4922,#4910,#4898,#4406,#4394,#4382,#4370,#3813,#3799,#3787,#3775,#3261,#3249,#3237,#3211),#3219);
#6856= IFCRELDEFINESBYPROPERTIES('27$Bpg2UX7uRbIcTmQAM3T',#5,$,$,(#4934,#4922,#4910,#4898,#4406,#4394,#4382,#4370,#3813,#3799,#3787,#3775,#3261,#3249,#3237,#3211),#3225);
#6857= IFCRELDEFINESBYPROPERTIES('09mCtF8VrEGwcX3YDJ9OKq',#5,$,$,(#4517,#4496,#3286,#3273),#3274);
#6858= IFCRELDEFINESBYPROPERTIES('1ykDSBa814$AqSrxj8lW_k',#5,$,$,(#3288),#3291);
#6859= IFCRELDEFINESBYPROPERTIES('0_pQKplxrAVAW5KxCmpK$l',#5,$,$,(#3317),#3319);
#6860= IFCRELDEFINESBYPROPERTIES('06Uzx0nYr2EAn3fmqRgddz',#5,$,$,(#4717,#4678,#4601,#4595,#3652,#3639,#3353,#3339),#3342);
#6861= IFCRELDEFINESBYPROPERTIES('2p21ct1Yr3kON3kp2BAR4K',#5,$,$,(#4717,#4595,#4243,#4231,#3652,#3339),#3343);
#6862= IFCRELDEFINESBYPROPERTIES('36kK3rWdPBBusAvZ6nLVeC',#5,$,$,(#4717,#4678,#4601,#4595,#4243,#4231,#4057,#4051,#3652,#3639,#3353,#3339),#3347);
#6863= IFCRELDEFINESBYPROPERTIES('0HP27w$B1EJORx6ZtiPkvb',#5,$,$,(#4678,#4601,#4057,#4051,#3639,#3353),#3354);
#6864= IFCRELDEFINESBYPROPERTIES('1kS6FZYTD1ERw7PEso52KR',#5,$,$,(#3356),#3357);
#6865= IFCRELDEFINESBYPROPERTIES('0vvCRccCv8cRjW1khnamu2',#5,$,$,(#3382),#3383);
#6866= IFCRELDEFINESBYPROPERTIES('1MUPEqgT52UfvVRI8C6Cb3',#5,$,$,(#4736,#4537,#3586,#3454),#3456);
#6867= IFCRELDEFINESBYPROPERTIES('0k5F96glvBdgeP99NWzoJJ',#5,$,$,(#4742,#4729,#4555,#4546,#3604,#3595,#3493,#3470),#3474);
#6868= IFCRELDEFINESBYPROPERTIES('21d0zhMxb4Cxpg2acS4PwL',#5,$,$,(#4742,#4729,#4555,#4546,#3604,#3595,#3493,#3470),#3479);
#6869= IFCRELDEFINESBYPROPERTIES('2d7CNTiWf4$uGRbjgiEl0q',#5,$,$,(#4742,#4729,#4555,#4546,#3604,#3595,#3493,#3470),#3481);
#6870= IFCRELDEFINESBYPROPERTIES('2awwhn3jf5RxfFIIcTsncl',#5,$,$,(#4742,#4729,#4555,#4546,#3604,#3595,#3493,#3470),#3487);
#6871= IFCRELDEFINESBYPROPERTIES('00lRYrrzHAy9zimTFRoCDe',#5,$,$,(#4723,#4561,#3610,#3505),#3508);
#6872= IFCRELDEFINESBYPROPERTIES('1qINc7GM902QQlI1w6BcWH',#5,$,$,(#4723,#4561,#3610,#3505),#3514);
#6873= IFCRELDEFINESBYPROPERTIES('3f28gtcJj7FurIpZFlb5A2',#5,$,$,(#4723,#4561,#3610,#3505),#3516);
#6874= IFCRELDEFINESBYPROPERTIES('37dDNfi6LCe9JTXMnBCB2k',#5,$,$,(#4723,#4561,#3610,#3505),#3522);
#6875= IFCRELDEFINESBYPROPERTIES('1OF2Xf$tz74ecnldO8_g0a',#5,$,$,(#3588),#3589);
#6876= IFCRELDEFINESBYPROPERTIES('1xVT3roIDAmAkc46Xt5J8s',#5,$,$,(#3597),#3598);
#6877= IFCRELDEFINESBYPROPERTIES('02zWF4onD01w6ReTxgs5by',#5,$,$,(#3681),#3686);
#6878= IFCRELDEFINESBYPROPERTIES('0B$_HB1jP7lBJ69scJDpyC',#5,$,$,(#5113,#5104,#4945,#4936,#3756,#3736,#3705,#3681),#3688);
#6879= IFCRELDEFINESBYPROPERTIES('3$KmBcaRD0ZAqur4yU9Ezm',#5,$,$,(#5120,#5111,#4952,#4943,#3763,#3754,#3743,#3734,#3712,#3701),#3703);
#6880= IFCRELDEFINESBYPROPERTIES('2oxvjs2aj6gwwZbaZ_Zt9Y',#5,$,$,(#3705),#3706);
#6881= IFCRELDEFINESBYPROPERTIES('3cuf0yNdT8TQSBCVRph6E7',#5,$,$,(#3714),#3719);
#6882= IFCRELDEFINESBYPROPERTIES('0DOJUiylTF2OavPIu_T1Qb',#5,$,$,(#3714),#3721);
#6883= IFCRELDEFINESBYPROPERTIES('17PXt6HJz0BA3OxYF$Gpir',#5,$,$,(#3736),#3737);
#6884= IFCRELDEFINESBYPROPERTIES('2ccQp0dOT5tAcABpZ2ZMbP',#5,$,$,(#3745),#3746);
#6885= IFCRELDEFINESBYPROPERTIES('3YtbZmaM58fgU0oOVMrypB',#5,$,$,(#3745),#3748);
#6886= IFCRELDEFINESBYPROPERTIES('0bpEM948z5xe02ykAA0bqi',#5,$,$,(#3756),#3757);
#6887= IFCRELDEFINESBYPROPERTIES('0NHVIdmP1Cw8KTDrzYhDzz',#5,$,$,(#3813,#3799),#3801);
#6888= IFCRELDEFINESBYPROPERTIES('3bd5VrKQ9FXg8a4mC4FAS6',#5,$,$,(#4808,#4796,#4784,#4772,#4760,#4748,#3953,#3923,#3911,#3897,#3858,#3825),#3826);
#6889= IFCRELDEFINESBYPROPERTIES('3NBRPhJk13welJeHv9T9uE',#5,$,$,(#4766,#4754,#3864,#3838),#3841);
#6890= IFCRELDEFINESBYPROPERTIES('2RIU$B08DCRO$is7U99KfM',#5,$,$,(#4790,#4778,#4766,#4754,#3917,#3903,#3864,#3838),#3845);
#6891= IFCRELDEFINESBYPROPERTIES('05scWY8rn9ghC_t93Frr9T',#5,$,$,(#4790,#4778,#4766,#4754,#3917,#3903,#3864,#3838),#3847);
#6892= IFCRELDEFINESBYPROPERTIES('1$oCT1C9rAohfD8reMPENa',#5,$,$,(#4790,#4778,#4766,#4754,#3917,#3903,#3864,#3838),#3852);
#6893= IFCRELDEFINESBYPROPERTIES('0wQVjYAXD2_QzzMShkEELy',#5,$,$,(#4838,#4826,#3891,#3876),#3879);
#6894= IFCRELDEFINESBYPROPERTIES('0VAc3k6dvA$PHjS2XNjOvf',#5,$,$,(#4814,#4802,#4790,#4778,#3959,#3935,#3917,#3903),#3905);
#6895= IFCRELDEFINESBYPROPERTIES('3qIqwTfD14shdVZC5klxen',#5,$,$,(#4814,#4802,#3959,#3935),#3940);
#6896= IFCRELDEFINESBYPROPERTIES('3kcREwpzb0Ch0vOyBbR3Mu',#5,$,$,(#4814,#4802,#3959,#3935),#3942);
#6897= IFCRELDEFINESBYPROPERTIES('0S91rcoDT5nxoscN5jc_JC',#5,$,$,(#4814,#4802,#3959,#3935),#3947);
#6898= IFCRELDEFINESBYPROPERTIES('3LYJbzOTjEWf4yzUoJCEJ0',#5,$,$,(#4886,#4874,#4862,#4850,#4010,#3998,#3986,#3971),#3974);
#6899= IFCRELDEFINESBYPROPERTIES('14QT13Vd176vkBUtcJjQMP',#5,$,$,(#4012),#4013);
#6900= IFCRELDEFINESBYPROPERTIES('1UA4wRtV5CpAxZgDDcEC60',#5,$,$,(#4012),#4015);
#6901= IFCRELDEFINESBYPROPERTIES('1tDwEY0pr2NQPrponIASmF',#5,$,$,(#4059),#4060);
#6902= IFCRELDEFINESBYPROPERTIES('1nULr$DrHESgX7$GrCMJNE',#5,$,$,(#4085),#4086);
#6903= IFCRELDEFINESBYPROPERTIES('2j$$qVrRH4mRhs0r2DhJKl',#5,$,$,(#4202,#4166),#4169);
#6904= IFCRELDEFINESBYPROPERTIES('11N6MQ7AP699w1$a602xKI',#5,$,$,(#4185,#4166),#4170);
#6905= IFCRELDEFINESBYPROPERTIES('3caThLWMz0BPayDbBcrxtF',#5,$,$,(#4185,#4166),#4179);
#6906= IFCRELDEFINESBYPROPERTIES('0kMZkRbPH8NA_qvW8mcQW3',#5,$,$,(#4187),#4188);
#6907= IFCRELDEFINESBYPROPERTIES('196c4kErrB5BN9DPf77BK7',#5,$,$,(#5194,#5166,#5146,#5126,#5088,#5068,#5048,#4964,#4352,#4335,#4286,#4272),#4274);
#6908= IFCRELDEFINESBYPROPERTIES('1qCUXkfvz71QWVRw7oEGiz',#5,$,$,(#4276),#4278);
#6909= IFCRELDEFINESBYPROPERTIES('374HWO5LL2qAnKYicerMuv',#5,$,$,(#4276),#4280);
#6910= IFCRELDEFINESBYPROPERTIES('0febJ9yCPCPB_ilG8wfJyZ',#5,$,$,(#4358,#4341,#4329,#4302),#4306);
#6911= IFCRELDEFINESBYPROPERTIES('2BLM6Zk_z3Uv3CbePL79Qw',#5,$,$,(#4358,#4341,#4329,#4302),#4314);
#6912= IFCRELDEFINESBYPROPERTIES('1r4foqF9r7YAJz3n5l28hh',#5,$,$,(#4358,#4341,#4329,#4302),#4316);
#6913= IFCRELDEFINESBYPROPERTIES('1N46jAusr78xyj6rIkELrV',#5,$,$,(#4358,#4341,#4329,#4302),#4323);
#6914= IFCRELDEFINESBYPROPERTIES('2TA2IbfqfAQuvE1wRiKv5p',#5,$,$,(#4343),#4344);
#6915= IFCRELDEFINESBYPROPERTIES('3ZBa0kk810A9Q4FoA594Ru',#5,$,$,(#4343),#4346);
#6916= IFCRELDEFINESBYPROPERTIES('3sOVqlg8b9PQW6I2xaUHJo',#5,$,$,(#4519,#4504),#4505);
#6917= IFCRELDEFINESBYPROPERTIES('20Y7XjXMb058lsTjGwSAlp',#5,$,$,(#4539),#4540);
#6918= IFCRELDEFINESBYPROPERTIES('2tkklJQsv5gxKj1ms5x2WU',#5,$,$,(#4548),#4549);
#6919= IFCRELDEFINESBYPROPERTIES('0yE56ZiiHDr8wEX0StZJMV',#5,$,$,(#4603),#4604);
#6920= IFCRELDEFINESBYPROPERTIES('00F4D4O$HE2hGkjxzZW09D',#5,$,$,(#4634),#4635);
#6921= IFCRELDEFINESBYPROPERTIES('3TpVeJ_InD$uZ$fENJAb76',#5,$,$,(#4665),#4666);
#6922= IFCRELDEFINESBYPROPERTIES('1tr1yeP8vDMvhAjvUbxlno',#5,$,$,(#4680),#4681);
#6923= IFCRELDEFINESBYPROPERTIES('3iZzVJm1rB9fUfcx2303xT',#5,$,$,(#4936),#4937);
#6924= IFCRELDEFINESBYPROPERTIES('31JHfTJm17rftrok4OhInf',#5,$,$,(#4945),#4946);
#6925= IFCRELDEFINESBYPROPERTIES('0DG5tHAQfCEAFAG_GXpRJR',#5,$,$,(#5188,#5174,#5154,#5134,#5096,#5076,#5056,#5005),#5010);
#6926= IFCRELDEFINESBYPROPERTIES('1aIVIzF5P8Yf$M19OTnV8X',#5,$,$,(#5188,#5174,#5154,#5134,#5096,#5076,#5056,#5005),#5014);
#6927= IFCRELDEFINESBYPROPERTIES('0a78osvB1Abuv81eejJBAK',#5,$,$,(#5188,#5174,#5154,#5134,#5096,#5076,#5056,#5005),#5016);
#6928= IFCRELDEFINESBYPROPERTIES('03Hc9$G9r7S9LpYoJYA7pT',#5,$,$,(#5188,#5174,#5154,#5134,#5096,#5076,#5056,#5005),#5021);
#6929= IFCRELDEFINESBYPROPERTIES('2oB3Dt1Rr9yg8_WmFG3NqQ',#5,$,$,(#5200,#5180,#5160,#5140,#5102,#5082,#5062,#5030),#5031);
#6930= IFCRELDEFINESBYPROPERTIES('2OfgXTZkfEcuDNX6fsEayL',#5,$,$,(#5200,#5180,#5160,#5140,#5102,#5082,#5062,#5030),#5035);
#6931= IFCRELDEFINESBYPROPERTIES('0JaMSbKd59SRm6viAXkHZV',#5,$,$,(#5200,#5180,#5160,#5140,#5102,#5082,#5062,#5030),#5037);
#6932= IFCRELDEFINESBYPROPERTIES('1cgzBlTcnBkhaAjqGyg2rM',#5,$,$,(#5200,#5180,#5160,#5140,#5102,#5082,#5062,#5030),#5042);
#6933= IFCRELDEFINESBYPROPERTIES('3rLkPom059ehkuTAHf1MF0',#5,$,$,(#5104),#5105);
#6934= IFCRELDEFINESBYPROPERTIES('1ov1Z6cw93RePzcmJobgDU',#5,$,$,(#5113),#5114);
#6935= IFCRELDEFINESBYPROPERTIES('19D5ruG7H5ogzSnaDHfFdP',#5,$,$,(#5920,#5894,#5868,#5468,#5298,#5270,#5227),#5231);
#6936= IFCRELDEFINESBYPROPERTIES('3gryJElT9E3gpsAWVCqAAb',#5,$,$,(#6589,#5920,#5894,#5868,#5468,#5298,#5270,#5227),#5238);
#6937= IFCRELDEFINESBYPROPERTIES('1YHuEj1Xv5uxGerMf_vkjh',#5,$,$,(#6589,#5868,#5298,#5227),#5240);
#6938= IFCRELDEFINESBYPROPERTIES('1LwKDNAuH7efsCGDWfh3MX',#5,$,$,(#5227),#5249);
#6939= IFCRELDEFINESBYPROPERTIES('0qoq2B_HLCAPGVyGlm$57m',#5,$,$,(#5920,#5894,#5468,#5270),#5272);
#6940= IFCRELDEFINESBYPROPERTIES('1ebxEla7HB$eaQ8F0gJFyd',#5,$,$,(#5270),#5280);
#6941= IFCRELDEFINESBYPROPERTIES('2_7aRngjXF69lgpAUQLXv9',#5,$,$,(#5298),#5306);
#6942= IFCRELDEFINESBYPROPERTIES('1u8CPE1IHDtPCdgnjP7iAB',#5,$,$,(#5973,#5962,#5762,#5756,#5527,#5516,#5336,#5316),#5323);
#6943= IFCRELDEFINESBYPROPERTIES('1FxHhjw2H91xx59Kii3XJg',#5,$,$,(#5762,#5316),#5325);
#6944= IFCRELDEFINESBYPROPERTIES('1UHD9GBtv948mj8gHsHn3R',#5,$,$,(#5973,#5762,#5756,#5527,#5516,#5336,#5316),#5330);
#6945= IFCRELDEFINESBYPROPERTIES('2Q1ePZOG57gRyXo374lgNM',#5,$,$,(#5756,#5336),#5339);
#6946= IFCRELDEFINESBYPROPERTIES('2i6LbwL_T68AT1Ttd5zhED',#5,$,$,(#5756,#5336),#5341);
#6947= IFCRELDEFINESBYPROPERTIES('2bT49EG6bAxh0XGNl_ld8h',#5,$,$,(#5811,#5792,#5401,#5373),#5377);
#6948= IFCRELDEFINESBYPROPERTIES('0PkYBo69D3me$fj1i3rpKw',#5,$,$,(#5811,#5792,#5401,#5373),#5382);
#6949= IFCRELDEFINESBYPROPERTIES('3hMPRcHMvCmfX0A0BWzrVi',#5,$,$,(#5373),#5384);
#6950= IFCRELDEFINESBYPROPERTIES('3$sKroAufDhBqpTlAKrX8$',#5,$,$,(#5401,#5373),#5389);
#6951= IFCRELDEFINESBYPROPERTIES('2nhJPyxTX2h9UzitdVZfqK',#5,$,$,(#5811,#5401),#5403);
#6952= IFCRELDEFINESBYPROPERTIES('1XY6_q8tn7tQSjkHntme7W',#5,$,$,(#5848,#5829,#5447,#5421),#5423);
#6953= IFCRELDEFINESBYPROPERTIES('0LB3h9yqz8KQDLUzbxZsCw',#5,$,$,(#5447,#5421),#5428);
#6954= IFCRELDEFINESBYPROPERTIES('3TVoTTlkbC8QMis4TL4n5M',#5,$,$,(#6059,#6035,#5848,#5750,#5724,#5421),#5430);
#6955= IFCRELDEFINESBYPROPERTIES('0_XpxKoRL2zO5SLfO8R_0E',#5,$,$,(#5447,#5421),#5435);
#6956= IFCRELDEFINESBYPROPERTIES('3Q6AGtVx11heM3K1BPFMiV',#5,$,$,(#5829,#5447),#5449);
#6957= IFCRELDEFINESBYPROPERTIES('1eFsQX06n5kwPlXLWI4c2R',#5,$,$,(#5468),#5476);
#6958= IFCRELDEFINESBYPROPERTIES('1qA8im4hTE6OQ$aOxqXe8H',#5,$,$,(#5510,#5488),#5491);
#6959= IFCRELDEFINESBYPROPERTIES('3QP3Kponf8bAnj8kps8gkl',#5,$,$,(#6573,#6565,#6303,#6294,#6227,#6219,#5510,#5488),#5496);
#6960= IFCRELDEFINESBYPROPERTIES('0Ng7RShd580v05yiCOeult',#5,$,$,(#6573,#6565,#6303,#6294,#6227,#6219,#5510,#5488),#5498);
#6961= IFCRELDEFINESBYPROPERTIES('3dhhKZL5jFHfF6TWiyw6Tu',#5,$,$,(#6573,#6565,#6303,#6294,#6227,#6219,#5510,#5488),#5503);
#6962= IFCRELDEFINESBYPROPERTIES('0XutyNinz2qQfQ49qIzKY3',#5,$,$,(#5985,#5973,#5962,#5952,#5620,#5586,#5527,#5516),#5519);
#6963= IFCRELDEFINESBYPROPERTIES('0XN7NCOK14RhmvcaniFLWq',#5,$,$,(#5962,#5516),#5521);
#6964= IFCRELDEFINESBYPROPERTIES('0$RQAp1Av1QAyjjhXquNZP',#5,$,$,(#5973,#5527),#5529);
#6965= IFCRELDEFINESBYPROPERTIES('0K0KP9A3zAwAWWcYV4UhHi',#5,$,$,(#5940,#5549),#5552);
#6966= IFCRELDEFINESBYPROPERTIES('0cUSjWrdP269vvsrWRAhJH',#5,$,$,(#5940,#5549),#5559);
#6967= IFCRELDEFINESBYPROPERTIES('2SQHFMXDn7vgzRnC7QFJId',#5,$,$,(#5940,#5549),#5561);
#6968= IFCRELDEFINESBYPROPERTIES('3x890C6un38OnTU4bTCM02',#5,$,$,(#5940,#5549),#5566);
#6969= IFCRELDEFINESBYPROPERTIES('16ukL4x1rE2xuWYr75Np7b',#5,$,$,(#5985,#5952,#5620,#5586),#5593);
#6970= IFCRELDEFINESBYPROPERTIES('1GlfpltiXDxOB$7Vi80zQx',#5,$,$,(#5952,#5586),#5595);
#6971= IFCRELDEFINESBYPROPERTIES('1NhoaLsYzExRc52Y$eOq4A',#5,$,$,(#5952,#5586),#5600);
#6972= IFCRELDEFINESBYPROPERTIES('0WsaEtg299OxQiMk2eAvZo',#5,$,$,(#5985,#5620),#5622);
#6973= IFCRELDEFINESBYPROPERTIES('12$f$kmo99kQvJ06SjuBfd',#5,$,$,(#5985,#5620),#5625);
#6974= IFCRELDEFINESBYPROPERTIES('36QSgPopr9UfH4iDPW0X7Z',#5,$,$,(#6009,#5997,#5677,#5645),#5648);
#6975= IFCRELDEFINESBYPROPERTIES('1UkV8iLYL22hDldfUt2gOU',#5,$,$,(#6009,#5997,#5677,#5645),#5654);
#6976= IFCRELDEFINESBYPROPERTIES('0yUFGnHZz1pPw22zQINHTH',#5,$,$,(#6009,#5997,#5677,#5645),#5656);
#6977= IFCRELDEFINESBYPROPERTIES('0X6fpCpW53BxHFmCcmjSov',#5,$,$,(#5645),#5661);
#6978= IFCRELDEFINESBYPROPERTIES('0L8uIKW3H5$hWcBs3bXGgu',#5,$,$,(#6009,#5997,#5677),#5682);
#6979= IFCRELDEFINESBYPROPERTIES('2fEEJWPhTAjh0CPMwQSDNN',#5,$,$,(#6059,#6047,#6035,#6021,#5750,#5736,#5724,#5700),#5702);
#6980= IFCRELDEFINESBYPROPERTIES('3IErx$_avFNQ$dZWoiUqtv',#5,$,$,(#6059,#6047,#6035,#6021,#5750,#5736,#5724,#5700),#5705);
#6981= IFCRELDEFINESBYPROPERTIES('3_g9LyGMj9OB2EBTw1GcIq',#5,$,$,(#5700),#5707);
#6982= IFCRELDEFINESBYPROPERTIES('3hMfI1LTL458Zbw6JF3G9y',#5,$,$,(#6059,#6047,#6035,#6021,#5750,#5736,#5724,#5700),#5712);
#6983= IFCRELDEFINESBYPROPERTIES('1PAxGo8f99gv53bmeLGv0h',#5,$,$,(#6047,#5736),#5738);
#6984= IFCRELDEFINESBYPROPERTIES('1gzdD1dAvFAQbL7__kD35S',#5,$,$,(#5792),#5794);
#6985= IFCRELDEFINESBYPROPERTIES('3d1RJsXhPDMO6ALABcP0XB',#5,$,$,(#5811,#5792),#5799);
#6986= IFCRELDEFINESBYPROPERTIES('0Ldq_U9E17XhnOzqniSeF4',#5,$,$,(#5848,#5829),#5831);
#6987= IFCRELDEFINESBYPROPERTIES('3c0XGyGW97MA7Sclwybg6m',#5,$,$,(#5848,#5829),#5836);
#6988= IFCRELDEFINESBYPROPERTIES('0Hfk83av9A3QpnykI48z6A',#5,$,$,(#5868),#5876);
#6989= IFCRELDEFINESBYPROPERTIES('2vpbSb_CH5TQHLXW6JTiJv',#5,$,$,(#5894),#5902);
#6990= IFCRELDEFINESBYPROPERTIES('2HTXeC6mr9xfOMc1Y0mzlm',#5,$,$,(#5920),#5928);
#6991= IFCRELDEFINESBYPROPERTIES('3IEYoN0Sz1VRGD3dWluNXb',#5,$,$,(#5962),#5967);
#6992= IFCRELDEFINESBYPROPERTIES('26w6NSBH9D6QRo3cQtSqSg',#5,$,$,(#6021),#6023);
#6993= IFCRELDEFINESBYPROPERTIES('3lNYXREVv0wBHnmAw8mUuU',#5,$,$,(#6110,#6078),#6079);
#6994= IFCRELDEFINESBYPROPERTIES('1bOuUArIj4gAcC5B3_N_sA',#5,$,$,(#6277,#6248,#6110,#6078),#6083);
#6995= IFCRELDEFINESBYPROPERTIES('1FlGEBOWX70eoWaihEUFR9',#5,$,$,(#6110,#6078),#6085);
#6996= IFCRELDEFINESBYPROPERTIES('0ZffjRxTH2gBeBPJJDkHKS',#5,$,$,(#6078),#6090);
#6997= IFCRELDEFINESBYPROPERTIES('1Dgasr_0LEAB0YVMAGD15E',#5,$,$,(#6110),#6115);
#6998= IFCRELDEFINESBYPROPERTIES('2f4l3rsabDF8G0DNinfJIC',#5,$,$,(#6211,#6194,#6175,#6140),#6144);
#6999= IFCRELDEFINESBYPROPERTIES('3rsoNnztb1Z8S1DjchcwYb',#5,$,$,(#6211,#6194,#6175,#6140),#6152);
#7000= IFCRELDEFINESBYPROPERTIES('2ZhlGaRCf2cA6PUQ0t49b_',#5,$,$,(#6211,#6140),#6154);
#7001= IFCRELDEFINESBYPROPERTIES('2m2X_mlHDCaPIOQnuY_ILR',#5,$,$,(#6140),#6159);
#7002= IFCRELDEFINESBYPROPERTIES('2FJ3GGme91af2zzn4OveJf',#5,$,$,(#6194,#6175),#6177);
#7003= IFCRELDEFINESBYPROPERTIES('3daarUSMf4y9q3d6qNhI53',#5,$,$,(#6175),#6182);
#7004= IFCRELDEFINESBYPROPERTIES('2TMzmsknXFchetCn2FyJiK',#5,$,$,(#6211,#6194),#6199);
#7005= IFCRELDEFINESBYPROPERTIES('2eOnMDGsz9dBdFfn7Pqb4M',#5,$,$,(#6219),#6221);
#7006= IFCRELDEFINESBYPROPERTIES('3wSXFT8ofEJBZy2UZqPBMz',#5,$,$,(#6227),#6230);
#7007= IFCRELDEFINESBYPROPERTIES('3r3gCqN3T61RU7FpxdP7v6',#5,$,$,(#6248),#6250);
#7008= IFCRELDEFINESBYPROPERTIES('0$l7U3ZEf7bfUz_mNpJ58Z',#5,$,$,(#6277,#6248),#6251);
#7009= IFCRELDEFINESBYPROPERTIES('2SWQOLDNn3CgkgBiw_iYx7',#5,$,$,(#6248),#6259);
#7010= IFCRELDEFINESBYPROPERTIES('3E5fizljT7svCTQ9tj4uT4',#5,$,$,(#6277),#6279);
#7011= IFCRELDEFINESBYPROPERTIES('059aWHZR1CveZvGdAsUPse',#5,$,$,(#6277),#6287);
#7012= IFCRELDEFINESBYPROPERTIES('1C5GEd_PfBQ9OOe5r96oPD',#5,$,$,(#6294),#6296);
#7013= IFCRELDEFINESBYPROPERTIES('25ouWzDI194xWYXxf5VK_D',#5,$,$,(#6303),#6305);
#7014= IFCRELDEFINESBYPROPERTIES('064tCPiqjBfRrOZhQc3lQd',#5,$,$,(#6330),#6335);
#7015= IFCRELDEFINESBYPROPERTIES('2Pm7axqM10rPIVqRwT4Wp8',#5,$,$,(#6557,#6543,#6529,#6515,#6501,#6487,#6473,#6459,#6445,#6431,#6417,#6403,#6389,#6375,#6361,#6330),#6342);
#7016= IFCRELDEFINESBYPROPERTIES('3N9Wl$vazFNfvqFwMXl8P4',#5,$,$,(#6557,#6543,#6529,#6515,#6501,#6487,#6473,#6459,#6445,#6431,#6417,#6403,#6389,#6375,#6361,#6330),#6344);
#7017= IFCRELDEFINESBYPROPERTIES('0v6L5o5Yb0ogs_O0yvFTtM',#5,$,$,(#6557,#6543,#6529,#6515,#6501,#6487,#6473,#6459,#6445,#6431,#6417,#6403,#6389,#6375,#6361,#6330),#6349);
#7018= IFCRELDEFINESBYPROPERTIES('2xd1dh2df00BEcIzaLVK7g',#5,$,$,(#6361),#6363);
#7019= IFCRELDEFINESBYPROPERTIES('1pVmXcVrr9YezxjaVxC87f',#5,$,$,(#6375),#6377);
#7020= IFCRELDEFINESBYPROPERTIES('370uCFhpP4mAk9vhX8rB_Z',#5,$,$,(#6389),#6391);
#7021= IFCRELDEFINESBYPROPERTIES('0mxPydnBf6_O33cB9yVRg9',#5,$,$,(#6403),#6405);
#7022= IFCRELDEFINESBYPROPERTIES('2l2T0D8xr02uMFrk_$1hD2',#5,$,$,(#6417),#6419);
#7023= IFCRELDEFINESBYPROPERTIES('3GweDWRxzDlQ3fC5_FhncU',#5,$,$,(#6431),#6433);
#7024= IFCRELDEFINESBYPROPERTIES('2NU6U7PUD4x80gjqQ4dEtI',#5,$,$,(#6445),#6447);
#7025= IFCRELDEFINESBYPROPERTIES('1KHauI70XFUxZZXxXQFOZV',#5,$,$,(#6459),#6461);
#7026= IFCRELDEFINESBYPROPERTIES('31VU0zDEn8ZvvoKOXOeWH$',#5,$,$,(#6473),#6475);
#7027= IFCRELDEFINESBYPROPERTIES('1eYFqcuDPDAh5fVXPSPyJJ',#5,$,$,(#6487),#6489);
#7028= IFCRELDEFINESBYPROPERTIES('00Ho_6liv0VhKAEDFODCXv',#5,$,$,(#6501),#6503);
#7029= IFCRELDEFINESBYPROPERTIES('03UfQ9F$9BwPfkxUOr6RJi',#5,$,$,(#6515),#6517);
#7030= IFCRELDEFINESBYPROPERTIES('3PkJnVuNT67hgyqkcWMe9t',#5,$,$,(#6529),#6531);
#7031= IFCRELDEFINESBYPROPERTIES('0MwGgVO_5DOAVZ9U$kjqQS',#5,$,$,(#6543),#6545);
#7032= IFCRELDEFINESBYPROPERTIES('3fUZV_9xnAH8pQc$MDTKGn',#5,$,$,(#6557),#6559);
#7033= IFCRELDEFINESBYPROPERTIES('2f5pA74ujFuw2OLMfDigv0',#5,$,$,(#6565),#6567);
#7034= IFCRELDEFINESBYPROPERTIES('3BzCFLLCr1JRkzIiVw8dCS',#5,$,$,(#6573),#6575);
#7035= IFCRELDEFINESBYPROPERTIES('24g7oKMTr6vv33Ii_rWYUd',#5,$,$,(#6589),#6591);
#7036= IFCRELDEFINESBYPROPERTIES('0R4mTyshz2mhevYVttqiVH',#5,$,$,(#6589),#6599);
#7037= IFCRELDEFINESBYTYPE('3dO22Pg1TECu4MF5kyXC4X',#5,$,$,(#5194,#5166,#5146,#5126,#5120,#5111,#5088,#5068,#5048,#4964,#4952,#4943,#4928,#4916,#4904,#4892,#4880,#4868,#4856,#4844,#4832,#4820,#4808,#4796,#4784,#4772,#4760,#4748,#4736,#4687,#4672,#4663,#4657,#4632,#4610,#4589,#4583,#4537,#4511,#4502,#4472,#4460,#4448,#4436,#4424,#4412,#4400,#4388,#4376,#4364,#4352,#4335,#4286,#4272,#4237,#4225,#4154,#4131,#4108,#4083,#4045,#4039,#4004,#3992,#3980,#3965,#3953,#3923,#3911,#3897,#3885,#3870,#3858,#3825,#3807,#3793,#3781,#3769,#3763,#3754,#3743,#3734,#3712,#3701,#3646,#3633,#3586,#3568,#3545,#3454,#3406,#3380,#3327,#3315,#3255,#3243,#3231,#3190,#3139,#3124,#3112,#3094,#3082,#3070,#3012,#2989,#2962,#2939,#2894,#2884,#2822,#2798,#2705,#2682,#2673,#2650,#2639,#2625,#2572,#2540,#2468,#2420,#2354,#2345,#2238,#2215,#2141,#2129,#2048,#1982,#1922,#1761,#1755,#1749,#1743,#1737,#1731,#1725,#1719,#1713,#1707,#1701,#1695,#1689,#1683,#1663,#1444,#1438,#1432,#1426,#1420,#1414,#1404,#1398,#1392,#1386,#1380,#1374,#1364,#1358,#1352,#1346,#1340,#1334,#1324,#1318,#1312,#1306,#1300,#1294,#1284,#1278,#1272,#1266,#1260,#1254,#1244,#1238,#1232,#1226,#1220,#1214,#1204,#1198,#1192,#1186,#1180,#1174,#1164,#1158,#1152,#1146,#1140,#1134,#1124,#1118,#1112,#1106,#1100,#1094,#1084,#1078,#1072,#1066,#1060,#1054,#1044,#1038,#1032,#1026,#1020,#1014,#1004,#998,#992,#986,#980,#974,#964,#958,#952,#946,#940,#934,#924,#918,#912,#906,#900,#894,#884,#878,#872,#866,#860,#854,#844,#838,#822,#811,#798,#777,#752,#746,#737,#731,#720,#714,#708,#702,#696,#687,#673,#661,#652,#646,#640,#630,#620,#614,#608,#602,#596,#587,#578,#567,#557,#551,#541,#532,#523,#517,#508,#502,#492,#486,#480,#474,#468,#459,#449,#438,#424,#418,#408,#402,#387,#378,#365,#359,#353,#343,#337,#326,#312,#306,#300,#286,#264,#258,#252,#246,#237,#225,#213,#200,#185,#179,#170,#158,#136,#130,#117,#88),#89);
#7038= IFCRELDEFINESBYTYPE('2om8fSTU16XRnQ$xatbNeO',#5,$,$,(#1916,#1607,#1601,#1595,#1589,#1583,#1577,#1571,#1565,#1559,#1553,#1547,#1541,#1535,#1529,#1492),#1493);
#7039= IFCRELDEFINESBYTYPE('2$vLtQVhb3y8tZU4_ylllZ',#5,$,$,(#1928,#1910,#1904,#1898,#1892,#1886,#1880,#1874,#1868,#1862,#1856,#1850,#1844,#1838,#1832,#1805),#1806);
#7040= IFCRELDEFINESBYTYPE('2bswk_xo522g4zEmxSHncP',#5,$,$,(#5200,#5180,#5160,#5140,#5102,#5082,#5062,#5030,#4886,#4874,#4862,#4850,#4838,#4826,#4814,#4802,#4790,#4778,#4766,#4754,#4478,#4466,#4454,#4442,#4430,#4418,#4010,#3998,#3986,#3971,#3959,#3935,#3917,#3903,#3891,#3876,#3864,#3838,#3145,#3130,#3118,#3100,#3088,#3076,#2147,#2135,#2060,#2008),#2009);
#7041= IFCRELDEFINESBYTYPE('018c86s$9DkxAC5j3XpJyF',#5,$,$,(#5985,#5973,#5962,#5952,#5940,#5774,#5762,#5756,#5620,#5586,#5549,#5527,#5516,#5353,#5336,#5316,#2163,#2101),#2102);
#7042= IFCRELDEFINESBYTYPE('3457$PoX1Fwu22QchHzTOF',#5,$,$,(#4490,#4484,#3280,#3267,#2509,#2376,#2254),#2255);
#7043= IFCRELDEFINESBYTYPE('3n6vFhbOX69xz0DD_3QzEc',#5,$,$,(#4934,#4922,#4910,#4898,#4531,#4525,#4406,#4394,#4382,#4370,#3813,#3799,#3787,#3775,#3261,#3249,#3237,#3211,#2727,#2719,#2713,#2696,#2690,#2667,#2658,#2591,#2503,#2488,#2368,#2362,#2309,#2288),#2289);
#7044= IFCRELDEFINESBYTYPE('0_L$U0kLLCZg8rzWTk5kjI',#5,$,$,(#4517,#4496,#3286,#3273,#2515,#2382,#2324),#2325);
#7045= IFCRELDEFINESBYTYPE('3bRK2JePfFB8jBKnrdEprT',#5,$,$,(#2740),#2741);
#7046= IFCRELDEFINESBYTYPE('21MA6QKNb7vAYFupT2eQdR',#5,$,$,(#2908,#2900,#2856,#2833),#2834);
#7047= IFCRELDEFINESBYTYPE('1OqkzI6H19YurL0POgj$1x',#5,$,$,(#4717,#4711,#4705,#4699,#4693,#4678,#4601,#4595,#4243,#4231,#4202,#4195,#4057,#4051,#3678,#3672,#3665,#3659,#3652,#3639,#3353,#3339,#3064,#3058,#3049,#3026),#3027);
#7048= IFCRELDEFINESBYTYPE('2gWp9K0eT5Zf23tKCzwEDj',#5,$,$,(#4742,#4729,#4555,#4546,#3604,#3595,#3493,#3470),#3471);
#7049= IFCRELDEFINESBYTYPE('1Wya3u2E9BPhbDVQ0jZ1ne',#5,$,$,(#4723,#4561,#3610,#3505),#3506);
#7050= IFCRELDEFINESBYTYPE('1ImGgL3Iv5DxQfCTNg5$o8',#5,$,$,(#4185,#4166),#4167);
#7051= IFCRELDEFINESBYTYPE('2oPSUw8rz6SujRTEHp0gT9',#5,$,$,(#4358,#4341,#4329,#4302),#4303);
#7052= IFCRELDEFINESBYTYPE('0A3zap9lnAUxrVUCeyL5Wt',#5,$,$,(#5188,#5174,#5154,#5134,#5096,#5076,#5056,#5005),#5006);
#7053= IFCRELDEFINESBYTYPE('0kW5dVchH8IPlrOsYU0riP',#5,$,$,(#6589,#6277,#6248,#5920,#5894,#5868,#5468,#5298,#5270,#5227),#5228);
#7054= IFCRELDEFINESBYTYPE('3c4ncqLrD7fwLmcaHFM2Pd',#5,$,$,(#6059,#6047,#6035,#6021,#6009,#5997,#5848,#5829,#5811,#5792,#5750,#5736,#5724,#5700,#5677,#5645,#5447,#5421,#5401,#5373),#5374);
#7055= IFCRELDEFINESBYTYPE('3zIdGp471EyvfdVFL_Lf4L',#5,$,$,(#6573,#6565,#6303,#6294,#6227,#6219,#6110,#6078,#5510,#5488),#5489);
#7056= IFCRELDEFINESBYTYPE('2Y9bcucfH1iRZZxkpKZde2',#5,$,$,(#6211,#6194,#6175,#6140),#6141);
#7057= IFCRELDEFINESBYTYPE('2PSp6Kc7X6ZBYAFZ_mRFpx',#5,$,$,(#6557,#6543,#6529,#6515,#6501,#6487,#6473,#6459,#6445,#6431,#6417,#6403,#6389,#6375,#6361,#6330),#6331);
#7058= IFCRELASSOCIATESMATERIAL('1JawcKM8D70gxEm8l7BM0P',#5,$,$,(#5120,#5111,#4952,#4943,#4880,#4868,#4856,#4844,#4832,#4820,#4808,#4796,#4784,#4772,#4760,#4748,#4736,#4687,#4672,#4663,#4657,#4632,#4610,#4589,#4583,#4537,#4511,#4502,#4472,#4460,#4448,#4436,#4424,#4412,#4237,#4225,#4154,#4131,#4108,#4083,#4045,#4039,#4004,#3992,#3980,#3965,#3953,#3923,#3911,#3897,#3885,#3870,#3858,#3825,#3763,#3754,#3743,#3734,#3712,#3701,#3646,#3633,#3586,#3568,#3545,#3454,#3406,#3380,#3327,#3315,#3139,#3124,#3112,#3094,#3082,#3070,#3012,#2989,#2962,#2939,#2894,#2884,#2822,#2798,#2705,#2682,#2673,#2650,#2639,#2625,#2572,#2540,#2468,#2420,#2354,#2345,#2238,#2215,#2141,#2129,#2048,#1982,#1444,#1438,#1432,#1426,#1420,#1414,#1404,#1398,#1392,#1386,#1380,#1374,#1364,#1358,#1352,#1346,#1340,#1334,#1324,#1318,#1312,#1306,#1300,#1294,#1284,#1278,#1272,#1266,#1260,#1254,#1244,#1238,#1232,#1226,#1220,#1214,#1204,#1198,#1192,#1186,#1180,#1174,#1164,#1158,#1152,#1146,#1140,#1134,#1124,#1118,#1112,#1106,#1100,#1094,#1084,#1078,#1072,#1066,#1060,#1054,#1044,#1038,#1032,#1026,#1020,#1014,#1004,#998,#992,#986,#980,#974,#964,#958,#952,#946,#940,#934,#924,#918,#912,#906,#900,#894,#884,#878,#872,#866,#860,#854,#844,#838,#822,#811,#798,#777,#752,#746,#737,#731,#720,#714,#708,#702,#696,#687,#673,#661,#652,#646,#640,#630,#620,#614,#608,#602,#596,#587,#578,#567,#557,#551,#541,#532,#523,#517,#508,#502,#492,#486,#480,#474,#468,#459,#449,#438,#424,#418,#408,#402,#387,#378,#365,#359,#353,#343,#337,#326,#312,#306,#300,#286,#264,#258,#252,#246,#237,#225,#213,#200,#185,#179,#170,#158,#136,#130,#117,#88),#107);
#7059= IFCRELASSOCIATESMATERIAL('1QFgrvk9j5UQV4$tGo_qmI',#5,$,$,(#6589,#6573,#6565,#6557,#6543,#6529,#6515,#6501,#6487,#6473,#6459,#6445,#6431,#6417,#6403,#6389,#6375,#6361,#6330,#6303,#6294,#6277,#6248,#6227,#6219,#6211,#6194,#6175,#6140,#6110,#6078,#5920,#5894,#5868,#5510,#5488,#5468,#5298,#5270,#5227,#5200,#5188,#5180,#5174,#5160,#5154,#5140,#5134,#5102,#5096,#5082,#5076,#5062,#5056,#5030,#5005,#4934,#4922,#4910,#4898,#4886,#4874,#4862,#4850,#4838,#4826,#4814,#4802,#4790,#4778,#4766,#4754,#4742,#4729,#4723,#4717,#4711,#4705,#4699,#4693,#4678,#4601,#4595,#4561,#4555,#4546,#4531,#4525,#4517,#4496,#4490,#4484,#4478,#4466,#4454,#4442,#4430,#4418,#4406,#4394,#4382,#4370,#4358,#4341,#4329,#4302,#4243,#4231,#4202,#4195,#4185,#4166,#4057,#4051,#4010,#3998,#3986,#3971,#3959,#3935,#3917,#3903,#3891,#3876,#3864,#3838,#3813,#3799,#3787,#3775,#3678,#3672,#3665,#3659,#3652,#3639,#3610,#3604,#3595,#3505,#3493,#3470,#3353,#3339,#3286,#3280,#3273,#3267,#3261,#3249,#3237,#3211,#3145,#3130,#3118,#3100,#3088,#3076,#3064,#3058,#3049,#3026,#2908,#2900,#2856,#2833,#2740,#2727,#2719,#2713,#2696,#2690,#2667,#2658,#2591,#2515,#2509,#2503,#2488,#2382,#2376,#2368,#2362,#2324,#2309,#2288,#2254,#2147,#2135,#2060,#2008,#1928,#1916,#1910,#1904,#1898,#1892,#1886,#1880,#1874,#1868,#1862,#1856,#1850,#1844,#1838,#1832,#1805,#1607,#1601,#1595,#1589,#1583,#1577,#1571,#1565,#1559,#1553,#1547,#1541,#1535,#1529,#1492),#1523);
#7060= IFCRELASSOCIATESMATERIAL('36KcwZF_r6EvGKTukGC7Gx',#5,$,$,(#5194,#5166,#5146,#5126,#5088,#5068,#5048,#4964,#4928,#4916,#4904,#4892,#4400,#4388,#4376,#4364,#4352,#4335,#4286,#4272,#3807,#3793,#3781,#3769,#3255,#3243,#3231,#3190,#1922,#1761,#1755,#1749,#1743,#1737,#1731,#1725,#1719,#1713,#1707,#1701,#1695,#1689,#1683,#1663),#1677);
#7061= IFCRELASSOCIATESMATERIAL('38VyNbqN10COHG_iqP2Piu',#5,$,$,(#6059,#6047,#6035,#6021,#6009,#5997,#5985,#5973,#5962,#5952,#5940,#5848,#5829,#5811,#5792,#5774,#5762,#5756,#5750,#5736,#5724,#5700,#5677,#5645,#5620,#5586,#5549,#5527,#5516,#5447,#5421,#5401,#5373,#5353,#5336,#5316,#2163,#2101),#2123);
#7062= IFCPRESENTATIONLAYERASSIGNMENT('Undefined',$,(#82,#112,#124,#131,#152,#165,#174,#180,#195,#208,#220,#232,#241,#247,#253,#259,#281,#295,#301,#307,#321,#332,#338,#348,#354,#360,#373,#382,#397,#403,#413,#419,#433,#444,#454,#463,#469,#475,#481,#487,#497,#503,#512,#518,#527,#536,#546,#552,#562,#573,#582,#591,#597,#603,#609,#615,#625,#635,#641,#647,#656,#668,#682,#691,#697,#703,#709,#715,#726,#732,#741,#747),$);
#7063= IFCPRESENTATIONLAYERASSIGNMENT('BoltArray',$,(#772,#793,#806,#817,#833,#839,#849,#855,#861,#867,#873,#879,#889,#895,#901,#907,#913,#919,#929,#935,#941,#947,#953,#959,#969,#975,#981,#987,#993,#999,#1009,#1015,#1021,#1027,#1033,#1039,#1049,#1055,#1061,#1067,#1073,#1079,#1089,#1095,#1101,#1107,#1113,#1119,#1129,#1135,#1141,#1147,#1153,#1159,#1169,#1175,#1181,#1187,#1193,#1199,#1209,#1215,#1221,#1227,#1233,#1239,#1249,#1255,#1261,#1267,#1273,#1279,#1289,#1295,#1301,#1307,#1313,#1319,#1329,#1335,#1341,#1347,#1353,#1359,#1369,#1375,#1381,#1387,#1393,#1399,#1409,#1415,#1421,#1427,#1433,#1439,#1658,#1678,#1684,#1690,#1696,#1702,#1708,#1714,#1720,#1726,#1732,#1738,#1744,#1750,#1756,#1917,#1977,#2043,#2124,#2136,#2210,#2233,#2340,#2349,#2415,#2462,#2535,#2567,#2620,#2634,#2645,#2668,#2677,#2700,#2791,#2817,#2878,#2889,#2933,#2956,#2983,#3006,#3065,#3077,#3089,#3107,#3119,#3134,#3185,#3226,#3238,#3250,#3308,#3320,#3374,#3400,#3449,#3539,#3562,#3581,#3627,#3640,#3696,#3707,#3729,#3738,#3749,#3758,#3764,#3776,#3788,#3802,#3820,#3853,#3865,#3880,#3892,#3906,#3918,#3948,#3960,#3975,#3987,#3999,#4032,#4040,#4077,#4103,#4125,#4148,#4219,#4232,#4266,#4281,#4330,#4347,#4359,#4371,#4383,#4395,#4407,#4419,#4431,#4443,#4455,#4467,#4497,#4506,#4532,#4578,#4584,#4605,#4627,#4652,#4658,#4667,#4682,#4731,#4743,#4755,#4767,#4779,#4791,#4803,#4815,#4827,#4839,#4851,#4863,#4875,#4887,#4899,#4911,#4923,#4938,#4947,#4959,#5043,#5063,#5083,#5106,#5115,#5121,#5141,#5161,#5189),$);
#7064= IFCPRESENTATIONLAYERASSIGNMENT('Plade',$,(#1486,#1524,#1530,#1536,#1542,#1548,#1554,#1560,#1566,#1572,#1578,#1584,#1590,#1596,#1602,#1799,#1827,#1833,#1839,#1845,#1851,#1857,#1863,#1869,#1875,#1881,#1887,#1893,#1899,#1905,#1911,#1923),$);
#7065= IFCPRESENTATIONLAYERASSIGNMENT('Fladst\S\el',$,(#2002,#2054,#2130,#2142,#2246,#2369,#2504,#2734,#2827,#2851,#2895,#2903,#3020,#3043,#3053,#3059,#3071,#3083,#3095,#3113,#3125,#3140,#3205,#3232,#3244,#3256,#3262,#3275,#3333,#3348,#3464,#3488,#3499,#3590,#3599,#3605,#3634,#3647,#3653,#3660,#3666,#3673,#3770,#3782,#3794,#3808,#3832,#3859,#3871,#3886,#3898,#3912,#3929,#3954,#3966,#3981,#3993,#4005,#4046,#4052,#4159,#4180,#4189,#4196,#4226,#4238,#4296,#4324,#4336,#4353,#4365,#4377,#4389,#4401,#4413,#4425,#4437,#4449,#4461,#4473,#4479,#4485,#4541,#4550,#4556,#4590,#4596,#4673,#4688,#4694,#4700,#4706,#4712,#4718,#4724,#4737,#4749,#4761,#4773,#4785,#4797,#4809,#4821,#4833,#4845,#4857,#4869,#4881,#4893,#4905,#4917,#4929,#5024,#5057,#5077,#5097,#5135,#5155,#5175,#5195),$);
#7066= IFCPRESENTATIONLAYERASSIGNMENT('Drager',$,(#2095,#2158,#2318,#2377,#2510,#3268,#3281,#4491,#4512,#5220,#5264,#5291,#5310,#5331,#5348,#5462,#5480,#5504,#5511,#5522,#5543,#5580,#5614,#5751,#5757,#5769,#5862,#5888,#5914,#5935,#5947,#5956,#5968,#5980,#6071,#6104,#6134,#6170,#6189,#6206,#6212,#6222,#6242,#6271,#6288,#6297,#6560,#6568,#6584),$);
#7067= IFCPRESENTATIONLAYERASSIGNMENT('L\S\xsdele',$,(#2282,#2304,#2357,#2363,#2482,#2498,#2585,#2653,#2662,#2685,#2691,#2708,#2714,#2722,#4520,#4526,#4999,#5051,#5071,#5091,#5129,#5149,#5169,#5183),$);
#7068= IFCPRESENTATIONLAYERASSIGNMENT('S\S\xjle',$,(#5367,#5396,#5415,#5442,#5639,#5671,#5694,#5719,#5731,#5745,#5786,#5806,#5823,#5843,#5992,#6004,#6016,#6030,#6042,#6054,#6324,#6356,#6370,#6384,#6398,#6412,#6426,#6440,#6454,#6468,#6482,#6496,#6510,#6524,#6538,#6552),$);
ENDSEC;

END-ISO-10303-21;
