ISO-10303-21;
HEADER;
FILE_DESCRIPTION(('ViewDefinition[CoordinationView_V2.0, QuantityTakeOffAddOnView]', 'Option [BaseQuantities:On]', 'Option [GridExport:Off]', 'Option [Assemblies:On]', 'Option [Bolts:On]', 'Option [Rebars:On]', 'Option [PourObjects:Off]', 'Option [Welds:Off]', 'Option [SurfaceTreatments:Off]', 'Option [LocationBy:0]', 'Option [ViewColors:Off]', 'Option [SectionedSpine:Off]', 'Option [PropertySets:On]', 'Option [Export all:Off]'),'2;1');
FILE_NAME('30480-4.ifc','2025-11-19T15:37:33',('DANSK-STAAL\\peh'),('Structural Designer'),'IFC Parser Version: 3.13.2','Tekla Structures 2023 Service Pack 9, IFC Export Version: 4.0.0.0 Mar 26 2024','');
FILE_SCHEMA(('IFC2X3'));
ENDSEC;

DATA;
#1= IFCPERSON('DANSK-STAAL\\peh','Undefined',$,$,$,$,$,$);
#2= IFCORGANIZATION($,'Trimble Solutions Corporation',$,$,$);
#3= IFCPERSONANDORGANIZATION(#1,#2,$);
#4= IFCAPPLICATION(#2,'2023 Service Pack 9','Tekla Structures','Multi material modeling');
#5= IFCOWNERHISTORY(#3,#4,$,.NOCHANGE.,$,$,$,1763563052);
#6= IFCCARTESIANPOINT((0.,0.,0.));
#7= IFCDIRECTION((1.,0.,0.));
#8= IFCDIRECTION((0.,1.,0.));
#9= IFCDIRECTION((0.,0.,1.));
#10= IFCAXIS2PLACEMENT3D(#6,#9,#7);
#11= IFCGEOMETRICREPRESENTATIONCONTEXT($,'Model',3,1.E-05,#10,$);
#12= IFCGEOMETRICREPRESENTATIONSUBCONTEXT('Body','Model',*,*,*,*,#11,$,.MODEL_VIEW.,$);
#13= IFCGEOMETRICREPRESENTATIONSUBCONTEXT('Axis','Model',*,*,*,*,#11,$,.GRAPH_VIEW.,$);
#14= IFCSIUNIT(*,.LENGTHUNIT.,.MILLI.,.METRE.);
#15= IFCMEASUREWITHUNIT(IFCRATIOMEASURE(304.8),#14);
#16= IFCDIMENSIONALEXPONENTS(1,0,0,0,0,0,0);
#17= IFCCONVERSIONBASEDUNIT(#16,.LENGTHUNIT.,'FOOT',#15);
#18= IFCSIUNIT(*,.AREAUNIT.,$,.SQUARE_METRE.);
#19= IFCMEASUREWITHUNIT(IFCRATIOMEASURE(0.09290304),#18);
#20= IFCDIMENSIONALEXPONENTS(2,0,0,0,0,0,0);
#21= IFCCONVERSIONBASEDUNIT(#20,.AREAUNIT.,'SQUARE FOOT',#19);
#22= IFCSIUNIT(*,.VOLUMEUNIT.,$,.CUBIC_METRE.);
#23= IFCMEASUREWITHUNIT(IFCRATIOMEASURE(0.028316846592),#22);
#24= IFCDIMENSIONALEXPONENTS(3,0,0,0,0,0,0);
#25= IFCCONVERSIONBASEDUNIT(#24,.VOLUMEUNIT.,'CUBIC FOOT',#23);
#26= IFCSIUNIT(*,.MASSUNIT.,.KILO.,.GRAM.);
#27= IFCSIUNIT(*,.TIMEUNIT.,$,.SECOND.);
#28= IFCSIUNIT(*,.PLANEANGLEUNIT.,$,.RADIAN.);
#29= IFCMEASUREWITHUNIT(IFCRATIOMEASURE(0.0174532925199433),#28);
#30= IFCDIMENSIONALEXPONENTS(0,0,0,0,0,0,0);
#31= IFCCONVERSIONBASEDUNIT(#30,.PLANEANGLEUNIT.,'DEGREE',#29);
#32= IFCSIUNIT(*,.SOLIDANGLEUNIT.,$,.STERADIAN.);
#33= IFCSIUNIT(*,.THERMODYNAMICTEMPERATUREUNIT.,$,.DEGREE_CELSIUS.);
#34= IFCSIUNIT(*,.LUMINOUSINTENSITYUNIT.,$,.LUMEN.);
#35= IFCUNITASSIGNMENT((#14,#18,#22,#26,#27,#28,#32,#33,#34));
#36= IFCPROJECT('0bNJAiQz90tuFobKm$AyXi',#5,'Akkas\S\fter Lager- og vedlikeholdshall',$,$,$,$,(#11),#35);
#37= IFCLOCALPLACEMENT($,#10);
#38= IFCSITE('1G3t5iv$L1bAtmOK88nsbo',#5,'Undefined',$,$,#37,$,$,.ELEMENT.,$,$,$,$,$);
#39= IFCPOSTALADDRESS($,$,$,$,$,$,$,$,$,$);
#40= IFCLOCALPLACEMENT(#37,#10);
#41= IFCBUILDING('0OCjBclg187edQUhSCADSA',#5,'Undefined',$,$,#40,$,$,.ELEMENT.,$,$,#39);
#42= IFCLOCALPLACEMENT(#40,#10);
#43= IFCBUILDINGSTOREY('3zYVMgekL8auUWHVLGPrxM',#5,'Undefined',$,$,#42,$,$,.ELEMENT.,0.);
#44= IFCOWNERHISTORY(#3,#4,$,.NOCHANGE.,$,$,$,1763478000);
#45= IFCOWNERHISTORY(#3,#4,$,.NOCHANGE.,$,$,$,1763564400);
#46= IFCLOCALPLACEMENT(#42,#10);
#47= IFCELEMENTASSEMBLY('1Qre2uqqP2KxbZ8HibtfWp',#45,'Drager',$,$,#46,$,'d54',.NOTDEFINED.,.NOTDEFINED.);
#48= IFCPROPERTYSINGLEVALUE('Cast unit type',$,$,$);
#49= IFCPROPERTYSINGLEVALUE('Control number',$,$,$);
#50= IFCPROPERTYSINGLEVALUE('Cast unit rebar weight',$,$,$);
#51= IFCPROPERTYSINGLEVALUE('Assembly/Cast unit weight',$,IFCMASSMEASURE(45.1),$);
#52= IFCPROPERTYSINGLEVALUE('Assembly/Cast unit bottom elevation',$,IFCLABEL(' -0.091'),$);
#53= IFCPROPERTYSINGLEVALUE('Assembly/Cast unit top elevation',$,IFCLABEL(' -0.000'),$);
#54= IFCPROPERTYSINGLEVALUE('Assembly/Cast unit position code',$,IFCLABEL('208-207/L-J'),$);
#55= IFCPROPERTYSINGLEVALUE('Assembly/Cast unit Mark',$,IFCLABEL('d54'),$);
#56= IFCPROPERTYSET('1bSU4A_FjDCvXhBbWNwJJg',#5,'Tekla Assembly','Assembly Properties',(#48,#49,#50,#51,#52,#53,#54,#55));
#57= IFCQUANTITYLENGTH('Width',$,$,169.571376648141);
#58= IFCELEMENTQUANTITY('1mR90ngQ59AP3V9WSRyNGl',#5,'BaseQuantities',$,$,(#57));
#59= IFCCOLOURRGB('Light Red',0.905882352941176,0.325490196078431,0.36078431372549);
#60= IFCSURFACESTYLERENDERING(#59,0.,$,$,$,$,IFCNORMALISEDRATIOMEASURE(0.00390625),IFCSPECULAREXPONENT(10.),.NOTDEFINED.);
#61= IFCSURFACESTYLE('STEEL/B550B',.POSITIVE.,(#60));
#62= IFCPRESENTATIONSTYLEASSIGNMENT((#61));
#63= IFCCARTESIANPOINT((-7.27595761418343E-12,-4.,0.));
#64= IFCCARTESIANPOINT((-7.27595761418343E-12,-2.82842712473939,-2.82842712474618));
#65= IFCCARTESIANPOINT((48.9577918698124,-2.82842712441925,-2.82842712473854));
#66= IFCCARTESIANPOINT((48.9577918698124,-3.99999999966531,7.65965069149388E-12));
#67= IFCPOLYLOOP((#63,#64,#65,#66));
#68= IFCFACEOUTERBOUND(#67,.T.);
#69= IFCFACE((#68));
#70= IFCCARTESIANPOINT((0.,0.,-4.));
#71= IFCCARTESIANPOINT((48.9577918698124,3.34694050252438E-10,-3.99999999999234));
#72= IFCPOLYLOOP((#64,#70,#71,#65));
#73= IFCFACEOUTERBOUND(#72,.T.);
#74= IFCFACE((#73));
#75= IFCCARTESIANPOINT((0.,2.82842712473939,-2.82842712474618));
#76= IFCCARTESIANPOINT((48.9577918698196,2.82842712507409,-2.82842712473854));
#77= IFCPOLYLOOP((#70,#75,#76,#71));
#78= IFCFACEOUTERBOUND(#77,.T.);
#79= IFCFACE((#78));
#80= IFCCARTESIANPOINT((0.,4.,0.));
#81= IFCCARTESIANPOINT((48.9577918698196,4.00000000033469,7.65965069149388E-12));
#82= IFCPOLYLOOP((#75,#80,#81,#76));
#83= IFCFACEOUTERBOUND(#82,.T.);
#84= IFCFACE((#83));
#85= IFCCARTESIANPOINT((0.,2.82842712473939,2.82842712474618));
#86= IFCCARTESIANPOINT((48.9577918698124,2.82842712507409,2.82842712475384));
#87= IFCPOLYLOOP((#80,#85,#86,#81));
#88= IFCFACEOUTERBOUND(#87,.T.);
#89= IFCFACE((#88));
#90= IFCCARTESIANPOINT((0.,0.,4.));
#91= IFCCARTESIANPOINT((48.9577918698124,3.34694050252438E-10,4.00000000000765));
#92= IFCPOLYLOOP((#85,#90,#91,#86));
#93= IFCFACEOUTERBOUND(#92,.T.);
#94= IFCFACE((#93));
#95= IFCCARTESIANPOINT((-7.27595761418343E-12,-2.82842712473939,2.82842712474618));
#96= IFCCARTESIANPOINT((48.9577918698124,-2.82842712441925,2.82842712475384));
#97= IFCPOLYLOOP((#90,#95,#96,#91));
#98= IFCFACEOUTERBOUND(#97,.T.);
#99= IFCFACE((#98));
#100= IFCPOLYLOOP((#95,#63,#66,#96));
#101= IFCFACEOUTERBOUND(#100,.T.);
#102= IFCFACE((#101));
#103= IFCPOLYLOOP((#95,#90,#85,#80,#75,#70,#64,#63));
#104= IFCFACEOUTERBOUND(#103,.T.);
#105= IFCFACE((#104));
#106= IFCCARTESIANPOINT((49.5371964120786,-2.8284271244047,-2.82842712473845));
#107= IFCCARTESIANPOINT((49.7288959349607,-3.99999999966531,7.7733375292155E-12));
#108= IFCPOLYLOOP((#66,#65,#106,#107));
#109= IFCFACEOUTERBOUND(#108,.T.);
#110= IFCFACE((#109));
#111= IFCCARTESIANPOINT((49.4577918698124,3.34694050252438E-10,-3.99999999999227));
#112= IFCPOLYLOOP((#65,#71,#111,#106));
#113= IFCFACEOUTERBOUND(#112,.T.);
#114= IFCFACE((#113));
#115= IFCCARTESIANPOINT((49.5371964121077,2.82842712508864,-2.82842712473844));
#116= IFCPOLYLOOP((#71,#76,#115,#111));
#117= IFCFACEOUTERBOUND(#116,.T.);
#118= IFCFACE((#117));
#119= IFCCARTESIANPOINT((49.7288959350044,4.00000000034925,7.7733375292155E-12));
#120= IFCPOLYLOOP((#76,#81,#119,#115));
#121= IFCFACEOUTERBOUND(#120,.T.);
#122= IFCFACE((#121));
#123= IFCCARTESIANPOINT((49.9205954578792,2.82842712508864,2.828427124754));
#124= IFCPOLYLOOP((#81,#86,#123,#119));
#125= IFCFACEOUTERBOUND(#124,.T.);
#126= IFCFACE((#125));
#127= IFCCARTESIANPOINT((50.0000000001455,3.34694050252438E-10,4.00000000000782));
#128= IFCPOLYLOOP((#86,#91,#127,#123));
#129= IFCFACEOUTERBOUND(#128,.T.);
#130= IFCFACE((#129));
#131= IFCCARTESIANPOINT((49.9205954578501,-2.8284271244047,2.828427124754));
#132= IFCPOLYLOOP((#91,#96,#131,#127));
#133= IFCFACEOUTERBOUND(#132,.T.);
#134= IFCFACE((#133));
#135= IFCPOLYLOOP((#96,#66,#107,#131));
#136= IFCFACEOUTERBOUND(#135,.T.);
#137= IFCFACE((#136));
#138= IFCCARTESIANPOINT((50.1113022026766,-2.8284271244047,-2.90660745985045));
#139= IFCCARTESIANPOINT((50.4929481241634,-3.99999999966531,-0.104046775296268));
#140= IFCPOLYLOOP((#107,#106,#138,#139));
#141= IFCFACEOUTERBOUND(#140,.T.);
#142= IFCFACE((#141));
#143= IFCCARTESIANPOINT((49.9532192859988,3.34694050252438E-10,-4.0674661047681));
#144= IFCPOLYLOOP((#106,#111,#143,#138));
#145= IFCFACEOUTERBOUND(#144,.T.);
#146= IFCFACE((#145));
#147= IFCCARTESIANPOINT((50.1113022027421,2.82842712507409,-2.90660745985454));
#148= IFCPOLYLOOP((#111,#115,#147,#143));
#149= IFCFACEOUTERBOUND(#148,.T.);
#150= IFCFACE((#149));
#151= IFCCARTESIANPOINT((50.4929481242507,4.00000000033469,-0.104046775302052));
#152= IFCPOLYLOOP((#115,#119,#151,#147));
#153= IFCFACEOUTERBOUND(#152,.T.);
#154= IFCFACE((#153));
#155= IFCCARTESIANPOINT((50.8745940457375,2.82842712507409,2.69851390925211));
#156= IFCPOLYLOOP((#119,#123,#155,#151));
#157= IFCFACEOUTERBOUND(#156,.T.);
#158= IFCFACE((#157));
#159= IFCCARTESIANPOINT((51.0326769624153,3.34694050252438E-10,3.85937255416978));
#160= IFCPOLYLOOP((#123,#127,#159,#155));
#161= IFCFACEOUTERBOUND(#160,.T.);
#162= IFCFACE((#161));
#163= IFCCARTESIANPOINT((50.874594045672,-2.82842712441925,2.69851390925621));
#164= IFCPOLYLOOP((#127,#131,#163,#159));
#165= IFCFACEOUTERBOUND(#164,.T.);
#166= IFCFACE((#165));
#167= IFCPOLYLOOP((#131,#107,#139,#163));
#168= IFCFACEOUTERBOUND(#167,.T.);
#169= IFCFACE((#168));
#170= IFCCARTESIANPOINT((148.651791864788,-2.8284271247976,-16.3256125109183));
#171= IFCCARTESIANPOINT((149.033437786275,-4.00000000005821,-13.5230518263641));
#172= IFCPOLYLOOP((#139,#138,#170,#171));
#173= IFCFACEOUTERBOUND(#172,.T.);
#174= IFCFACE((#173));
#175= IFCCARTESIANPOINT((148.49370894811,-5.82076609134674E-11,-17.486471155836));
#176= IFCPOLYLOOP((#138,#143,#175,#170));
#177= IFCFACEOUTERBOUND(#176,.T.);
#178= IFCFACE((#177));
#179= IFCCARTESIANPOINT((148.651791864853,2.82842712469574,-16.3256125109224));
#180= IFCPOLYLOOP((#143,#147,#179,#175));
#181= IFCFACEOUTERBOUND(#180,.T.);
#182= IFCFACE((#181));
#183= IFCCARTESIANPOINT((149.033437786362,3.99999999994179,-13.5230518263699));
#184= IFCPOLYLOOP((#147,#151,#183,#179));
#185= IFCFACEOUTERBOUND(#184,.T.);
#186= IFCFACE((#185));
#187= IFCCARTESIANPOINT((149.415083707849,2.82842712468118,-10.7204911418157));
#188= IFCPOLYLOOP((#151,#155,#187,#183));
#189= IFCFACEOUTERBOUND(#188,.T.);
#190= IFCFACE((#189));
#191= IFCCARTESIANPOINT((149.573166624526,-5.82076609134674E-11,-9.55963249689809));
#192= IFCPOLYLOOP((#155,#159,#191,#187));
#193= IFCFACEOUTERBOUND(#192,.T.);
#194= IFCFACE((#193));
#195= IFCCARTESIANPOINT((149.415083707783,-2.82842712481215,-10.7204911418117));
#196= IFCPOLYLOOP((#159,#163,#195,#191));
#197= IFCFACEOUTERBOUND(#196,.T.);
#198= IFCFACE((#197));
#199= IFCPOLYLOOP((#163,#139,#171,#195));
#200= IFCFACEOUTERBOUND(#199,.T.);
#201= IFCFACE((#200));
#202= IFCPOLYLOOP((#175,#179,#183,#187,#191,#195,#171,#170));
#203= IFCFACEOUTERBOUND(#202,.T.);
#204= IFCFACE((#203));
#205= IFCCLOSEDSHELL((#69,#74,#79,#84,#89,#94,#99,#102,#105,#110,#114,#118,#122,#126,#130,#134,#137,#142,#146,#150,#154,#158,#162,#166,#169,#174,#178,#182,#186,#190,#194,#198,#201,#204));
#206= IFCFACETEDBREP(#205);
#207= IFCSTYLEDITEM(#206,(#62),$);
#208= IFCSHAPEREPRESENTATION(#12,'Body','Brep',(#206));
#209= IFCPRODUCTDEFINITIONSHAPE($,$,(#208));
#210= IFCCARTESIANPOINT((-42280.5967643401,-80233.9964593097,-74.0000070333356));
#211= IFCAXIS2PLACEMENT3D(#210,#9,#7);
#212= IFCLOCALPLACEMENT(#46,#211);
#213= IFCBEAM('1vg_yBOx1BBBQJ2rH8Pzr8',#44,'Kamst\S\el','REBAR8',$,#212,#209,'ID79abef0b-63b0-4b2c-b693-0b544867dd48');
#214= IFCBEAMTYPE('1HrVERMGDEx94MNs$ZFrWl',#5,'REBAR8',$,$,$,$,$,$,.NOTDEFINED.);
#215= IFCPROPERTYSINGLEVALUE('DS_r_Layering',$,$,$);
#216= IFCPROPERTYSET('0DUqR7dzjE0AitydQJbF99',#5,'DS IFC Properties',$,(#215));
#217= IFCPROPERTYSINGLEVALUE('Finish',$,IFCLABEL(''),$);
#218= IFCPROPERTYSINGLEVALUE('Bottom elevation',$,IFCLABEL(' -0.091'),$);
#219= IFCPROPERTYSINGLEVALUE('Top elevation',$,IFCLABEL(' -0.070'),$);
#220= IFCPROPERTYSINGLEVALUE('Initial GUID',$,$,$);
#221= IFCPROPERTYSINGLEVALUE('Preliminary mark',$,IFCLABEL(''),$);
#222= IFCPROPERTYSINGLEVALUE('Phase',$,IFCINTEGER(4),$);
#223= IFCPROPERTYSINGLEVALUE('Class',$,IFCLABEL('2'),$);
#224= IFCPROPERTYSET('24d7Ko_CP7tOiy89nELCn3',#5,'Tekla Common','Common Properties to Shared building elements',(#217,#218,#219,#220,#221,#222,#223));
#225= IFCPROPERTYSINGLEVALUE('Weight',$,IFCMASSMEASURE(0.05),$);
#226= IFCPROPERTYSINGLEVALUE('Volume',$,IFCVOLUMEMEASURE(0.),$);
#227= IFCPROPERTYSINGLEVALUE('Gross footprint area',$,IFCAREAMEASURE(0.),$);
#228= IFCPROPERTYSINGLEVALUE('Area per tons',$,IFCAREAMEASURE(70.641),$);
#229= IFCPROPERTYSINGLEVALUE('Net surface area',$,IFCAREAMEASURE(0.004),$);
#230= IFCPROPERTYSINGLEVALUE('Height',$,IFCLENGTHMEASURE(8.),$);
#231= IFCPROPERTYSINGLEVALUE('Width',$,IFCLENGTHMEASURE(8.),$);
#232= IFCPROPERTYSINGLEVALUE('Length',$,IFCLENGTHMEASURE(149.9),$);
#233= IFCPROPERTYSET('1UwNBuo_r2ywcE8C1yoFEN',#5,'Tekla Quantity','Quantity Properties to Shared building elements',(#225,#226,#227,#228,#229,#230,#231,#232));
#234= IFCPROPERTYSINGLEVALUE('LoadBearing',$,IFCBOOLEAN(.F.),$);
#235= IFCPROPERTYSINGLEVALUE('Reference',$,IFCIDENTIFIER('I4'),$);
#236= IFCPROPERTYSET('3RM0oApSj4igh_zf4MR1Lb',#5,'Pset_BeamCommon','Common Properties to beam elements',(#234,#235));
#237= IFCQUANTITYLENGTH('Length',$,$,149.949976367272);
#238= IFCQUANTITYAREA('OuterSurfaceArea',$,$,0.00376304545290461);
#239= IFCQUANTITYVOLUME('NetVolume',$,$,6.7859612881923E-06);
#240= IFCQUANTITYWEIGHT('NetWeight',$,$,0.0532697961123096);
#241= IFCELEMENTQUANTITY('3IWEbbOAvDMu$aPFs9Dy8r',#5,'BaseQuantities',$,$,(#237,#238,#239,#240));
#242= IFCMATERIAL('STEEL/B550B');
#243= IFCSHAPEREPRESENTATION(#12,'Body','Brep',(#206));
#244= IFCPRODUCTDEFINITIONSHAPE($,$,(#243));
#245= IFCCARTESIANPOINT((-42280.5967643401,-80633.9964593097,-74.0000070333356));
#246= IFCAXIS2PLACEMENT3D(#245,#9,#7);
#247= IFCLOCALPLACEMENT(#46,#246);
#248= IFCBEAM('1YTQoUdEbAehnHnbvMOko$',#44,'Kamst\S\el','REBAR8',$,#247,#244,'ID6275ac9e-9ce9-4aa2-bc51-c65e5662ecbf');
#249= IFCSHAPEREPRESENTATION(#12,'Body','Brep',(#206));
#250= IFCPRODUCTDEFINITIONSHAPE($,$,(#249));
#251= IFCCARTESIANPOINT((-42280.5967643401,-81033.9964593097,-74.0000070333356));
#252= IFCAXIS2PLACEMENT3D(#251,#9,#7);
#253= IFCLOCALPLACEMENT(#46,#252);
#254= IFCBEAM('2WRbDupOj34OPeOxF3geLE',#44,'Kamst\S\el','REBAR8',$,#253,#250,'IDa06e5378-cd8b-4311-8668-63b3c3aa854e');
#255= IFCSHAPEREPRESENTATION(#12,'Body','Brep',(#206));
#256= IFCPRODUCTDEFINITIONSHAPE($,$,(#255));
#257= IFCCARTESIANPOINT((-42280.5967643401,-81433.9964593097,-74.0000070333356));
#258= IFCAXIS2PLACEMENT3D(#257,#9,#7);
#259= IFCLOCALPLACEMENT(#46,#258);
#260= IFCBEAM('0i4QNO8u94R9DVIfLBFkJL',#44,'Kamst\S\el','REBAR8',$,#259,#256,'ID2c11a5d8-2382-446c-935f-4a954b3ee4d5');
#261= IFCSHAPEREPRESENTATION(#12,'Body','Brep',(#206));
#262= IFCPRODUCTDEFINITIONSHAPE($,$,(#261));
#263= IFCCARTESIANPOINT((-42280.5967643401,-81833.9964593097,-74.0000070333356));
#264= IFCAXIS2PLACEMENT3D(#263,#9,#7);
#265= IFCLOCALPLACEMENT(#46,#264);
#266= IFCBEAM('2iVAroi_9Ac9t8DUvRiPQw',#44,'Kamst\S\el','REBAR8',$,#265,#262,'IDac7cad72-b3e2-4a98-9dc8-35ee5bb196ba');
#267= IFCSHAPEREPRESENTATION(#12,'Body','Brep',(#206));
#268= IFCPRODUCTDEFINITIONSHAPE($,$,(#267));
#269= IFCCARTESIANPOINT((-42280.5967643401,-82233.9964593097,-74.0000070333356));
#270= IFCAXIS2PLACEMENT3D(#269,#9,#7);
#271= IFCLOCALPLACEMENT(#46,#270);
#272= IFCBEAM('0d1YjUP$9Dw9q9SP0TObry',#44,'Kamst\S\el','REBAR8',$,#271,#268,'ID27062b5e-67f2-4de8-9d09-71901d625d7c');
#273= IFCSHAPEREPRESENTATION(#12,'Body','Brep',(#206));
#274= IFCPRODUCTDEFINITIONSHAPE($,$,(#273));
#275= IFCCARTESIANPOINT((-42280.5967643401,-82633.9964593097,-74.0000070333356));
#276= IFCAXIS2PLACEMENT3D(#275,#9,#7);
#277= IFCLOCALPLACEMENT(#46,#276);
#278= IFCBEAM('2KiJn3Gx939vkB9qSLnfQj',#44,'Kamst\S\el','REBAR8',$,#277,#274,'ID94b13c43-43b2-4327-9b8b-274715c696ad');
#279= IFCSHAPEREPRESENTATION(#12,'Body','Brep',(#206));
#280= IFCPRODUCTDEFINITIONSHAPE($,$,(#279));
#281= IFCCARTESIANPOINT((-42280.5967643401,-85833.9964593097,-74.0000070333356));
#282= IFCAXIS2PLACEMENT3D(#281,#9,#7);
#283= IFCLOCALPLACEMENT(#46,#282);
#284= IFCBEAM('3WGlcxdn53uQIEbpGng3lc',#44,'Kamst\S\el','REBAR8',$,#283,#280,'IDe042f9bb-9f11-43e1-a48e-973431a83be6');
#285= IFCSHAPEREPRESENTATION(#12,'Body','Brep',(#206));
#286= IFCPRODUCTDEFINITIONSHAPE($,$,(#285));
#287= IFCCARTESIANPOINT((-42280.5967643401,-85433.9964593097,-74.0000070333356));
#288= IFCAXIS2PLACEMENT3D(#287,#9,#7);
#289= IFCLOCALPLACEMENT(#46,#288);
#290= IFCBEAM('2gasE1OAPE1w_nrxMi4tEL',#44,'Kamst\S\el','REBAR8',$,#289,#286,'IDaa936381-60a6-4e07-afb1-d7b5ac137395');
#291= IFCSHAPEREPRESENTATION(#12,'Body','Brep',(#206));
#292= IFCPRODUCTDEFINITIONSHAPE($,$,(#291));
#293= IFCCARTESIANPOINT((-42280.5967643401,-85033.9964593097,-74.0000070333356));
#294= IFCAXIS2PLACEMENT3D(#293,#9,#7);
#295= IFCLOCALPLACEMENT(#46,#294);
#296= IFCBEAM('1KoJ1QD6z0iQcgYYlrsxbx',#44,'Kamst\S\el','REBAR8',$,#295,#292,'ID54c9305a-346f-40b1-a9aa-8a2bf5dbb97b');
#297= IFCSHAPEREPRESENTATION(#12,'Body','Brep',(#206));
#298= IFCPRODUCTDEFINITIONSHAPE($,$,(#297));
#299= IFCCARTESIANPOINT((-42280.5967643401,-84633.9964593097,-74.0000070333356));
#300= IFCAXIS2PLACEMENT3D(#299,#9,#7);
#301= IFCLOCALPLACEMENT(#46,#300);
#302= IFCBEAM('0ZMsH4XdD64eJ3tJwvYJqZ',#44,'Kamst\S\el','REBAR8',$,#301,#298,'ID235b6444-8673-4612-84c3-dd3eb9893d23');
#303= IFCSHAPEREPRESENTATION(#12,'Body','Brep',(#206));
#304= IFCPRODUCTDEFINITIONSHAPE($,$,(#303));
#305= IFCCARTESIANPOINT((-42280.5967643401,-84233.9964593097,-74.0000070333356));
#306= IFCAXIS2PLACEMENT3D(#305,#9,#7);
#307= IFCLOCALPLACEMENT(#46,#306);
#308= IFCBEAM('0cWJgkX2PFXPMrF15qcxgC',#44,'Kamst\S\el','REBAR8',$,#307,#304,'ID26813aae-8426-4f85-95b5-3c11749bba8c');
#309= IFCSHAPEREPRESENTATION(#12,'Body','Brep',(#206));
#310= IFCPRODUCTDEFINITIONSHAPE($,$,(#309));
#311= IFCCARTESIANPOINT((-42280.5967643401,-83833.9964593097,-74.0000070333356));
#312= IFCAXIS2PLACEMENT3D(#311,#9,#7);
#313= IFCLOCALPLACEMENT(#46,#312);
#314= IFCBEAM('1IqkrW_NX0bPeA6uRYVjEE',#44,'Kamst\S\el','REBAR8',$,#313,#310,'ID52d2ed60-f978-4095-9a0a-1b86e27ed38e');
#315= IFCSHAPEREPRESENTATION(#12,'Body','Brep',(#206));
#316= IFCPRODUCTDEFINITIONSHAPE($,$,(#315));
#317= IFCCARTESIANPOINT((-42280.5967643401,-83433.9964593097,-74.0000070333356));
#318= IFCAXIS2PLACEMENT3D(#317,#9,#7);
#319= IFCLOCALPLACEMENT(#46,#318);
#320= IFCBEAM('0UhccHHczFQhxp1kGuc9xt',#44,'Kamst\S\el','REBAR8',$,#319,#316,'ID1eae6991-466f-4f6a-bef3-06e438989ef7');
#321= IFCSHAPEREPRESENTATION(#12,'Body','Brep',(#206));
#322= IFCPRODUCTDEFINITIONSHAPE($,$,(#321));
#323= IFCCARTESIANPOINT((-42280.5967643401,-83033.9964593097,-74.0000070333356));
#324= IFCAXIS2PLACEMENT3D(#323,#9,#7);
#325= IFCLOCALPLACEMENT(#46,#324);
#326= IFCBEAM('2jNMxpFWL0HOEySD$jJ2xD',#44,'Kamst\S\el','REBAR8',$,#325,#322,'IDad5d6ef3-3e05-4045-83bc-70dfed4c2ecd');
#327= IFCLOCALPLACEMENT(#42,#10);
#328= IFCELEMENTASSEMBLY('3eHxnBeu15DRys1GWuofMU',#45,'Drager',$,$,#327,$,'d53',.NOTDEFINED.,.NOTDEFINED.);
#329= IFCPROPERTYSINGLEVALUE('Assembly/Cast unit weight',$,IFCMASSMEASURE(44.7),$);
#330= IFCPROPERTYSINGLEVALUE('Assembly/Cast unit position code',$,IFCLABEL('208-207/L-K'),$);
#331= IFCPROPERTYSINGLEVALUE('Assembly/Cast unit Mark',$,IFCLABEL('d53'),$);
#332= IFCPROPERTYSET('3os5yAo4n0Ff0Vm5BsS9Z$',#5,'Tekla Assembly','Assembly Properties',(#48,#49,#50,#329,#52,#53,#330,#331));
#333= IFCSHAPEREPRESENTATION(#12,'Body','Brep',(#206));
#334= IFCPRODUCTDEFINITIONSHAPE($,$,(#333));
#335= IFCCARTESIANPOINT((-42280.5967643401,-91808.9964593097,-74.0000070333356));
#336= IFCAXIS2PLACEMENT3D(#335,#9,#7);
#337= IFCLOCALPLACEMENT(#327,#336);
#338= IFCBEAM('3aYDT2GRj2AOOS9xglFlKZ',#45,'Kamst\S\el','REBAR8',$,#337,#334,'IDe488d742-41bb-4229-861c-27baaf3ef523');
#339= IFCSHAPEREPRESENTATION(#12,'Body','Brep',(#206));
#340= IFCPRODUCTDEFINITIONSHAPE($,$,(#339));
#341= IFCCARTESIANPOINT((-42280.5967643401,-91408.9964593097,-74.0000070333356));
#342= IFCAXIS2PLACEMENT3D(#341,#9,#7);
#343= IFCLOCALPLACEMENT(#327,#342);
#344= IFCBEAM('15BOjHHS10kho5bu22JVWP',#45,'Kamst\S\el','REBAR8',$,#343,#340,'ID452d8b51-45c0-40ba-bc85-9780824df819');
#345= IFCSHAPEREPRESENTATION(#12,'Body','Brep',(#206));
#346= IFCPRODUCTDEFINITIONSHAPE($,$,(#345));
#347= IFCCARTESIANPOINT((-42280.5967643401,-91008.9964593097,-74.0000070333356));
#348= IFCAXIS2PLACEMENT3D(#347,#9,#7);
#349= IFCLOCALPLACEMENT(#327,#348);
#350= IFCBEAM('1chgp4jPXENQZad0BlFMMS',#45,'Kamst\S\el','REBAR8',$,#349,#346,'ID66aeacc4-b598-4e5d-a8e4-9c02ef3d659c');
#351= IFCSHAPEREPRESENTATION(#12,'Body','Brep',(#206));
#352= IFCPRODUCTDEFINITIONSHAPE($,$,(#351));
#353= IFCCARTESIANPOINT((-42280.5967643401,-90608.9964593097,-74.0000070333356));
#354= IFCAXIS2PLACEMENT3D(#353,#9,#7);
#355= IFCLOCALPLACEMENT(#327,#354);
#356= IFCBEAM('22geYtHy15uRo449Nt4St4',#45,'Kamst\S\el','REBAR8',$,#355,#352,'ID82aa88b7-47c0-45e1-bc84-1095f711cdc4');
#357= IFCSHAPEREPRESENTATION(#12,'Body','Brep',(#206));
#358= IFCPRODUCTDEFINITIONSHAPE($,$,(#357));
#359= IFCCARTESIANPOINT((-42280.5967643401,-90208.9964593097,-74.0000070333356));
#360= IFCAXIS2PLACEMENT3D(#359,#9,#7);
#361= IFCLOCALPLACEMENT(#327,#360);
#362= IFCBEAM('32Lbtndcb8mv7iDoWKojLF',#45,'Kamst\S\el','REBAR8',$,#361,#358,'IDc2565df1-9e69-48c3-91ec-372814cad54f');
#363= IFCSHAPEREPRESENTATION(#12,'Body','Brep',(#206));
#364= IFCPRODUCTDEFINITIONSHAPE($,$,(#363));
#365= IFCCARTESIANPOINT((-42280.5967643401,-89808.9964593097,-74.0000070333356));
#366= IFCAXIS2PLACEMENT3D(#365,#9,#7);
#367= IFCLOCALPLACEMENT(#327,#366);
#368= IFCBEAM('0ljjWHXu57fAP0DiXb$sjP',#45,'Kamst\S\el','REBAR8',$,#367,#364,'ID2fb6d811-8781-47a4-a640-36c865ff6b59');
#369= IFCSHAPEREPRESENTATION(#12,'Body','Brep',(#206));
#370= IFCPRODUCTDEFINITIONSHAPE($,$,(#369));
#371= IFCCARTESIANPOINT((-42280.5967643401,-89408.9964593097,-74.0000070333356));
#372= IFCAXIS2PLACEMENT3D(#371,#9,#7);
#373= IFCLOCALPLACEMENT(#327,#372);
#374= IFCBEAM('371byf6Uj3n8NuYLpOLo2N',#45,'Kamst\S\el','REBAR8',$,#373,#370,'IDc7065f29-19eb-43c4-85f8-895cd8572097');
#375= IFCSHAPEREPRESENTATION(#12,'Body','Brep',(#206));
#376= IFCPRODUCTDEFINITIONSHAPE($,$,(#375));
#377= IFCCARTESIANPOINT((-42280.5967643401,-89008.9964593097,-74.0000070333356));
#378= IFCAXIS2PLACEMENT3D(#377,#9,#7);
#379= IFCLOCALPLACEMENT(#327,#378);
#380= IFCBEAM('2ViBZ09m96H8oubwu8UA8E',#45,'Kamst\S\el','REBAR8',$,#379,#376,'ID9fb0b8c0-2702-4644-8cb8-97ae0878a20e');
#381= IFCSHAPEREPRESENTATION(#12,'Body','Brep',(#206));
#382= IFCPRODUCTDEFINITIONSHAPE($,$,(#381));
#383= IFCCARTESIANPOINT((-42280.5967643401,-88608.9964593097,-74.0000070333356));
#384= IFCAXIS2PLACEMENT3D(#383,#9,#7);
#385= IFCLOCALPLACEMENT(#327,#384);
#386= IFCBEAM('2VgNE9VefA$vTgw$zQOcpl',#45,'Kamst\S\el','REBAR8',$,#385,#382,'ID9fa97389-7e8a-4aff-976a-ebff5a626cef');
#387= IFCSHAPEREPRESENTATION(#12,'Body','Brep',(#206));
#388= IFCPRODUCTDEFINITIONSHAPE($,$,(#387));
#389= IFCCARTESIANPOINT((-42280.5967643401,-88208.9964593097,-74.0000070333356));
#390= IFCAXIS2PLACEMENT3D(#389,#9,#7);
#391= IFCLOCALPLACEMENT(#327,#390);
#392= IFCBEAM('2trQ1VqR1EQw955KRV7U0r',#45,'Kamst\S\el','REBAR8',$,#391,#388,'IDb7d5a05f-d1b0-4e6b-a245-1546df1de035');
#393= IFCSHAPEREPRESENTATION(#12,'Body','Brep',(#206));
#394= IFCPRODUCTDEFINITIONSHAPE($,$,(#393));
#395= IFCCARTESIANPOINT((-42280.5967643401,-87808.9964593097,-74.0000070333356));
#396= IFCAXIS2PLACEMENT3D(#395,#9,#7);
#397= IFCLOCALPLACEMENT(#327,#396);
#398= IFCBEAM('1Bc$O$YRP4tOxHN9ggvlBg',#45,'Kamst\S\el','REBAR8',$,#397,#394,'ID4b9bf63f-89b6-44dd-8ed1-5c9aaae6f2ea');
#399= IFCSHAPEREPRESENTATION(#12,'Body','Brep',(#206));
#400= IFCPRODUCTDEFINITIONSHAPE($,$,(#399));
#401= IFCCARTESIANPOINT((-42280.5967643401,-87408.9964593097,-74.0000070333356));
#402= IFCAXIS2PLACEMENT3D(#401,#9,#7);
#403= IFCLOCALPLACEMENT(#327,#402);
#404= IFCBEAM('0LgL066qT2LOkuT6p6eFcr',#45,'Kamst\S\el','REBAR8',$,#403,#400,'ID15a95006-1b47-4255-8bb8-746cc6a0f9b5');
#405= IFCSHAPEREPRESENTATION(#12,'Body','Brep',(#206));
#406= IFCPRODUCTDEFINITIONSHAPE($,$,(#405));
#407= IFCCARTESIANPOINT((-42280.5967643401,-87008.9964593097,-74.0000070333356));
#408= IFCAXIS2PLACEMENT3D(#407,#9,#7);
#409= IFCLOCALPLACEMENT(#327,#408);
#410= IFCBEAM('2VOSadBAfDiPKlaXIFBMeF',#45,'Kamst\S\el','REBAR8',$,#409,#406,'ID9f61c927-2caa-4db1-952f-92148f2d6a0f');
#411= IFCSHAPEREPRESENTATION(#12,'Body','Brep',(#206));
#412= IFCPRODUCTDEFINITIONSHAPE($,$,(#411));
#413= IFCCARTESIANPOINT((-42280.5967643401,-86608.9964593097,-74.0000070333356));
#414= IFCAXIS2PLACEMENT3D(#413,#9,#7);
#415= IFCLOCALPLACEMENT(#327,#414);
#416= IFCBEAM('3Z0lENFgf0dPjdke8wQrID',#45,'Kamst\S\el','REBAR8',$,#415,#412,'IDe302f397-3eaa-409d-9b67-ba823a6b548d');
#417= IFCSHAPEREPRESENTATION(#12,'Body','Brep',(#206));
#418= IFCPRODUCTDEFINITIONSHAPE($,$,(#417));
#419= IFCCARTESIANPOINT((-42280.5967643401,-86208.9964593097,-74.0000070333356));
#420= IFCAXIS2PLACEMENT3D(#419,#9,#7);
#421= IFCLOCALPLACEMENT(#327,#420);
#422= IFCBEAM('1xfGYEzAr7XwBlNL5A$TbO',#45,'Kamst\S\el','REBAR8',$,#421,#418,'ID7ba5088e-f4ad-4787-a2ef-5d514afdd958');
#423= IFCLOCALPLACEMENT(#42,#10);
#424= IFCELEMENTASSEMBLY('3rvoSy5$v9ygwuGgINsXxV',#45,'Drager',$,$,#423,$,'d53',.NOTDEFINED.,.NOTDEFINED.);
#425= IFCQUANTITYLENGTH('Width',$,$,169.571376648133);
#426= IFCELEMENTQUANTITY('32ny7wmRX0UvOfmUjdAb_g',#5,'BaseQuantities',$,$,(#425));
#427= IFCSHAPEREPRESENTATION(#12,'Body','Brep',(#206));
#428= IFCPRODUCTDEFINITIONSHAPE($,$,(#427));
#429= IFCCARTESIANPOINT((-42720.5832356599,-91808.9964593097,-74.0000070333356));
#430= IFCDIRECTION((-0.999999999999895,4.57999994978261E-07,0.));
#431= IFCAXIS2PLACEMENT3D(#429,#9,#430);
#432= IFCLOCALPLACEMENT(#423,#431);
#433= IFCBEAM('3I0iYIQ0XDswrF5KnZTYh0',#45,'Kamst\S\el','REBAR8',$,#432,#428,'IDd202c892-6808-4ddb-ad4f-154c63762ac0');
#434= IFCSHAPEREPRESENTATION(#12,'Body','Brep',(#206));
#435= IFCPRODUCTDEFINITIONSHAPE($,$,(#434));
#436= IFCCARTESIANPOINT((-42720.5832356599,-91408.9964593097,-74.0000070333356));
#437= IFCAXIS2PLACEMENT3D(#436,#9,#430);
#438= IFCLOCALPLACEMENT(#423,#437);
#439= IFCBEAM('2W3wYg9Gj2HvpcSPQQsAuL',#45,'Kamst\S\el','REBAR8',$,#438,#435,'IDa00fa8aa-250b-4247-9ce6-71969ad8ae15');
#440= IFCSHAPEREPRESENTATION(#12,'Body','Brep',(#206));
#441= IFCPRODUCTDEFINITIONSHAPE($,$,(#440));
#442= IFCCARTESIANPOINT((-42720.5832356599,-91008.9964593097,-74.0000070333356));
#443= IFCAXIS2PLACEMENT3D(#442,#9,#430);
#444= IFCLOCALPLACEMENT(#423,#443);
#445= IFCBEAM('1MIPsgKpDBJggV1TSaQg7D',#45,'Kamst\S\el','REBAR8',$,#444,#441,'ID56499daa-5333-4b4e-aa9f-05d7246aa1cd');
#446= IFCSHAPEREPRESENTATION(#12,'Body','Brep',(#206));
#447= IFCPRODUCTDEFINITIONSHAPE($,$,(#446));
#448= IFCCARTESIANPOINT((-42720.5832356599,-90608.9964593097,-74.0000070333356));
#449= IFCAXIS2PLACEMENT3D(#448,#9,#430);
#450= IFCLOCALPLACEMENT(#423,#449);
#451= IFCBEAM('2ue8C7cqf2g9q_J0PDpUHI',#45,'Kamst\S\el','REBAR8',$,#450,#447,'IDb8a08307-9b4a-42a8-9d3e-4c064dcde452');
#452= IFCSHAPEREPRESENTATION(#12,'Body','Brep',(#206));
#453= IFCPRODUCTDEFINITIONSHAPE($,$,(#452));
#454= IFCCARTESIANPOINT((-42720.5832356599,-90208.9964593097,-74.0000070333356));
#455= IFCAXIS2PLACEMENT3D(#454,#9,#430);
#456= IFCLOCALPLACEMENT(#423,#455);
#457= IFCBEAM('1Kc$I6dDfEWf7o0FCTOga_',#45,'Kamst\S\el','REBAR8',$,#456,#453,'ID549bf486-9cda-4e82-91f2-00f31d62a93e');
#458= IFCSHAPEREPRESENTATION(#12,'Body','Brep',(#206));
#459= IFCPRODUCTDEFINITIONSHAPE($,$,(#458));
#460= IFCCARTESIANPOINT((-42720.5832356599,-89808.9964593097,-74.0000070333356));
#461= IFCAXIS2PLACEMENT3D(#460,#9,#430);
#462= IFCLOCALPLACEMENT(#423,#461);
#463= IFCBEAM('3_umKT3Nf3swYUzcnoS3vG',#45,'Kamst\S\el','REBAR8',$,#462,#459,'IDfee3051d-0d7a-43db-a89e-f66c72703e50');
#464= IFCSHAPEREPRESENTATION(#12,'Body','Brep',(#206));
#465= IFCPRODUCTDEFINITIONSHAPE($,$,(#464));
#466= IFCCARTESIANPOINT((-42720.5832356599,-89408.9964593097,-74.0000070333356));
#467= IFCAXIS2PLACEMENT3D(#466,#9,#430);
#468= IFCLOCALPLACEMENT(#423,#467);
#469= IFCBEAM('0bIqmao0jAWvZYjkP5qfxZ',#45,'Kamst\S\el','REBAR8',$,#468,#465,'ID254b4c24-c80b-4a83-98e2-b6e645d29ee3');
#470= IFCSHAPEREPRESENTATION(#12,'Body','Brep',(#206));
#471= IFCPRODUCTDEFINITIONSHAPE($,$,(#470));
#472= IFCCARTESIANPOINT((-42720.5832356599,-89008.9964593097,-74.0000070333356));
#473= IFCAXIS2PLACEMENT3D(#472,#9,#430);
#474= IFCLOCALPLACEMENT(#423,#473);
#475= IFCBEAM('3VcBgog4LA2u0BHU60_v6E',#45,'Kamst\S\el','REBAR8',$,#474,#471,'IDdf98bab2-a845-4a0b-800b-45e180fb918e');
#476= IFCSHAPEREPRESENTATION(#12,'Body','Brep',(#206));
#477= IFCPRODUCTDEFINITIONSHAPE($,$,(#476));
#478= IFCCARTESIANPOINT((-42720.5832356599,-88608.9964593097,-74.0000070333356));
#479= IFCAXIS2PLACEMENT3D(#478,#9,#430);
#480= IFCLOCALPLACEMENT(#423,#479);
#481= IFCBEAM('2$E4X8G_D9UhwUVtfoCPa_',#45,'Kamst\S\el','REBAR8',$,#480,#477,'IDbf384848-43e3-497a-be9e-7f7a7231993e');
#482= IFCSHAPEREPRESENTATION(#12,'Body','Brep',(#206));
#483= IFCPRODUCTDEFINITIONSHAPE($,$,(#482));
#484= IFCCARTESIANPOINT((-42720.5832356599,-88208.9964593097,-74.0000070333356));
#485= IFCAXIS2PLACEMENT3D(#484,#9,#430);
#486= IFCLOCALPLACEMENT(#423,#485);
#487= IFCBEAM('384BHiXEb50eL3Dw0$UwZq',#45,'Kamst\S\el','REBAR8',$,#486,#483,'IDc810b46c-84e9-4502-8543-37a03f7ba8f4');
#488= IFCSHAPEREPRESENTATION(#12,'Body','Brep',(#206));
#489= IFCPRODUCTDEFINITIONSHAPE($,$,(#488));
#490= IFCCARTESIANPOINT((-42720.5832356599,-87808.9964593097,-74.0000070333356));
#491= IFCAXIS2PLACEMENT3D(#490,#9,#430);
#492= IFCLOCALPLACEMENT(#423,#491);
#493= IFCBEAM('0l8f8sThn1qfJfwv$NOBi4',#45,'Kamst\S\el','REBAR8',$,#492,#489,'ID2f229236-76bc-41d2-94e9-eb9fd760bb04');
#494= IFCSHAPEREPRESENTATION(#12,'Body','Brep',(#206));
#495= IFCPRODUCTDEFINITIONSHAPE($,$,(#494));
#496= IFCCARTESIANPOINT((-42720.5832356599,-87408.9964593097,-74.0000070333356));
#497= IFCAXIS2PLACEMENT3D(#496,#9,#430);
#498= IFCLOCALPLACEMENT(#423,#497);
#499= IFCBEAM('3zIdwgYRD4CxwJUquNcRt0',#45,'Kamst\S\el','REBAR8',$,#498,#495,'IDfd4a7eaa-89b3-4433-be93-7b4e1799bdc0');
#500= IFCSHAPEREPRESENTATION(#12,'Body','Brep',(#206));
#501= IFCPRODUCTDEFINITIONSHAPE($,$,(#500));
#502= IFCCARTESIANPOINT((-42720.5832356599,-87008.9964593097,-74.0000070333356));
#503= IFCAXIS2PLACEMENT3D(#502,#9,#430);
#504= IFCLOCALPLACEMENT(#423,#503);
#505= IFCBEAM('03RYPogQ9BKR3Zhc6CDmq9',#45,'Kamst\S\el','REBAR8',$,#504,#501,'ID036e2672-a9a2-4b51-b0e3-ae618c370d09');
#506= IFCSHAPEREPRESENTATION(#12,'Body','Brep',(#206));
#507= IFCPRODUCTDEFINITIONSHAPE($,$,(#506));
#508= IFCCARTESIANPOINT((-42720.5832356599,-86608.9964593097,-74.0000070333356));
#509= IFCAXIS2PLACEMENT3D(#508,#9,#430);
#510= IFCLOCALPLACEMENT(#423,#509);
#511= IFCBEAM('3d39AF6416c8OQ2f9tFxsS',#45,'Kamst\S\el','REBAR8',$,#510,#507,'IDe70c928f-1840-4698-861a-0a92773fbd9c');
#512= IFCSHAPEREPRESENTATION(#12,'Body','Brep',(#206));
#513= IFCPRODUCTDEFINITIONSHAPE($,$,(#512));
#514= IFCCARTESIANPOINT((-42720.5832356599,-86208.9964593097,-74.0000070333356));
#515= IFCAXIS2PLACEMENT3D(#514,#9,#430);
#516= IFCLOCALPLACEMENT(#423,#515);
#517= IFCBEAM('3gPGG$oeX8BhnVSC9H6B7F',#45,'Kamst\S\el','REBAR8',$,#516,#513,'IDea65043f-ca88-482e-bc5f-70c25118b1cf');
#518= IFCLOCALPLACEMENT(#42,#10);
#519= IFCELEMENTASSEMBLY('1b0lBIMKP06PzBvrnRdTDf',#45,'Drager',$,$,#518,$,'d54',.NOTDEFINED.,.NOTDEFINED.);
#520= IFCSHAPEREPRESENTATION(#12,'Body','Brep',(#206));
#521= IFCPRODUCTDEFINITIONSHAPE($,$,(#520));
#522= IFCCARTESIANPOINT((-42720.5832356599,-80233.9964593097,-74.0000070333356));
#523= IFCAXIS2PLACEMENT3D(#522,#9,#430);
#524= IFCLOCALPLACEMENT(#518,#523);
#525= IFCBEAM('117l$Xten5AxURZKEt9lDm',#44,'Kamst\S\el','REBAR8',$,#524,#521,'ID411effe1-de8c-452b-b79b-8d43b726f370');
#526= IFCSHAPEREPRESENTATION(#12,'Body','Brep',(#206));
#527= IFCPRODUCTDEFINITIONSHAPE($,$,(#526));
#528= IFCCARTESIANPOINT((-42720.5832356599,-80633.9964593097,-74.0000070333356));
#529= IFCAXIS2PLACEMENT3D(#528,#9,#430);
#530= IFCLOCALPLACEMENT(#518,#529);
#531= IFCBEAM('1x5V4zBjvAkh5_I$d6RUwt',#44,'Kamst\S\el','REBAR8',$,#530,#527,'ID7b15f13d-2ede-4aba-b17e-4bf9c66deeb7');
#532= IFCSHAPEREPRESENTATION(#12,'Body','Brep',(#206));
#533= IFCPRODUCTDEFINITIONSHAPE($,$,(#532));
#534= IFCCARTESIANPOINT((-42720.5832356599,-81033.9964593097,-74.0000070333356));
#535= IFCAXIS2PLACEMENT3D(#534,#9,#430);
#536= IFCLOCALPLACEMENT(#518,#535);
#537= IFCBEAM('0RBTaj7o5BifNW36JorA5V',#44,'Kamst\S\el','REBAR8',$,#536,#533,'ID1b2dd92d-1f21-4bb2-95e0-0c64f2d4a15f');
#538= IFCSHAPEREPRESENTATION(#12,'Body','Brep',(#206));
#539= IFCPRODUCTDEFINITIONSHAPE($,$,(#538));
#540= IFCCARTESIANPOINT((-42720.5832356599,-81433.9964593097,-74.0000070333356));
#541= IFCAXIS2PLACEMENT3D(#540,#9,#430);
#542= IFCLOCALPLACEMENT(#518,#541);
#543= IFCBEAM('2XqNw3iu9Eax1iNMEU1YOz',#44,'Kamst\S\el','REBAR8',$,#542,#539,'IDa1d17e83-b382-4e93-b06c-5d639e06263d');
#544= IFCSHAPEREPRESENTATION(#12,'Body','Brep',(#206));
#545= IFCPRODUCTDEFINITIONSHAPE($,$,(#544));
#546= IFCCARTESIANPOINT((-42720.5832356599,-81833.9964593097,-74.0000070333356));
#547= IFCAXIS2PLACEMENT3D(#546,#9,#430);
#548= IFCLOCALPLACEMENT(#518,#547);
#549= IFCBEAM('2ps2xsT5T8igTJ0xSQ1DR8',#44,'Kamst\S\el','REBAR8',$,#548,#545,'IDb3d82ef6-7457-48b2-a753-03b71a04d6c8');
#550= IFCSHAPEREPRESENTATION(#12,'Body','Brep',(#206));
#551= IFCPRODUCTDEFINITIONSHAPE($,$,(#550));
#552= IFCCARTESIANPOINT((-42720.5832356599,-82233.9964593097,-74.0000070333356));
#553= IFCAXIS2PLACEMENT3D(#552,#9,#430);
#554= IFCLOCALPLACEMENT(#518,#553);
#555= IFCBEAM('1NM7MNXEz1MfnSDpzb5uVB',#44,'Kamst\S\el','REBAR8',$,#554,#551,'ID57587597-84ef-415a-9c5c-373f651787cb');
#556= IFCSHAPEREPRESENTATION(#12,'Body','Brep',(#206));
#557= IFCPRODUCTDEFINITIONSHAPE($,$,(#556));
#558= IFCCARTESIANPOINT((-42720.5832356599,-82633.9964593097,-74.0000070333356));
#559= IFCAXIS2PLACEMENT3D(#558,#9,#430);
#560= IFCLOCALPLACEMENT(#518,#559);
#561= IFCBEAM('3srQ89GaXE2uccdV1BJ_u6',#44,'Kamst\S\el','REBAR8',$,#560,#557,'IDf6d5a209-4248-4e0b-89a6-9df04b4fee06');
#562= IFCSHAPEREPRESENTATION(#12,'Body','Brep',(#206));
#563= IFCPRODUCTDEFINITIONSHAPE($,$,(#562));
#564= IFCCARTESIANPOINT((-42720.5832356599,-85833.9964593097,-74.0000070333356));
#565= IFCAXIS2PLACEMENT3D(#564,#9,#430);
#566= IFCLOCALPLACEMENT(#518,#565);
#567= IFCBEAM('1vdkaYDPX2ORjFhvKy5kHI',#44,'Kamst\S\el','REBAR8',$,#566,#563,'ID799ee922-3598-4261-bb4f-af953c16e452');
#568= IFCSHAPEREPRESENTATION(#12,'Body','Brep',(#206));
#569= IFCPRODUCTDEFINITIONSHAPE($,$,(#568));
#570= IFCCARTESIANPOINT((-42720.5832356599,-85433.9964593097,-74.0000070333356));
#571= IFCAXIS2PLACEMENT3D(#570,#9,#430);
#572= IFCLOCALPLACEMENT(#518,#571);
#573= IFCBEAM('1vzyBKXxzBvwzAc1d0KIgq',#44,'Kamst\S\el','REBAR8',$,#572,#569,'ID79f7c2d4-87bf-4be7-af4a-9819c0512ab4');
#574= IFCSHAPEREPRESENTATION(#12,'Body','Brep',(#206));
#575= IFCPRODUCTDEFINITIONSHAPE($,$,(#574));
#576= IFCCARTESIANPOINT((-42720.5832356599,-85033.9964593097,-74.0000070333356));
#577= IFCAXIS2PLACEMENT3D(#576,#9,#430);
#578= IFCLOCALPLACEMENT(#518,#577);
#579= IFCBEAM('0FFbOqmfn74w8hqE5jrKkJ',#44,'Kamst\S\el','REBAR8',$,#578,#575,'ID0f3e5634-c29c-4713-a22b-d0e16dd54b93');
#580= IFCSHAPEREPRESENTATION(#12,'Body','Brep',(#206));
#581= IFCPRODUCTDEFINITIONSHAPE($,$,(#580));
#582= IFCCARTESIANPOINT((-42720.5832356599,-84633.9964593097,-74.0000070333356));
#583= IFCAXIS2PLACEMENT3D(#582,#9,#430);
#584= IFCLOCALPLACEMENT(#518,#583);
#585= IFCBEAM('0Q5rGRLVv6reNvxy_qPTy5',#44,'Kamst\S\el','REBAR8',$,#584,#581,'ID1a17541b-55fe-46d6-85f9-efcfb465df05');
#586= IFCSHAPEREPRESENTATION(#12,'Body','Brep',(#206));
#587= IFCPRODUCTDEFINITIONSHAPE($,$,(#586));
#588= IFCCARTESIANPOINT((-42720.5832356599,-84233.9964593097,-74.0000070333356));
#589= IFCAXIS2PLACEMENT3D(#588,#9,#430);
#590= IFCLOCALPLACEMENT(#518,#589);
#591= IFCBEAM('2k9XBsDo1Atw5F7r75Adev',#44,'Kamst\S\el','REBAR8',$,#590,#587,'IDae2612f6-3720-4adf-a14f-1f51c52a7a39');
#592= IFCSHAPEREPRESENTATION(#12,'Body','Brep',(#206));
#593= IFCPRODUCTDEFINITIONSHAPE($,$,(#592));
#594= IFCCARTESIANPOINT((-42720.5832356599,-83833.9964593097,-74.0000070333356));
#595= IFCAXIS2PLACEMENT3D(#594,#9,#430);
#596= IFCLOCALPLACEMENT(#518,#595);
#597= IFCBEAM('0hCrGpQjv3jenOJNYofpvC',#44,'Kamst\S\el','REBAR8',$,#596,#593,'ID2b335433-6ade-43b6-8c58-4d78b2a73e4c');
#598= IFCSHAPEREPRESENTATION(#12,'Body','Brep',(#206));
#599= IFCPRODUCTDEFINITIONSHAPE($,$,(#598));
#600= IFCCARTESIANPOINT((-42720.5832356599,-83433.9964593097,-74.0000070333356));
#601= IFCAXIS2PLACEMENT3D(#600,#9,#430);
#602= IFCLOCALPLACEMENT(#518,#601);
#603= IFCBEAM('15vefQmtr09BcQByDwd3bI',#44,'Kamst\S\el','REBAR8',$,#602,#599,'ID45e68a5a-c37d-4024-b99a-2fc37a9c3952');
#604= IFCSHAPEREPRESENTATION(#12,'Body','Brep',(#206));
#605= IFCPRODUCTDEFINITIONSHAPE($,$,(#604));
#606= IFCCARTESIANPOINT((-42720.5832356599,-83033.9964593097,-74.0000070333356));
#607= IFCAXIS2PLACEMENT3D(#606,#9,#430);
#608= IFCLOCALPLACEMENT(#518,#607);
#609= IFCBEAM('1Jub9RflT9yObRvTpLtFMB',#44,'Kamst\S\el','REBAR8',$,#608,#605,'ID53e2525b-a6f7-49f1-895b-e5dcd5dcf58b');
#610= IFCLOCALPLACEMENT(#42,#10);
#611= IFCELEMENTASSEMBLY('0F5ItQ0tj6kAR0ByA9l3Yv',#44,'Drager',$,$,#610,$,'d52',.NOTDEFINED.,.NOTDEFINED.);
#612= IFCPROPERTYSINGLEVALUE('Assembly/Cast unit weight',$,IFCMASSMEASURE(6.),$);
#613= IFCPROPERTYSINGLEVALUE('Assembly/Cast unit Mark',$,IFCLABEL('d52'),$);
#614= IFCPROPERTYSET('2XDFNTg99EzgoeVrAZ3ZEM',#5,'Tekla Assembly','Assembly Properties',(#48,#49,#50,#612,#52,#53,#330,#613));
#615= IFCQUANTITYLENGTH('Width',$,$,219.577826607956);
#616= IFCELEMENTQUANTITY('1CgMt2r2v9h8ygWCdOTIDr',#5,'BaseQuantities',$,$,(#615));
#617= IFCSHAPEREPRESENTATION(#12,'Body','Brep',(#206));
#618= IFCPRODUCTDEFINITIONSHAPE($,$,(#617));
#619= IFCCARTESIANPOINT((-42650.5829551651,-92054.0033423522,-74.000007033332));
#620= IFCDIRECTION((4.57999994978261E-07,-0.999999999999895,0.));
#621= IFCAXIS2PLACEMENT3D(#619,#9,#620);
#622= IFCLOCALPLACEMENT(#610,#621);
#623= IFCBEAM('0h8t9_Pu117ggu4jCZe2im',#44,'Kamst\S\el','REBAR8',$,#622,#618,'ID2b23727e-6780-411e-aab8-12d323a02b30');
#624= IFCQUANTITYLENGTH('Length',$,$,149.949976367352);
#625= IFCELEMENTQUANTITY('1Aw4vgFNv2NuULo64nKi3k',#5,'BaseQuantities',$,$,(#624,#238,#239,#240));
#626= IFCSHAPEREPRESENTATION(#12,'Body','Brep',(#206));
#627= IFCPRODUCTDEFINITIONSHAPE($,$,(#626));
#628= IFCCARTESIANPOINT((-42350.5829551651,-92054.0033423522,-74.000007033332));
#629= IFCAXIS2PLACEMENT3D(#628,#9,#620);
#630= IFCLOCALPLACEMENT(#610,#629);
#631= IFCBEAM('1GNL7mMJnE_RZaA6iv7vuG',#44,'Kamst\S\el','REBAR8',$,#630,#627,'ID505d51f0-593c-4ef9-b8e4-286b391f9e10');
#632= IFCSHAPEREPRESENTATION(#12,'Body','Brep',(#206));
#633= IFCPRODUCTDEFINITIONSHAPE($,$,(#632));
#634= IFCCARTESIANPOINT((-42280.5967643401,-92008.9964593097,-74.0000070333356));
#635= IFCAXIS2PLACEMENT3D(#634,#9,#7);
#636= IFCLOCALPLACEMENT(#610,#635);
#637= IFCBEAM('280m9bLyv9mAyI8qS9h4PH',#44,'Kamst\S\el','REBAR8',$,#636,#633,'ID88030265-57ce-49c0-af12-234709ac4651');
#638= IFCCOLOURRGB('Dark Gray',0.709803921568627,0.403921568627451,0.2);
#639= IFCSURFACESTYLERENDERING(#638,0.,$,$,$,$,IFCNORMALISEDRATIOMEASURE(0.00390625),IFCSPECULAREXPONENT(10.),.NOTDEFINED.);
#640= IFCSURFACESTYLE('STEEL/S355J2',.POSITIVE.,(#639));
#641= IFCPRESENTATIONSTYLEASSIGNMENT((#640));
#642= IFCDIRECTION((1.,0.));
#643= IFCCARTESIANPOINT((0.,0.));
#644= IFCAXIS2PLACEMENT2D(#643,#642);
#645= IFCLSHAPEPROFILEDEF(.AREA.,'L70*7',#644,70.,70.,7.,9.,4.5,$,$,$);
#646= IFCCARTESIANPOINT((120.348506367013,0.,0.));
#647= IFCAXIS2PLACEMENT3D(#646,#430,#620);
#648= IFCEXTRUDEDAREASOLID(#645,#647,#9,120.35);
#649= IFCDIRECTION((0.707106619186504,-0.707106943186554,0.));
#650= IFCCARTESIANPOINT((49.9984741210938,-35.0000000111759,35.0000070333226));
#651= IFCAXIS2PLACEMENT3D(#650,#649,#9);
#652= IFCPLANE(#651);
#653= IFCHALFSPACESOLID(#652,.F.);
#654= IFCBOOLEANCLIPPINGRESULT(.DIFFERENCE.,#648,#653);
#655= IFCSHAPEREPRESENTATION(#12,'Body','Clipping',(#654));
#656= IFCSTYLEDITEM(#648,(#641),$);
#657= IFCPRODUCTDEFINITIONSHAPE($,$,(#655));
#658= IFCCARTESIANPOINT((-42265.5949743637,-91983.9986823687,-35.0000070333117));
#659= IFCAXIS2PLACEMENT3D(#658,#9,#620);
#660= IFCLOCALPLACEMENT(#610,#659);
#661= IFCBEAM('0M1RU9CGDDsAzCQ5AylyA0',#44,'Drager','L70*7',$,#660,#657,'ID1605b789-3103-4dd8-af4c-6852bcbfc280');
#662= IFCBEAMTYPE('00pTkbzRD0QwbwgBBp9V_K',#5,'L70*7',$,$,$,$,$,$,.NOTDEFINED.);
#663= IFCPROPERTYSINGLEVALUE('Bottom elevation',$,IFCLABEL(' -0.070'),$);
#664= IFCPROPERTYSINGLEVALUE('Top elevation',$,IFCLABEL(' -0.000'),$);
#665= IFCPROPERTYSINGLEVALUE('Class',$,IFCLABEL('8'),$);
#666= IFCPROPERTYSET('3LZ6rCV$zE$uJfTjHHERRC',#5,'Tekla Common','Common Properties to Shared building elements',(#217,#663,#664,#220,#221,#222,#665));
#667= IFCPROPERTYSINGLEVALUE('Weight',$,IFCMASSMEASURE(0.89),$);
#668= IFCPROPERTYSINGLEVALUE('Gross footprint area',$,IFCAREAMEASURE(0.001),$);
#669= IFCPROPERTYSINGLEVALUE('Area per tons',$,IFCAREAMEASURE(36.861),$);
#670= IFCPROPERTYSINGLEVALUE('Net surface area',$,IFCAREAMEASURE(0.029),$);
#671= IFCPROPERTYSINGLEVALUE('Height',$,IFCLENGTHMEASURE(70.),$);
#672= IFCPROPERTYSINGLEVALUE('Width',$,IFCLENGTHMEASURE(70.),$);
#673= IFCPROPERTYSINGLEVALUE('Length',$,IFCLENGTHMEASURE(120.),$);
#674= IFCPROPERTYSET('0btPzKqND13gQ4BVUnJLEZ',#5,'Tekla Quantity','Quantity Properties to Shared building elements',(#667,#226,#668,#669,#670,#671,#672,#673));
#675= IFCPROPERTYSINGLEVALUE('Reference',$,IFCIDENTIFIER('D60'),$);
#676= IFCPROPERTYSET('0_6nouHB93HwonwRPt8x7t',#5,'Pset_BeamCommon','Common Properties to beam elements',(#234,#675));
#677= IFCQUANTITYLENGTH('Length',$,$,119.998506206647);
#678= IFCQUANTITYAREA('OuterSurfaceArea',$,$,0.0326395954641859);
#679= IFCQUANTITYVOLUME('NetVolume',$,$,9.4347844718908E-05);
#680= IFCQUANTITYWEIGHT('NetWeight',$,$,0.740630581043428);
#681= IFCELEMENTQUANTITY('0JRflznyv6Mg$sSGPe09Jh',#5,'BaseQuantities',$,$,(#677,#678,#679,#680));
#682= IFCMATERIAL('STEEL/S355J2');
#683= IFCSHAPEREPRESENTATION(#12,'Body','Brep',(#206));
#684= IFCPRODUCTDEFINITIONSHAPE($,$,(#683));
#685= IFCCARTESIANPOINT((-42720.5832356599,-92008.9964593097,-74.0000070333356));
#686= IFCAXIS2PLACEMENT3D(#685,#9,#430);
#687= IFCLOCALPLACEMENT(#610,#686);
#688= IFCBEAM('0TgMia_7j3qw51z43klEWx',#44,'Kamst\S\el','REBAR8',$,#687,#684,'ID1da96b24-f87b-43d3-a141-f440eebce83b');
#689= IFCCARTESIANPOINT((49.9984741210938,0.,0.));
#690= IFCAXIS2PLACEMENT3D(#689,#430,#620);
#691= IFCEXTRUDEDAREASOLID(#645,#690,#9,120.35);
#692= IFCDIRECTION((-0.707106619186561,-0.707106943186497,0.));
#693= IFCCARTESIANPOINT((0.,-35.0000000111904,35.0000070333263));
#694= IFCDIRECTION((-0.707106943186497,0.707106619186561,0.));
#695= IFCAXIS2PLACEMENT3D(#693,#692,#694);
#696= IFCPLANE(#695);
#697= IFCHALFSPACESOLID(#696,.F.);
#698= IFCBOOLEANCLIPPINGRESULT(.DIFFERENCE.,#691,#697);
#699= IFCSHAPEREPRESENTATION(#12,'Body','Clipping',(#698));
#700= IFCSTYLEDITEM(#691,(#641),$);
#701= IFCPRODUCTDEFINITIONSHAPE($,$,(#699));
#702= IFCCARTESIANPOINT((-42735.5850256363,-92033.9971564898,-35.0000070333153));
#703= IFCAXIS2PLACEMENT3D(#702,#9,#8);
#704= IFCLOCALPLACEMENT(#610,#703);
#705= IFCBEAM('3BoZL5Hl95MOeicwxB1rNI',#44,'Drager','L70*7',$,#704,#701,'IDcbca3545-46f2-4559-8a2c-9baecb0755d2');
#706= IFCPROPERTYSINGLEVALUE('Reference',$,IFCIDENTIFIER('D61'),$);
#707= IFCPROPERTYSET('2XNbGvV3v96QzsnhNbFY7B',#5,'Pset_BeamCommon','Common Properties to beam elements',(#234,#706));
#708= IFCQUANTITYLENGTH('Length',$,$,119.998506206648);
#709= IFCQUANTITYAREA('OuterSurfaceArea',$,$,0.0326395954641863);
#710= IFCQUANTITYVOLUME('NetVolume',$,$,9.43478447189088E-05);
#711= IFCQUANTITYWEIGHT('NetWeight',$,$,0.740630581043434);
#712= IFCELEMENTQUANTITY('2ZbBdB6dTCaezX1oPJbzfw',#5,'BaseQuantities',$,$,(#708,#709,#710,#711));
#713= IFCLOCALPLACEMENT(#42,#10);
#714= IFCELEMENTASSEMBLY('3PZRAcKkn30OpA_tRWpfNf',#45,'Drager',$,$,#713,$,'d54',.NOTDEFINED.,.NOTDEFINED.);
#715= IFCPROPERTYSINGLEVALUE('Assembly/Cast unit position code',$,IFCLABEL('208-207/J-H'),$);
#716= IFCPROPERTYSET('2fvmWKhpX0G9QO3D2nbPPg',#5,'Tekla Assembly','Assembly Properties',(#48,#49,#50,#51,#52,#53,#715,#55));
#717= IFCSHAPEREPRESENTATION(#12,'Body','Brep',(#206));
#718= IFCPRODUCTDEFINITIONSHAPE($,$,(#717));
#719= IFCCARTESIANPOINT((-42280.5967643401,-79834.0035406903,-74.0000070333356));
#720= IFCAXIS2PLACEMENT3D(#719,#9,#7);
#721= IFCLOCALPLACEMENT(#713,#720);
#722= IFCBEAM('00TwmWFdD7TRigb37vEDXm',#44,'Kamst\S\el','REBAR8',$,#721,#718,'ID0077ac20-3e73-4775-bb2a-9431f938d870');
#723= IFCQUANTITYLENGTH('Length',$,$,149.949976367338);
#724= IFCELEMENTQUANTITY('2YfQi_pR9BQh190zLVnjKg',#5,'BaseQuantities',$,$,(#723,#238,#239,#240));
#725= IFCSHAPEREPRESENTATION(#12,'Body','Brep',(#206));
#726= IFCPRODUCTDEFINITIONSHAPE($,$,(#725));
#727= IFCCARTESIANPOINT((-42280.5967643401,-79434.0035406903,-74.0000070333356));
#728= IFCAXIS2PLACEMENT3D(#727,#9,#7);
#729= IFCLOCALPLACEMENT(#713,#728);
#730= IFCBEAM('1A2yuNrHX1vBRRA08ncGKB',#44,'Kamst\S\el','REBAR8',$,#729,#726,'ID4a0bce17-d518-41e4-b6db-28023199050b');
#731= IFCSHAPEREPRESENTATION(#12,'Body','Brep',(#206));
#732= IFCPRODUCTDEFINITIONSHAPE($,$,(#731));
#733= IFCCARTESIANPOINT((-42280.5967643401,-79034.0035406903,-74.0000070333356));
#734= IFCAXIS2PLACEMENT3D(#733,#9,#7);
#735= IFCLOCALPLACEMENT(#713,#734);
#736= IFCBEAM('0OVfkYmID4NvpddsrXN81v',#44,'Kamst\S\el','REBAR8',$,#735,#732,'ID187e9ba2-c123-445f-9ce7-9f6d615c8079');
#737= IFCSHAPEREPRESENTATION(#12,'Body','Brep',(#206));
#738= IFCPRODUCTDEFINITIONSHAPE($,$,(#737));
#739= IFCCARTESIANPOINT((-42280.5967643401,-78634.0035406903,-74.0000070333356));
#740= IFCAXIS2PLACEMENT3D(#739,#9,#7);
#741= IFCLOCALPLACEMENT(#713,#740);
#742= IFCBEAM('25AJBKVrj5fgg3pusQqk$w',#44,'Kamst\S\el','REBAR8',$,#741,#738,'ID852932d4-7f5b-45a6-aa83-cf8d9ad2effa');
#743= IFCSHAPEREPRESENTATION(#12,'Body','Brep',(#206));
#744= IFCPRODUCTDEFINITIONSHAPE($,$,(#743));
#745= IFCCARTESIANPOINT((-42280.5967643401,-78234.0035406903,-74.0000070333356));
#746= IFCAXIS2PLACEMENT3D(#745,#9,#7);
#747= IFCLOCALPLACEMENT(#713,#746);
#748= IFCBEAM('1zcgmTZRrAIgvyXAfyXYqY',#44,'Kamst\S\el','REBAR8',$,#747,#744,'ID7d9aac1d-8dbd-4a4a-ae7c-84aa7c862d22');
#749= IFCSHAPEREPRESENTATION(#12,'Body','Brep',(#206));
#750= IFCPRODUCTDEFINITIONSHAPE($,$,(#749));
#751= IFCCARTESIANPOINT((-42280.5967643401,-77834.0035406903,-74.0000070333356));
#752= IFCAXIS2PLACEMENT3D(#751,#9,#7);
#753= IFCLOCALPLACEMENT(#713,#752);
#754= IFCBEAM('2Dg4xpjszA2QnhZln_59S2',#44,'Kamst\S\el','REBAR8',$,#753,#750,'ID8da84ef3-b76f-4a09-ac6b-8efc7e149702');
#755= IFCSHAPEREPRESENTATION(#12,'Body','Brep',(#206));
#756= IFCPRODUCTDEFINITIONSHAPE($,$,(#755));
#757= IFCCARTESIANPOINT((-42280.5967643401,-77434.0035406903,-74.0000070333356));
#758= IFCAXIS2PLACEMENT3D(#757,#9,#7);
#759= IFCLOCALPLACEMENT(#713,#758);
#760= IFCBEAM('0gUwK1OYP3nfLmTleF_eZN',#44,'Kamst\S\el','REBAR8',$,#759,#756,'ID2a7ba501-6226-43c6-9570-76fa0ffa88d7');
#761= IFCSHAPEREPRESENTATION(#12,'Body','Brep',(#206));
#762= IFCPRODUCTDEFINITIONSHAPE($,$,(#761));
#763= IFCCARTESIANPOINT((-42280.5967643401,-74234.0035406903,-74.0000070333356));
#764= IFCAXIS2PLACEMENT3D(#763,#9,#7);
#765= IFCLOCALPLACEMENT(#713,#764);
#766= IFCBEAM('2p3wTqk4L3_P3f0C4Ys5eh',#44,'Kamst\S\el','REBAR8',$,#765,#762,'IDb30fa774-b845-43f9-90e9-00c122d85a2b');
#767= IFCSHAPEREPRESENTATION(#12,'Body','Brep',(#206));
#768= IFCPRODUCTDEFINITIONSHAPE($,$,(#767));
#769= IFCCARTESIANPOINT((-42280.5967643401,-74634.0035406903,-74.0000070333356));
#770= IFCAXIS2PLACEMENT3D(#769,#9,#7);
#771= IFCLOCALPLACEMENT(#713,#770);
#772= IFCBEAM('1CWMvB0s51WwqotHiM$JnS',#44,'Kamst\S\el','REBAR8',$,#771,#768,'ID4c816e4b-0361-4183-ad32-dd1b16fd3c5c');
#773= IFCSHAPEREPRESENTATION(#12,'Body','Brep',(#206));
#774= IFCPRODUCTDEFINITIONSHAPE($,$,(#773));
#775= IFCCARTESIANPOINT((-42280.5967643401,-75034.0035406903,-74.0000070333356));
#776= IFCAXIS2PLACEMENT3D(#775,#9,#7);
#777= IFCLOCALPLACEMENT(#713,#776);
#778= IFCBEAM('3lAi$Ncfv4CBDSbMkymdoT',#44,'Kamst\S\el','REBAR8',$,#777,#774,'IDef2acfd7-9a9e-4430-b35c-956bbcc27c9d');
#779= IFCSHAPEREPRESENTATION(#12,'Body','Brep',(#206));
#780= IFCPRODUCTDEFINITIONSHAPE($,$,(#779));
#781= IFCCARTESIANPOINT((-42280.5967643401,-75434.0035406903,-74.0000070333356));
#782= IFCAXIS2PLACEMENT3D(#781,#9,#7);
#783= IFCLOCALPLACEMENT(#713,#782);
#784= IFCBEAM('2j1__TABjAvOdIoI88SShy',#44,'Kamst\S\el','REBAR8',$,#783,#780,'IDad07ef9d-28bb-4ae5-89d2-c9220871cafc');
#785= IFCSHAPEREPRESENTATION(#12,'Body','Brep',(#206));
#786= IFCPRODUCTDEFINITIONSHAPE($,$,(#785));
#787= IFCCARTESIANPOINT((-42280.5967643401,-75834.0035406903,-74.0000070333356));
#788= IFCAXIS2PLACEMENT3D(#787,#9,#7);
#789= IFCLOCALPLACEMENT(#713,#788);
#790= IFCBEAM('37vLkKCobF1hNfhMt8eaAt',#44,'Kamst\S\el','REBAR8',$,#789,#786,'IDc7e55b94-3329-4f06-b5e9-ad6dc8a242b7');
#791= IFCSHAPEREPRESENTATION(#12,'Body','Brep',(#206));
#792= IFCPRODUCTDEFINITIONSHAPE($,$,(#791));
#793= IFCCARTESIANPOINT((-42280.5967643401,-76234.0035406903,-74.0000070333356));
#794= IFCAXIS2PLACEMENT3D(#793,#9,#7);
#795= IFCLOCALPLACEMENT(#713,#794);
#796= IFCBEAM('0i7sN_VW59Dx$oQuYol3nZ',#44,'Kamst\S\el','REBAR8',$,#795,#792,'ID2c1f65fe-7e01-4937-bff2-6b88b2bc3c63');
#797= IFCSHAPEREPRESENTATION(#12,'Body','Brep',(#206));
#798= IFCPRODUCTDEFINITIONSHAPE($,$,(#797));
#799= IFCCARTESIANPOINT((-42280.5967643401,-76634.0035406903,-74.0000070333356));
#800= IFCAXIS2PLACEMENT3D(#799,#9,#7);
#801= IFCLOCALPLACEMENT(#713,#800);
#802= IFCBEAM('1xShTuphH4WhUyDo$ufT7O',#44,'Kamst\S\el','REBAR8',$,#801,#798,'ID7b72b778-ceb4-4482-b7bc-372ff8a5d1d8');
#803= IFCSHAPEREPRESENTATION(#12,'Body','Brep',(#206));
#804= IFCPRODUCTDEFINITIONSHAPE($,$,(#803));
#805= IFCCARTESIANPOINT((-42280.5967643401,-77034.0035406903,-74.0000070333356));
#806= IFCAXIS2PLACEMENT3D(#805,#9,#7);
#807= IFCLOCALPLACEMENT(#713,#806);
#808= IFCBEAM('1A$G$vCtv4xf4b5m9g9W6E',#44,'Kamst\S\el','REBAR8',$,#807,#804,'ID4afd0ff9-337e-44ee-9125-17026a26018e');
#809= IFCLOCALPLACEMENT(#42,#10);
#810= IFCELEMENTASSEMBLY('2xGFUsdf16ghMjzXTvqmF0',#45,'Drager',$,$,#809,$,'d53',.NOTDEFINED.,.NOTDEFINED.);
#811= IFCPROPERTYSINGLEVALUE('Assembly/Cast unit position code',$,IFCLABEL('208-207/I-H'),$);
#812= IFCPROPERTYSET('2fBdWHo2X5VRuoowuZmZGO',#5,'Tekla Assembly','Assembly Properties',(#48,#49,#50,#329,#52,#53,#811,#331));
#813= IFCSHAPEREPRESENTATION(#12,'Body','Brep',(#206));
#814= IFCPRODUCTDEFINITIONSHAPE($,$,(#813));
#815= IFCCARTESIANPOINT((-42280.5967643401,-68259.0035406903,-74.0000070333356));
#816= IFCAXIS2PLACEMENT3D(#815,#9,#7);
#817= IFCLOCALPLACEMENT(#809,#816);
#818= IFCBEAM('1gMCUxYef7Lvk1vTSVPugX',#45,'Kamst\S\el','REBAR8',$,#817,#814,'ID6a58c7bb-8a8a-4757-9b81-e5d71f678aa1');
#819= IFCSHAPEREPRESENTATION(#12,'Body','Brep',(#206));
#820= IFCPRODUCTDEFINITIONSHAPE($,$,(#819));
#821= IFCCARTESIANPOINT((-42280.5967643401,-68659.0035406903,-74.0000070333356));
#822= IFCAXIS2PLACEMENT3D(#821,#9,#7);
#823= IFCLOCALPLACEMENT(#809,#822);
#824= IFCBEAM('3I0D8cRdbABOHmQ6EykrbL',#45,'Kamst\S\el','REBAR8',$,#823,#820,'IDd200d226-6e79-4a2d-8470-6863bcbb5955');
#825= IFCSHAPEREPRESENTATION(#12,'Body','Brep',(#206));
#826= IFCPRODUCTDEFINITIONSHAPE($,$,(#825));
#827= IFCCARTESIANPOINT((-42280.5967643401,-69059.0035406903,-74.0000070333356));
#828= IFCAXIS2PLACEMENT3D(#827,#9,#7);
#829= IFCLOCALPLACEMENT(#809,#828);
#830= IFCBEAM('2zJSTvXZjDoOPdN0biWmev',#45,'Kamst\S\el','REBAR8',$,#829,#826,'IDbd4dc779-863b-4dc9-8667-5c096c830a39');
#831= IFCSHAPEREPRESENTATION(#12,'Body','Brep',(#206));
#832= IFCPRODUCTDEFINITIONSHAPE($,$,(#831));
#833= IFCCARTESIANPOINT((-42280.5967643401,-69459.0035406903,-74.0000070333356));
#834= IFCAXIS2PLACEMENT3D(#833,#9,#7);
#835= IFCLOCALPLACEMENT(#809,#834);
#836= IFCBEAM('3WWece3gL7yP4Pvr2FIg38',#45,'Kamst\S\el','REBAR8',$,#835,#832,'IDe08289a8-0ea5-47f1-9119-e7508f4aa0c8');
#837= IFCSHAPEREPRESENTATION(#12,'Body','Brep',(#206));
#838= IFCPRODUCTDEFINITIONSHAPE($,$,(#837));
#839= IFCCARTESIANPOINT((-42280.5967643401,-69859.0035406903,-74.0000070333356));
#840= IFCAXIS2PLACEMENT3D(#839,#9,#7);
#841= IFCLOCALPLACEMENT(#809,#840);
#842= IFCBEAM('1PrA6S7LX0meMZozzUSMns',#45,'Kamst\S\el','REBAR8',$,#841,#838,'ID59d4a19c-1d58-40c2-85a3-cbdf5e716c76');
#843= IFCSHAPEREPRESENTATION(#12,'Body','Brep',(#206));
#844= IFCPRODUCTDEFINITIONSHAPE($,$,(#843));
#845= IFCCARTESIANPOINT((-42280.5967643401,-70259.0035406903,-74.0000070333356));
#846= IFCAXIS2PLACEMENT3D(#845,#9,#7);
#847= IFCLOCALPLACEMENT(#809,#846);
#848= IFCBEAM('3ojBrPwAjDT8bSCxfLh160',#45,'Kamst\S\el','REBAR8',$,#847,#844,'IDf2b4bd59-e8ab-4d74-895c-33ba55ac1180');
#849= IFCSHAPEREPRESENTATION(#12,'Body','Brep',(#206));
#850= IFCPRODUCTDEFINITIONSHAPE($,$,(#849));
#851= IFCCARTESIANPOINT((-42280.5967643401,-70659.0035406903,-74.0000070333356));
#852= IFCAXIS2PLACEMENT3D(#851,#9,#7);
#853= IFCLOCALPLACEMENT(#809,#852);
#854= IFCBEAM('0IUa1txM53DwBg3aX827OS',#45,'Kamst\S\el','REBAR8',$,#853,#850,'ID127a4077-ed61-4337-a2ea-0e484808761c');
#855= IFCSHAPEREPRESENTATION(#12,'Body','Brep',(#206));
#856= IFCPRODUCTDEFINITIONSHAPE($,$,(#855));
#857= IFCCARTESIANPOINT((-42280.5967643401,-71059.0035406903,-74.0000070333356));
#858= IFCAXIS2PLACEMENT3D(#857,#9,#7);
#859= IFCLOCALPLACEMENT(#809,#858);
#860= IFCBEAM('0y8JQty214i95H5PKI198x',#45,'Kamst\S\el','REBAR8',$,#859,#856,'ID3c2136b7-f020-44b0-9151-15951204923b');
#861= IFCSHAPEREPRESENTATION(#12,'Body','Brep',(#206));
#862= IFCPRODUCTDEFINITIONSHAPE($,$,(#861));
#863= IFCCARTESIANPOINT((-42280.5967643401,-71459.0035406903,-74.0000070333356));
#864= IFCAXIS2PLACEMENT3D(#863,#9,#7);
#865= IFCLOCALPLACEMENT(#809,#864);
#866= IFCBEAM('3zk2H0qTH5dgek0YPAlvRN',#45,'Kamst\S\el','REBAR8',$,#865,#862,'IDfdb82440-d1d4-459e-aa2e-02264abf96d7');
#867= IFCSHAPEREPRESENTATION(#12,'Body','Brep',(#206));
#868= IFCPRODUCTDEFINITIONSHAPE($,$,(#867));
#869= IFCCARTESIANPOINT((-42280.5967643401,-71859.0035406903,-74.0000070333356));
#870= IFCAXIS2PLACEMENT3D(#869,#9,#7);
#871= IFCLOCALPLACEMENT(#809,#870);
#872= IFCBEAM('0LyZvKvP5CBh$KZzMguru9',#45,'Kamst\S\el','REBAR8',$,#871,#868,'ID15f23e54-e591-4c2e-bfd4-8fd5aae35e09');
#873= IFCSHAPEREPRESENTATION(#12,'Body','Brep',(#206));
#874= IFCPRODUCTDEFINITIONSHAPE($,$,(#873));
#875= IFCCARTESIANPOINT((-42280.5967643401,-72259.0035406903,-74.0000070333356));
#876= IFCAXIS2PLACEMENT3D(#875,#9,#7);
#877= IFCLOCALPLACEMENT(#809,#876);
#878= IFCBEAM('0BRleD2PP61BU6rbBX$qGi',#45,'Kamst\S\el','REBAR8',$,#877,#874,'ID0b6efa0d-0996-4604-b786-d652e1ff442c');
#879= IFCSHAPEREPRESENTATION(#12,'Body','Brep',(#206));
#880= IFCPRODUCTDEFINITIONSHAPE($,$,(#879));
#881= IFCCARTESIANPOINT((-42280.5967643401,-72659.0035406903,-74.0000070333356));
#882= IFCAXIS2PLACEMENT3D(#881,#9,#7);
#883= IFCLOCALPLACEMENT(#809,#882);
#884= IFCBEAM('2G4ylY0Nz4yxW$OQh08Ls8',#45,'Kamst\S\el','REBAR8',$,#883,#880,'ID9013cbe2-017f-44f3-b83f-61aac0215d88');
#885= IFCSHAPEREPRESENTATION(#12,'Body','Brep',(#206));
#886= IFCPRODUCTDEFINITIONSHAPE($,$,(#885));
#887= IFCCARTESIANPOINT((-42280.5967643401,-73059.0035406903,-74.0000070333356));
#888= IFCAXIS2PLACEMENT3D(#887,#9,#7);
#889= IFCLOCALPLACEMENT(#809,#888);
#890= IFCBEAM('3zSjl$QQb67uTkBNZBJ4f_',#45,'Kamst\S\el','REBAR8',$,#889,#886,'IDfd72dbff-69a9-461f-876e-2d78cb4c4a7e');
#891= IFCSHAPEREPRESENTATION(#12,'Body','Brep',(#206));
#892= IFCPRODUCTDEFINITIONSHAPE($,$,(#891));
#893= IFCCARTESIANPOINT((-42280.5967643401,-73459.0035406903,-74.0000070333356));
#894= IFCAXIS2PLACEMENT3D(#893,#9,#7);
#895= IFCLOCALPLACEMENT(#809,#894);
#896= IFCBEAM('14gqKqMMvCdwBBEdKVHDQ5',#45,'Kamst\S\el','REBAR8',$,#895,#892,'ID44ab4534-596e-4c9f-a2cb-3a751f44d685');
#897= IFCSHAPEREPRESENTATION(#12,'Body','Brep',(#206));
#898= IFCPRODUCTDEFINITIONSHAPE($,$,(#897));
#899= IFCCARTESIANPOINT((-42280.5967643401,-73859.0035406903,-74.0000070333356));
#900= IFCAXIS2PLACEMENT3D(#899,#9,#7);
#901= IFCLOCALPLACEMENT(#809,#900);
#902= IFCBEAM('3x6QKHadv21wbJ_MVmc_ko',#45,'Kamst\S\el','REBAR8',$,#901,#898,'IDfb19a511-927e-4207-a953-f967f09bebb2');
#903= IFCLOCALPLACEMENT(#42,#10);
#904= IFCELEMENTASSEMBLY('0zYCS64DT1PRgF$mTkoNRh',#45,'Drager',$,$,#903,$,'d53',.NOTDEFINED.,.NOTDEFINED.);
#905= IFCSHAPEREPRESENTATION(#12,'Body','Brep',(#206));
#906= IFCPRODUCTDEFINITIONSHAPE($,$,(#905));
#907= IFCCARTESIANPOINT((-42720.5832356599,-68259.0035406903,-74.0000070333356));
#908= IFCAXIS2PLACEMENT3D(#907,#9,#430);
#909= IFCLOCALPLACEMENT(#903,#908);
#910= IFCBEAM('0JGcWbwl51bP2W37i8TMWs',#45,'Kamst\S\el','REBAR8',$,#909,#906,'ID13426825-eaf1-4195-90a0-0c7b08756836');
#911= IFCSHAPEREPRESENTATION(#12,'Body','Brep',(#206));
#912= IFCPRODUCTDEFINITIONSHAPE($,$,(#911));
#913= IFCCARTESIANPOINT((-42720.5832356599,-68659.0035406903,-74.0000070333356));
#914= IFCAXIS2PLACEMENT3D(#913,#9,#430);
#915= IFCLOCALPLACEMENT(#903,#914);
#916= IFCBEAM('0P9d_rgN96BgdCniBssa1k',#45,'Kamst\S\el','REBAR8',$,#915,#912,'ID19267fb5-a972-462e-a9cc-c6c2f6da406e');
#917= IFCSHAPEREPRESENTATION(#12,'Body','Brep',(#206));
#918= IFCPRODUCTDEFINITIONSHAPE($,$,(#917));
#919= IFCCARTESIANPOINT((-42720.5832356599,-69059.0035406903,-74.0000070333356));
#920= IFCAXIS2PLACEMENT3D(#919,#9,#430);
#921= IFCLOCALPLACEMENT(#903,#920);
#922= IFCBEAM('2Vsp3comHF49SobR$CuLTC',#45,'Kamst\S\el','REBAR8',$,#921,#918,'ID9fdb30e6-cb04-4f10-9732-95bfcce1574c');
#923= IFCSHAPEREPRESENTATION(#12,'Body','Brep',(#206));
#924= IFCPRODUCTDEFINITIONSHAPE($,$,(#923));
#925= IFCCARTESIANPOINT((-42720.5832356599,-69459.0035406903,-74.0000070333356));
#926= IFCAXIS2PLACEMENT3D(#925,#9,#430);
#927= IFCLOCALPLACEMENT(#903,#926);
#928= IFCBEAM('2OtLWuxePBGQ4dC1lX$zTs',#45,'Kamst\S\el','REBAR8',$,#927,#924,'ID98dd5838-ee86-4b41-a127-301be1ffd776');
#929= IFCSHAPEREPRESENTATION(#12,'Body','Brep',(#206));
#930= IFCPRODUCTDEFINITIONSHAPE($,$,(#929));
#931= IFCCARTESIANPOINT((-42720.5832356599,-69859.0035406903,-74.0000070333356));
#932= IFCAXIS2PLACEMENT3D(#931,#9,#430);
#933= IFCLOCALPLACEMENT(#903,#932);
#934= IFCBEAM('1kiPHDcnT6iw89nIrtnoe3',#45,'Kamst\S\el','REBAR8',$,#933,#930,'ID6eb1944d-9b17-46b3-a209-c52d77c72a03');
#935= IFCSHAPEREPRESENTATION(#12,'Body','Brep',(#206));
#936= IFCPRODUCTDEFINITIONSHAPE($,$,(#935));
#937= IFCCARTESIANPOINT((-42720.5832356599,-70259.0035406903,-74.0000070333356));
#938= IFCAXIS2PLACEMENT3D(#937,#9,#430);
#939= IFCLOCALPLACEMENT(#903,#938);
#940= IFCBEAM('3mTxd$Ozj81B96kobGK8H9',#45,'Kamst\S\el','REBAR8',$,#939,#936,'IDf077b9ff-63db-4804-b246-bb2950508449');
#941= IFCSHAPEREPRESENTATION(#12,'Body','Brep',(#206));
#942= IFCPRODUCTDEFINITIONSHAPE($,$,(#941));
#943= IFCCARTESIANPOINT((-42720.5832356599,-70659.0035406903,-74.0000070333356));
#944= IFCAXIS2PLACEMENT3D(#943,#9,#430);
#945= IFCLOCALPLACEMENT(#903,#944);
#946= IFCBEAM('0pnc6Asib0884cLgVtnJRz',#45,'Kamst\S\el','REBAR8',$,#945,#942,'ID33c6618a-dac9-4020-8126-56a7f7c536fd');
#947= IFCSHAPEREPRESENTATION(#12,'Body','Brep',(#206));
#948= IFCPRODUCTDEFINITIONSHAPE($,$,(#947));
#949= IFCCARTESIANPOINT((-42720.5832356599,-71059.0035406903,-74.0000070333356));
#950= IFCAXIS2PLACEMENT3D(#949,#9,#430);
#951= IFCLOCALPLACEMENT(#903,#950);
#952= IFCBEAM('0bcqbTC_P7L9Bmgna6Tt3z',#45,'Kamst\S\el','REBAR8',$,#951,#948,'ID259b495d-33e6-4754-92f0-ab19067770fd');
#953= IFCSHAPEREPRESENTATION(#12,'Body','Brep',(#206));
#954= IFCPRODUCTDEFINITIONSHAPE($,$,(#953));
#955= IFCCARTESIANPOINT((-42720.5832356599,-71459.0035406903,-74.0000070333356));
#956= IFCAXIS2PLACEMENT3D(#955,#9,#430);
#957= IFCLOCALPLACEMENT(#903,#956);
#958= IFCBEAM('31Voxuzhn3bPkctUzTTCrT',#45,'Kamst\S\el','REBAR8',$,#957,#954,'IDc17f2ef8-f6bc-4395-9ba6-ddef5d74cd5d');
#959= IFCSHAPEREPRESENTATION(#12,'Body','Brep',(#206));
#960= IFCPRODUCTDEFINITIONSHAPE($,$,(#959));
#961= IFCCARTESIANPOINT((-42720.5832356599,-71859.0035406903,-74.0000070333356));
#962= IFCAXIS2PLACEMENT3D(#961,#9,#430);
#963= IFCLOCALPLACEMENT(#903,#962);
#964= IFCBEAM('2lXkyCXmX5vwR0x6sqEHES',#45,'Kamst\S\el','REBAR8',$,#963,#960,'IDaf86ef0c-8708-45e7-a6c0-ec6db439139c');
#965= IFCSHAPEREPRESENTATION(#12,'Body','Brep',(#206));
#966= IFCPRODUCTDEFINITIONSHAPE($,$,(#965));
#967= IFCCARTESIANPOINT((-42720.5832356599,-72259.0035406903,-74.0000070333356));
#968= IFCAXIS2PLACEMENT3D(#967,#9,#430);
#969= IFCLOCALPLACEMENT(#903,#968);
#970= IFCBEAM('1oE6KtOpn0IujkZoUJYGhy',#45,'Kamst\S\el','REBAR8',$,#969,#966,'ID72386537-633c-404b-8b6e-8f2793890afc');
#971= IFCSHAPEREPRESENTATION(#12,'Body','Brep',(#206));
#972= IFCPRODUCTDEFINITIONSHAPE($,$,(#971));
#973= IFCCARTESIANPOINT((-42720.5832356599,-72659.0035406903,-74.0000070333356));
#974= IFCAXIS2PLACEMENT3D(#973,#9,#430);
#975= IFCLOCALPLACEMENT(#903,#974);
#976= IFCBEAM('2zPLP5vi1EmRvcGxaHbjbk',#45,'Kamst\S\el','REBAR8',$,#975,#972,'IDbd655645-e6c0-4ec1-be66-43b91196d96e');
#977= IFCSHAPEREPRESENTATION(#12,'Body','Brep',(#206));
#978= IFCPRODUCTDEFINITIONSHAPE($,$,(#977));
#979= IFCCARTESIANPOINT((-42720.5832356599,-73059.0035406903,-74.0000070333356));
#980= IFCAXIS2PLACEMENT3D(#979,#9,#430);
#981= IFCLOCALPLACEMENT(#903,#980);
#982= IFCBEAM('2P4wbG1AX5wvOuPUw9QSXX',#45,'Kamst\S\el','REBAR8',$,#981,#978,'ID9913a950-04a8-45eb-9638-65ee8969c861');
#983= IFCSHAPEREPRESENTATION(#12,'Body','Brep',(#206));
#984= IFCPRODUCTDEFINITIONSHAPE($,$,(#983));
#985= IFCCARTESIANPOINT((-42720.5832356599,-73459.0035406903,-74.0000070333356));
#986= IFCAXIS2PLACEMENT3D(#985,#9,#430);
#987= IFCLOCALPLACEMENT(#903,#986);
#988= IFCBEAM('1DsZA28a9EIOWBe3vxs8jc',#45,'Kamst\S\el','REBAR8',$,#987,#984,'ID4dda3282-2242-4e49-880b-a03e7bd88b66');
#989= IFCSHAPEREPRESENTATION(#12,'Body','Brep',(#206));
#990= IFCPRODUCTDEFINITIONSHAPE($,$,(#989));
#991= IFCCARTESIANPOINT((-42720.5832356599,-73859.0035406903,-74.0000070333356));
#992= IFCAXIS2PLACEMENT3D(#991,#9,#430);
#993= IFCLOCALPLACEMENT(#903,#992);
#994= IFCBEAM('24uB3vhMbAZ89LhnUOqVVU',#45,'Kamst\S\el','REBAR8',$,#993,#990,'ID84e0b0f9-ad69-4a8c-8255-af1798d1f7de');
#995= IFCLOCALPLACEMENT(#42,#10);
#996= IFCELEMENTASSEMBLY('05aWv2bbz3DfS940BTS6ag',#45,'Drager',$,$,#995,$,'d54',.NOTDEFINED.,.NOTDEFINED.);
#997= IFCSHAPEREPRESENTATION(#12,'Body','Brep',(#206));
#998= IFCPRODUCTDEFINITIONSHAPE($,$,(#997));
#999= IFCCARTESIANPOINT((-42720.5832356599,-79834.0035406903,-74.0000070333356));
#1000= IFCAXIS2PLACEMENT3D(#999,#9,#430);
#1001= IFCLOCALPLACEMENT(#995,#1000);
#1002= IFCBEAM('2glAMbXqzC2f1LvNfPfBVX',#44,'Kamst\S\el','REBAR8',$,#1001,#998,'IDaabca5a5-874f-4c0a-9055-e57a59a4b7e1');
#1003= IFCSHAPEREPRESENTATION(#12,'Body','Brep',(#206));
#1004= IFCPRODUCTDEFINITIONSHAPE($,$,(#1003));
#1005= IFCCARTESIANPOINT((-42720.5832356599,-79434.0035406903,-74.0000070333356));
#1006= IFCAXIS2PLACEMENT3D(#1005,#9,#430);
#1007= IFCLOCALPLACEMENT(#995,#1006);
#1008= IFCBEAM('14jPg_iHnB2RQZudbMU80R',#44,'Kamst\S\el','REBAR8',$,#1007,#1004,'ID44b59abe-b11c-4b09-b6a3-e2795678801b');
#1009= IFCSHAPEREPRESENTATION(#12,'Body','Brep',(#206));
#1010= IFCPRODUCTDEFINITIONSHAPE($,$,(#1009));
#1011= IFCCARTESIANPOINT((-42720.5832356599,-79034.0035406903,-74.0000070333356));
#1012= IFCAXIS2PLACEMENT3D(#1011,#9,#430);
#1013= IFCLOCALPLACEMENT(#995,#1012);
#1014= IFCBEAM('0qGjnDztv7eP27ahdQF6Lg',#44,'Kamst\S\el','REBAR8',$,#1013,#1010,'ID3442dc4d-f77e-47a1-9087-92b9da3c656a');
#1015= IFCSHAPEREPRESENTATION(#12,'Body','Brep',(#206));
#1016= IFCPRODUCTDEFINITIONSHAPE($,$,(#1015));
#1017= IFCCARTESIANPOINT((-42720.5832356599,-78634.0035406903,-74.0000070333356));
#1018= IFCAXIS2PLACEMENT3D(#1017,#9,#430);
#1019= IFCLOCALPLACEMENT(#995,#1018);
#1020= IFCBEAM('0$vaXv069CTQzyhjySwAS$',#44,'Kamst\S\el','REBAR8',$,#1019,#1016,'ID3fe64879-0062-4c75-af7c-aedf1ce8a73f');
#1021= IFCSHAPEREPRESENTATION(#12,'Body','Brep',(#206));
#1022= IFCPRODUCTDEFINITIONSHAPE($,$,(#1021));
#1023= IFCCARTESIANPOINT((-42720.5832356599,-78234.0035406903,-74.0000070333356));
#1024= IFCAXIS2PLACEMENT3D(#1023,#9,#430);
#1025= IFCLOCALPLACEMENT(#995,#1024);
#1026= IFCBEAM('3H5LloxDrEc9p3U1kliFyB',#44,'Kamst\S\el','REBAR8',$,#1025,#1022,'IDd1155bf2-ecdd-4e98-9cc3-781bafb0ff0b');
#1027= IFCSHAPEREPRESENTATION(#12,'Body','Brep',(#206));
#1028= IFCPRODUCTDEFINITIONSHAPE($,$,(#1027));
#1029= IFCCARTESIANPOINT((-42720.5832356599,-77834.0035406903,-74.0000070333356));
#1030= IFCAXIS2PLACEMENT3D(#1029,#9,#430);
#1031= IFCLOCALPLACEMENT(#995,#1030);
#1032= IFCBEAM('0OORZMG9b8yeQreIRvD7QV',#44,'Kamst\S\el','REBAR8',$,#1031,#1028,'ID1861b8d6-4099-48f2-86b5-a126f934769f');
#1033= IFCSHAPEREPRESENTATION(#12,'Body','Brep',(#206));
#1034= IFCPRODUCTDEFINITIONSHAPE($,$,(#1033));
#1035= IFCCARTESIANPOINT((-42720.5832356599,-77434.0035406903,-74.0000070333356));
#1036= IFCAXIS2PLACEMENT3D(#1035,#9,#430);
#1037= IFCLOCALPLACEMENT(#995,#1036);
#1038= IFCBEAM('16Q39dIXH65OTAsIyBseoS',#44,'Kamst\S\el','REBAR8',$,#1037,#1034,'ID46683267-4a14-4615-874a-d92f0bda8c9c');
#1039= IFCSHAPEREPRESENTATION(#12,'Body','Brep',(#206));
#1040= IFCPRODUCTDEFINITIONSHAPE($,$,(#1039));
#1041= IFCCARTESIANPOINT((-42720.5832356599,-74234.0035406903,-74.0000070333356));
#1042= IFCAXIS2PLACEMENT3D(#1041,#9,#430);
#1043= IFCLOCALPLACEMENT(#995,#1042);
#1044= IFCBEAM('2RGUStj4b4aOqD8DlmW54_',#44,'Kamst\S\el','REBAR8',$,#1043,#1040,'ID9b41e737-b449-4491-8d0d-20dbf080513e');
#1045= IFCSHAPEREPRESENTATION(#12,'Body','Brep',(#206));
#1046= IFCPRODUCTDEFINITIONSHAPE($,$,(#1045));
#1047= IFCCARTESIANPOINT((-42720.5832356599,-74634.0035406903,-74.0000070333356));
#1048= IFCAXIS2PLACEMENT3D(#1047,#9,#430);
#1049= IFCLOCALPLACEMENT(#995,#1048);
#1050= IFCBEAM('1885rB$Yv8uRIZxj2AcD5G',#44,'Kamst\S\el','REBAR8',$,#1049,#1046,'ID48205d4b-fe2e-48e1-b4a3-eed08a98d150');
#1051= IFCSHAPEREPRESENTATION(#12,'Body','Brep',(#206));
#1052= IFCPRODUCTDEFINITIONSHAPE($,$,(#1051));
#1053= IFCCARTESIANPOINT((-42720.5832356599,-75034.0035406903,-74.0000070333356));
#1054= IFCAXIS2PLACEMENT3D(#1053,#9,#430);
#1055= IFCLOCALPLACEMENT(#995,#1054);
#1056= IFCBEAM('3u1ZlQbv52AxGTitY4I4bk',#44,'Kamst\S\el','REBAR8',$,#1055,#1052,'IDf8063bda-9791-422b-b41d-b3788448496e');
#1057= IFCSHAPEREPRESENTATION(#12,'Body','Brep',(#206));
#1058= IFCPRODUCTDEFINITIONSHAPE($,$,(#1057));
#1059= IFCCARTESIANPOINT((-42720.5832356599,-75434.0035406903,-74.0000070333356));
#1060= IFCAXIS2PLACEMENT3D(#1059,#9,#430);
#1061= IFCLOCALPLACEMENT(#995,#1060);
#1062= IFCBEAM('03XUnQGaLDtuqUiEZyE1$l',#44,'Kamst\S\el','REBAR8',$,#1061,#1058,'ID0385ec5a-4245-4ddf-8d1e-b0e8fc381fef');
#1063= IFCSHAPEREPRESENTATION(#12,'Body','Brep',(#206));
#1064= IFCPRODUCTDEFINITIONSHAPE($,$,(#1063));
#1065= IFCCARTESIANPOINT((-42720.5832356599,-75834.0035406903,-74.0000070333356));
#1066= IFCAXIS2PLACEMENT3D(#1065,#9,#430);
#1067= IFCLOCALPLACEMENT(#995,#1066);
#1068= IFCBEAM('3aC24ittn9u9YpIlS1i6Mv',#44,'Kamst\S\el','REBAR8',$,#1067,#1064,'IDe430212c-df7c-49e0-98b3-4af701b065b9');
#1069= IFCSHAPEREPRESENTATION(#12,'Body','Brep',(#206));
#1070= IFCPRODUCTDEFINITIONSHAPE($,$,(#1069));
#1071= IFCCARTESIANPOINT((-42720.5832356599,-76234.0035406903,-74.0000070333356));
#1072= IFCAXIS2PLACEMENT3D(#1071,#9,#430);
#1073= IFCLOCALPLACEMENT(#995,#1072);
#1074= IFCBEAM('3wV2FMyDj7IBjLVZq0SnfC',#44,'Kamst\S\el','REBAR8',$,#1073,#1070,'IDfa7c23d6-f0db-4748-bb55-7e3d00731a4c');
#1075= IFCSHAPEREPRESENTATION(#12,'Body','Brep',(#206));
#1076= IFCPRODUCTDEFINITIONSHAPE($,$,(#1075));
#1077= IFCCARTESIANPOINT((-42720.5832356599,-76634.0035406903,-74.0000070333356));
#1078= IFCAXIS2PLACEMENT3D(#1077,#9,#430);
#1079= IFCLOCALPLACEMENT(#995,#1078);
#1080= IFCBEAM('3svC3$QIH1cw0QRwIXmCEF',#44,'Kamst\S\el','REBAR8',$,#1079,#1076,'IDf6e4c0ff-6924-419b-a01a-6fa4a1c0c38f');
#1081= IFCSHAPEREPRESENTATION(#12,'Body','Brep',(#206));
#1082= IFCPRODUCTDEFINITIONSHAPE($,$,(#1081));
#1083= IFCCARTESIANPOINT((-42720.5832356599,-77034.0035406903,-74.0000070333356));
#1084= IFCAXIS2PLACEMENT3D(#1083,#9,#430);
#1085= IFCLOCALPLACEMENT(#995,#1084);
#1086= IFCBEAM('1wW$KIoInDu8XNl$P$pP23',#44,'Kamst\S\el','REBAR8',$,#1085,#1082,'ID7a83f512-c92c-4de0-8857-bff67fcd9083');
#1087= IFCLOCALPLACEMENT(#42,#10);
#1088= IFCELEMENTASSEMBLY('3nO4v3Se19ywBNWqPpcQjH',#44,'Drager',$,$,#1087,$,'d52',.NOTDEFINED.,.NOTDEFINED.);
#1089= IFCPROPERTYSET('2ZA_uzxbT1px_EeseTFelN',#5,'Tekla Assembly','Assembly Properties',(#48,#49,#50,#612,#52,#53,#811,#613));
#1090= IFCSHAPEREPRESENTATION(#12,'Body','Brep',(#206));
#1091= IFCPRODUCTDEFINITIONSHAPE($,$,(#1090));
#1092= IFCCARTESIANPOINT((-42650.5829551651,-68013.9966576478,-74.000007033332));
#1093= IFCAXIS2PLACEMENT3D(#1092,#9,#8);
#1094= IFCLOCALPLACEMENT(#1087,#1093);
#1095= IFCBEAM('0iBjHHx9z0T9piFZkTCN_a',#44,'Kamst\S\el','REBAR8',$,#1094,#1091,'ID2c2ed451-ec9f-4074-9cec-3e3b9d317fa4');
#1096= IFCSHAPEREPRESENTATION(#12,'Body','Brep',(#206));
#1097= IFCPRODUCTDEFINITIONSHAPE($,$,(#1096));
#1098= IFCCARTESIANPOINT((-42350.5829551651,-68013.9966576478,-74.000007033332));
#1099= IFCAXIS2PLACEMENT3D(#1098,#9,#8);
#1100= IFCLOCALPLACEMENT(#1087,#1099);
#1101= IFCBEAM('24adNhHVP1AQZHYPnsJpPI',#44,'Kamst\S\el','REBAR8',$,#1100,#1097,'ID849275eb-45f6-4129-a8d1-899c764f3652');
#1102= IFCSHAPEREPRESENTATION(#12,'Body','Brep',(#206));
#1103= IFCPRODUCTDEFINITIONSHAPE($,$,(#1102));
#1104= IFCCARTESIANPOINT((-42280.5967643401,-68059.0035406903,-74.0000070333356));
#1105= IFCAXIS2PLACEMENT3D(#1104,#9,#7);
#1106= IFCLOCALPLACEMENT(#1087,#1105);
#1107= IFCBEAM('0Drccb2M5CcgWR$ooVgw_L',#44,'Kamst\S\el','REBAR8',$,#1106,#1103,'ID0dd669a5-0961-4c9a-a81b-ff2c9fabaf95');
#1108= IFCPLANE(#695);
#1109= IFCHALFSPACESOLID(#1108,.F.);
#1110= IFCBOOLEANCLIPPINGRESULT(.DIFFERENCE.,#691,#1109);
#1111= IFCSHAPEREPRESENTATION(#12,'Body','Clipping',(#1110));
#1112= IFCPRODUCTDEFINITIONSHAPE($,$,(#1111));
#1113= IFCCARTESIANPOINT((-42265.5949743637,-68034.0028435102,-35.0000070333117));
#1114= IFCAXIS2PLACEMENT3D(#1113,#9,#620);
#1115= IFCLOCALPLACEMENT(#1087,#1114);
#1116= IFCBEAM('1LDKwaBz9AZhNLjUQuwlZl',#44,'Drager','L70*7',$,#1115,#1112,'ID55354ea4-2fd2-4a8e-b5d5-b5e6b8eaf8ef');
#1117= IFCSHAPEREPRESENTATION(#12,'Body','Brep',(#206));
#1118= IFCPRODUCTDEFINITIONSHAPE($,$,(#1117));
#1119= IFCCARTESIANPOINT((-42720.5832356599,-68059.0035406903,-74.0000070333356));
#1120= IFCAXIS2PLACEMENT3D(#1119,#9,#430);
#1121= IFCLOCALPLACEMENT(#1087,#1120);
#1122= IFCBEAM('3HylxMBOj9vuoL4nf6cLD0',#44,'Kamst\S\el','REBAR8',$,#1121,#1118,'IDd1f2fed6-2d8b-49e7-8c95-131a46995340');
#1123= IFCPLANE(#651);
#1124= IFCHALFSPACESOLID(#1123,.F.);
#1125= IFCBOOLEANCLIPPINGRESULT(.DIFFERENCE.,#648,#1124);
#1126= IFCSHAPEREPRESENTATION(#12,'Body','Clipping',(#1125));
#1127= IFCPRODUCTDEFINITIONSHAPE($,$,(#1126));
#1128= IFCCARTESIANPOINT((-42735.5850256363,-68084.0013176313,-35.0000070333153));
#1129= IFCAXIS2PLACEMENT3D(#1128,#9,#8);
#1130= IFCLOCALPLACEMENT(#1087,#1129);
#1131= IFCBEAM('1DoVxG7af9R9mqsh3ASVco',#44,'Drager','L70*7',$,#1130,#1127,'ID4dc9fed0-1e4a-496c-9c34-dab0ca71f9b2');
#1132= IFCCARTESIANPOINT((5999.99847412109,0.,0.));
#1133= IFCAXIS2PLACEMENT3D(#1132,#430,#620);
#1134= IFCEXTRUDEDAREASOLID(#645,#1133,#9,6000.);
#1135= IFCSHAPEREPRESENTATION(#12,'Body','SweptSolid',(#1134));
#1136= IFCSTYLEDITEM(#1134,(#641),$);
#1137= IFCPRODUCTDEFINITIONSHAPE($,$,(#1135));
#1138= IFCCARTESIANPOINT((-42265.5949743637,-80034.0002082476,-35.0000070333153));
#1139= IFCAXIS2PLACEMENT3D(#1138,#9,#620);
#1140= IFCLOCALPLACEMENT(#46,#1139);
#1141= IFCBEAM('0U61Qsov11oeItuZCnznnE',#44,'Drager','L70*7',$,#1140,#1137,'d54');
#1142= IFCPROPERTYSINGLEVALUE('Weight',$,IFCMASSMEASURE(44.27),$);
#1143= IFCPROPERTYSINGLEVALUE('Volume',$,IFCVOLUMEMEASURE(0.006),$);
#1144= IFCPROPERTYSINGLEVALUE('Gross footprint area',$,IFCAREAMEASURE(0.042),$);
#1145= IFCPROPERTYSINGLEVALUE('Net surface area',$,IFCAREAMEASURE(1.634),$);
#1146= IFCPROPERTYSINGLEVALUE('Length',$,IFCLENGTHMEASURE(6000.),$);
#1147= IFCPROPERTYSET('3Zzp_MAH96EeNuEyXKAFmN',#5,'Tekla Quantity','Quantity Properties to Shared building elements',(#1142,#1143,#1144,#669,#1145,#671,#672,#1146));
#1148= IFCPROPERTYSINGLEVALUE('Reference',$,IFCIDENTIFIER('d54'),$);
#1149= IFCPROPERTYSET('3n_Xk_Ykn2pv9Tm7IXU0jo',#5,'Pset_BeamCommon','Common Properties to beam elements',(#234,#1148));
#1150= IFCQUANTITYLENGTH('Length',$,$,5999.99847412109);
#1151= IFCQUANTITYAREA('OuterSurfaceArea',$,$,1.63199967376092);
#1152= IFCQUANTITYVOLUME('NetVolume',$,$,0.00564301441677742);
#1153= IFCQUANTITYWEIGHT('NetWeight',$,$,44.2976631717028);
#1154= IFCELEMENTQUANTITY('2pDtk3uXz5Gg0CzaY6UlmN',#5,'BaseQuantities',$,$,(#1150,#1151,#1152,#1153));
#1155= IFCCARTESIANPOINT((5949.99847412109,0.,0.));
#1156= IFCAXIS2PLACEMENT3D(#1155,#430,#620);
#1157= IFCEXTRUDEDAREASOLID(#645,#1156,#9,5950.);
#1158= IFCSHAPEREPRESENTATION(#12,'Body','SweptSolid',(#1157));
#1159= IFCSTYLEDITEM(#1157,(#641),$);
#1160= IFCPRODUCTDEFINITIONSHAPE($,$,(#1158));
#1161= IFCCARTESIANPOINT((-42265.5949743637,-86034.0002082476,-35.0000070333153));
#1162= IFCAXIS2PLACEMENT3D(#1161,#9,#620);
#1163= IFCLOCALPLACEMENT(#327,#1162);
#1164= IFCBEAM('1xjoAfuBr0qeRP5qirPTfu',#45,'Drager','L70*7',$,#1163,#1160,'d53');
#1165= IFCPROPERTYSINGLEVALUE('Weight',$,IFCMASSMEASURE(43.91),$);
#1166= IFCPROPERTYSINGLEVALUE('Net surface area',$,IFCAREAMEASURE(1.621),$);
#1167= IFCPROPERTYSINGLEVALUE('Length',$,IFCLENGTHMEASURE(5950.),$);
#1168= IFCPROPERTYSET('2wy02NT_95wvOaFpMWU5MD',#5,'Tekla Quantity','Quantity Properties to Shared building elements',(#1165,#1143,#1144,#669,#1166,#671,#672,#1167));
#1169= IFCPROPERTYSINGLEVALUE('Reference',$,IFCIDENTIFIER('d53'),$);
#1170= IFCPROPERTYSET('2VOaqZHF99Ow1w3lGTA4bf',#5,'Pset_BeamCommon','Common Properties to beam elements',(#234,#1169));
#1171= IFCQUANTITYLENGTH('Length',$,$,5949.99847412109);
#1172= IFCQUANTITYAREA('OuterSurfaceArea',$,$,1.61839967302092);
#1173= IFCQUANTITYVOLUME('NetVolume',$,$,0.0055959892846785);
#1174= IFCQUANTITYWEIGHT('NetWeight',$,$,43.9285158847263);
#1175= IFCELEMENTQUANTITY('1c3w9ldPb9YPFJeAqFHK2S',#5,'BaseQuantities',$,$,(#1171,#1172,#1173,#1174));
#1176= IFCSHAPEREPRESENTATION(#12,'Body','SweptSolid',(#1134));
#1177= IFCPRODUCTDEFINITIONSHAPE($,$,(#1176));
#1178= IFCCARTESIANPOINT((-42735.5850256363,-86033.9986823687,-35.0000070333153));
#1179= IFCAXIS2PLACEMENT3D(#1178,#9,#8);
#1180= IFCLOCALPLACEMENT(#518,#1179);
#1181= IFCBEAM('1cfwpho09B6xvQrML0yXwI',#44,'Drager','L70*7',$,#1180,#1177,'d54');
#1182= IFCSHAPEREPRESENTATION(#12,'Body','SweptSolid',(#1157));
#1183= IFCPRODUCTDEFINITIONSHAPE($,$,(#1182));
#1184= IFCCARTESIANPOINT((-42735.5850256363,-91983.9986823687,-35.0000070333153));
#1185= IFCAXIS2PLACEMENT3D(#1184,#9,#8);
#1186= IFCLOCALPLACEMENT(#423,#1185);
#1187= IFCBEAM('0BJK4U2kP7TxuNxyjnWp7P',#45,'Drager','L70*7',$,#1186,#1183,'d53');
#1188= IFCCARTESIANPOINT((505.699847412124,0.,0.));
#1189= IFCAXIS2PLACEMENT3D(#1188,#430,#620);
#1190= IFCEXTRUDEDAREASOLID(#645,#1189,#9,611.4);
#1191= IFCCARTESIANPOINT((399.999847412124,-35.,35.0000070333263));
#1192= IFCAXIS2PLACEMENT3D(#1191,#649,#9);
#1193= IFCPLANE(#1192);
#1194= IFCHALFSPACESOLID(#1193,.F.);
#1195= IFCBOOLEANCLIPPINGRESULT(.DIFFERENCE.,#1190,#1194);
#1196= IFCDIRECTION((0.707106781186548,0.707106781186548,0.));
#1197= IFCAXIS2PLACEMENT3D(#693,#1196,#9);
#1198= IFCPLANE(#1197);
#1199= IFCHALFSPACESOLID(#1198,.T.);
#1200= IFCBOOLEANCLIPPINGRESULT(.DIFFERENCE.,#1195,#1199);
#1201= IFCSHAPEREPRESENTATION(#12,'Body','Clipping',(#1200));
#1202= IFCSTYLEDITEM(#1190,(#641),$);
#1203= IFCPRODUCTDEFINITIONSHAPE($,$,(#1201));
#1204= IFCCARTESIANPOINT((-42300.5851782241,-92069.0051323286,-35.0000070333153));
#1205= IFCAXIS2PLACEMENT3D(#1204,#9,#430);
#1206= IFCLOCALPLACEMENT(#610,#1205);
#1207= IFCBEAM('0ASSCoXen72wR5gPlQkI36',#44,'Drager','L70*7',$,#1206,#1203,'d52');
#1208= IFCPROPERTYSINGLEVALUE('Weight',$,IFCMASSMEASURE(3.98),$);
#1209= IFCPROPERTYSINGLEVALUE('Volume',$,IFCVOLUMEMEASURE(0.001),$);
#1210= IFCPROPERTYSINGLEVALUE('Gross footprint area',$,IFCAREAMEASURE(0.004),$);
#1211= IFCPROPERTYSINGLEVALUE('Net surface area',$,IFCAREAMEASURE(0.138),$);
#1212= IFCPROPERTYSINGLEVALUE('Length',$,IFCLENGTHMEASURE(540.),$);
#1213= IFCPROPERTYSET('17zPXXaa5C$9RKS8ZL9yFh',#5,'Tekla Quantity','Quantity Properties to Shared building elements',(#1208,#1209,#1210,#669,#1211,#671,#672,#1212));
#1214= IFCPROPERTYSINGLEVALUE('Reference',$,IFCIDENTIFIER('d52'),$);
#1215= IFCPROPERTYSET('1P1RSUbiL9BOJ7NT$8naXl',#5,'Pset_BeamCommon','Common Properties to beam elements',(#234,#1214));
#1216= IFCQUANTITYLENGTH('Length',$,$,539.999847412109);
#1217= IFCQUANTITYAREA('OuterSurfaceArea',$,$,0.146879966488092);
#1218= IFCQUANTITYVOLUME('NetVolume',$,$,0.00047084916531895);
#1219= IFCQUANTITYWEIGHT('NetWeight',$,$,3.69616594775376);
#1220= IFCELEMENTQUANTITY('1k3FkAG39Dlxz_M8jnqUdK',#5,'BaseQuantities',$,$,(#1216,#1217,#1218,#1219));
#1221= IFCSHAPEREPRESENTATION(#12,'Body','SweptSolid',(#1134));
#1222= IFCPRODUCTDEFINITIONSHAPE($,$,(#1221));
#1223= IFCCARTESIANPOINT((-42265.5949743637,-74034.0013176313,-35.0000070333153));
#1224= IFCAXIS2PLACEMENT3D(#1223,#9,#620);
#1225= IFCLOCALPLACEMENT(#713,#1224);
#1226= IFCBEAM('0BSIcm3Ir7NhiT5NZk32gA',#44,'Drager','L70*7',$,#1225,#1222,'d54');
#1227= IFCSHAPEREPRESENTATION(#12,'Body','SweptSolid',(#1157));
#1228= IFCPRODUCTDEFINITIONSHAPE($,$,(#1227));
#1229= IFCCARTESIANPOINT((-42265.5949743637,-68084.0013176313,-35.0000070333153));
#1230= IFCAXIS2PLACEMENT3D(#1229,#9,#620);
#1231= IFCLOCALPLACEMENT(#809,#1230);
#1232= IFCBEAM('1aWoOUJbLF1uJT8jZnnL3P',#45,'Drager','L70*7',$,#1231,#1228,'d53');
#1233= IFCSHAPEREPRESENTATION(#12,'Body','SweptSolid',(#1134));
#1234= IFCPRODUCTDEFINITIONSHAPE($,$,(#1233));
#1235= IFCCARTESIANPOINT((-42735.5850256363,-80033.9997917524,-35.0000070333153));
#1236= IFCAXIS2PLACEMENT3D(#1235,#9,#8);
#1237= IFCLOCALPLACEMENT(#995,#1236);
#1238= IFCBEAM('2fjy72DATEPf$bVf0xbqHR',#44,'Drager','L70*7',$,#1237,#1234,'d54');
#1239= IFCSHAPEREPRESENTATION(#12,'Body','SweptSolid',(#1157));
#1240= IFCPRODUCTDEFINITIONSHAPE($,$,(#1239));
#1241= IFCCARTESIANPOINT((-42735.5850256363,-74033.9997917524,-35.0000070333153));
#1242= IFCAXIS2PLACEMENT3D(#1241,#9,#8);
#1243= IFCLOCALPLACEMENT(#903,#1242);
#1244= IFCBEAM('3JL4tnamLDGRnKB1DSjZkb',#45,'Drager','L70*7',$,#1243,#1240,'d53');
#1245= IFCAXIS2PLACEMENT3D(#1191,#694,#1196);
#1246= IFCPLANE(#1245);
#1247= IFCHALFSPACESOLID(#1246,.T.);
#1248= IFCBOOLEANCLIPPINGRESULT(.DIFFERENCE.,#1190,#1247);
#1249= IFCPLANE(#695);
#1250= IFCHALFSPACESOLID(#1249,.F.);
#1251= IFCBOOLEANCLIPPINGRESULT(.DIFFERENCE.,#1248,#1250);
#1252= IFCSHAPEREPRESENTATION(#12,'Body','Clipping',(#1251));
#1253= IFCPRODUCTDEFINITIONSHAPE($,$,(#1252));
#1254= IFCCARTESIANPOINT((-42700.5850256363,-67998.9948676714,-35.0000070333153));
#1255= IFCAXIS2PLACEMENT3D(#1254,#9,#7);
#1256= IFCLOCALPLACEMENT(#1087,#1255);
#1257= IFCBEAM('3R6_9y7ez7p96zHfP9o5Bl',#44,'Drager','L70*7',$,#1256,#1253,'d52');
#1258= IFCQUANTITYLENGTH('Length',$,$,539.999847412111);
#1259= IFCQUANTITYAREA('OuterSurfaceArea',$,$,0.146879966488092);
#1260= IFCQUANTITYVOLUME('NetVolume',$,$,0.000470849165318951);
#1261= IFCQUANTITYWEIGHT('NetWeight',$,$,3.69616594775376);
#1262= IFCELEMENTQUANTITY('2LoUNgR8P8X98y_ksjuLz3',#5,'BaseQuantities',$,$,(#1258,#1259,#1260,#1261));
#1263= IFCLOCALPLACEMENT(#42,#10);
#1264= IFCELEMENTASSEMBLY('3ReUM5b7j8EOsCy3R1RnaY',#45,'Drager',$,$,#1263,$,'d54',.NOTDEFINED.,.NOTDEFINED.);
#1265= IFCPROPERTYSINGLEVALUE('Assembly/Cast unit position code',$,IFCLABEL('206-205/L-J'),$);
#1266= IFCPROPERTYSET('1vadMX68f1$8W4dZ5o9zCA',#5,'Tekla Assembly','Assembly Properties',(#48,#49,#50,#51,#52,#53,#1265,#55));
#1267= IFCQUANTITYLENGTH('Width',$,$,169.571376648137);
#1268= IFCELEMENTQUANTITY('3pqSFi5I54bRxP0SnkLor2',#5,'BaseQuantities',$,$,(#1267));
#1269= IFCSHAPEREPRESENTATION(#12,'Body','Brep',(#206));
#1270= IFCPRODUCTDEFINITIONSHAPE($,$,(#1269));
#1271= IFCCARTESIANPOINT((-32280.5967643401,-80233.9964593097,-74.0000070333356));
#1272= IFCAXIS2PLACEMENT3D(#1271,#9,#7);
#1273= IFCLOCALPLACEMENT(#1263,#1272);
#1274= IFCBEAM('2dvKpPmyX1cBInL5BAhd34',#44,'Kamst\S\el','REBAR8',$,#1273,#1270,'IDa7e54cd9-c3c8-4198-b4b1-5452caae70c4');
#1275= IFCQUANTITYLENGTH('Length',$,$,149.949976367261);
#1276= IFCELEMENTQUANTITY('0gXkwAC_vFVRkFWpR9USz8',#5,'BaseQuantities',$,$,(#1275,#238,#239,#240));
#1277= IFCSHAPEREPRESENTATION(#12,'Body','Brep',(#206));
#1278= IFCPRODUCTDEFINITIONSHAPE($,$,(#1277));
#1279= IFCCARTESIANPOINT((-32280.5967643401,-80633.9964593097,-74.0000070333356));
#1280= IFCAXIS2PLACEMENT3D(#1279,#9,#7);
#1281= IFCLOCALPLACEMENT(#1263,#1280);
#1282= IFCBEAM('2$q$J6k0L8fP1HGiH4Q0T3',#44,'Kamst\S\el','REBAR8',$,#1281,#1278,'IDbfd3f4c6-b805-48a5-9051-42c444680743');
#1283= IFCSHAPEREPRESENTATION(#12,'Body','Brep',(#206));
#1284= IFCPRODUCTDEFINITIONSHAPE($,$,(#1283));
#1285= IFCCARTESIANPOINT((-32280.5967643401,-81033.9964593097,-74.0000070333356));
#1286= IFCAXIS2PLACEMENT3D(#1285,#9,#7);
#1287= IFCLOCALPLACEMENT(#1263,#1286);
#1288= IFCBEAM('2ut9c9kgXERgbwMadDNyjq',#44,'Kamst\S\el','REBAR8',$,#1287,#1284,'IDb8dc9989-baa8-4e6e-a97a-5a49cd5fcb74');
#1289= IFCSHAPEREPRESENTATION(#12,'Body','Brep',(#206));
#1290= IFCPRODUCTDEFINITIONSHAPE($,$,(#1289));
#1291= IFCCARTESIANPOINT((-32280.5967643401,-81433.9964593097,-74.0000070333356));
#1292= IFCAXIS2PLACEMENT3D(#1291,#9,#7);
#1293= IFCLOCALPLACEMENT(#1263,#1292);
#1294= IFCBEAM('3DbrG8ZZz5BAedBWfVuj7p',#44,'Kamst\S\el','REBAR8',$,#1293,#1290,'IDcd975408-8e3f-452c-aa27-2e0a5fe2d1f3');
#1295= IFCSHAPEREPRESENTATION(#12,'Body','Brep',(#206));
#1296= IFCPRODUCTDEFINITIONSHAPE($,$,(#1295));
#1297= IFCCARTESIANPOINT((-32280.5967643401,-81833.9964593097,-74.0000070333356));
#1298= IFCAXIS2PLACEMENT3D(#1297,#9,#7);
#1299= IFCLOCALPLACEMENT(#1263,#1298);
#1300= IFCBEAM('32O81dTtP4BfVXSF_l3KyE',#44,'Kamst\S\el','REBAR8',$,#1299,#1296,'IDc2608067-7776-442e-97e1-70ffaf0d4f0e');
#1301= IFCSHAPEREPRESENTATION(#12,'Body','Brep',(#206));
#1302= IFCPRODUCTDEFINITIONSHAPE($,$,(#1301));
#1303= IFCCARTESIANPOINT((-32280.5967643401,-82233.9964593097,-74.0000070333356));
#1304= IFCAXIS2PLACEMENT3D(#1303,#9,#7);
#1305= IFCLOCALPLACEMENT(#1263,#1304);
#1306= IFCBEAM('25KS8TgmHCI9PQjIgW0uDP',#44,'Kamst\S\el','REBAR8',$,#1305,#1302,'ID8551c21d-ab04-4c48-965a-b52aa0038359');
#1307= IFCSHAPEREPRESENTATION(#12,'Body','Brep',(#206));
#1308= IFCPRODUCTDEFINITIONSHAPE($,$,(#1307));
#1309= IFCCARTESIANPOINT((-32280.5967643401,-82633.9964593097,-74.0000070333356));
#1310= IFCAXIS2PLACEMENT3D(#1309,#9,#7);
#1311= IFCLOCALPLACEMENT(#1263,#1310);
#1312= IFCBEAM('0i63fbJ3bBN8pd14mNPWka',#44,'Kamst\S\el','REBAR8',$,#1311,#1308,'ID2c183a65-4c39-4b5c-8ce7-044c17660ba4');
#1313= IFCSHAPEREPRESENTATION(#12,'Body','Brep',(#206));
#1314= IFCPRODUCTDEFINITIONSHAPE($,$,(#1313));
#1315= IFCCARTESIANPOINT((-32280.5967643401,-85833.9964593097,-74.0000070333356));
#1316= IFCAXIS2PLACEMENT3D(#1315,#9,#7);
#1317= IFCLOCALPLACEMENT(#1263,#1316);
#1318= IFCBEAM('0tRnyhbgX87PYCur92UoAj',#44,'Kamst\S\el','REBAR8',$,#1317,#1314,'ID376f1f2b-96a8-481d-988c-e352427b22ad');
#1319= IFCSHAPEREPRESENTATION(#12,'Body','Brep',(#206));
#1320= IFCPRODUCTDEFINITIONSHAPE($,$,(#1319));
#1321= IFCCARTESIANPOINT((-32280.5967643401,-85433.9964593097,-74.0000070333356));
#1322= IFCAXIS2PLACEMENT3D(#1321,#9,#7);
#1323= IFCLOCALPLACEMENT(#1263,#1322);
#1324= IFCBEAM('0hK1nalP96nBco_7zgCBOD',#44,'Kamst\S\el','REBAR8',$,#1323,#1320,'ID2b501c64-bd92-46c4-b9b2-f87f6a30b60d');
#1325= IFCSHAPEREPRESENTATION(#12,'Body','Brep',(#206));
#1326= IFCPRODUCTDEFINITIONSHAPE($,$,(#1325));
#1327= IFCCARTESIANPOINT((-32280.5967643401,-85033.9964593097,-74.0000070333356));
#1328= IFCAXIS2PLACEMENT3D(#1327,#9,#7);
#1329= IFCLOCALPLACEMENT(#1263,#1328);
#1330= IFCBEAM('2r2uW9$VXD0BKOtSvIHKRH',#44,'Kamst\S\el','REBAR8',$,#1329,#1326,'IDb50b8809-fdf8-4d00-b518-ddce524546d1');
#1331= IFCSHAPEREPRESENTATION(#12,'Body','Brep',(#206));
#1332= IFCPRODUCTDEFINITIONSHAPE($,$,(#1331));
#1333= IFCCARTESIANPOINT((-32280.5967643401,-84633.9964593097,-74.0000070333356));
#1334= IFCAXIS2PLACEMENT3D(#1333,#9,#7);
#1335= IFCLOCALPLACEMENT(#1263,#1334);
#1336= IFCBEAM('0xUv$io3XBKwVI_fDZF3l_',#44,'Kamst\S\el','REBAR8',$,#1335,#1332,'ID3b7b9fec-c838-4b53-a7d2-fa93633c3bfe');
#1337= IFCSHAPEREPRESENTATION(#12,'Body','Brep',(#206));
#1338= IFCPRODUCTDEFINITIONSHAPE($,$,(#1337));
#1339= IFCCARTESIANPOINT((-32280.5967643401,-84233.9964593097,-74.0000070333356));
#1340= IFCAXIS2PLACEMENT3D(#1339,#9,#7);
#1341= IFCLOCALPLACEMENT(#1263,#1340);
#1342= IFCBEAM('30Ke$xrhz28w5Dgk4aWwqf',#44,'Kamst\S\el','REBAR8',$,#1341,#1338,'IDc0528ffb-d6bf-4223-a14d-aae12483ad29');
#1343= IFCSHAPEREPRESENTATION(#12,'Body','Brep',(#206));
#1344= IFCPRODUCTDEFINITIONSHAPE($,$,(#1343));
#1345= IFCCARTESIANPOINT((-32280.5967643401,-83833.9964593097,-74.0000070333356));
#1346= IFCAXIS2PLACEMENT3D(#1345,#9,#7);
#1347= IFCLOCALPLACEMENT(#1263,#1346);
#1348= IFCBEAM('32hTmWfi18TPo_ZNUJV83a',#44,'Kamst\S\el','REBAR8',$,#1347,#1344,'IDc2addc20-a6c0-4875-9cbe-8d77937c80e4');
#1349= IFCSHAPEREPRESENTATION(#12,'Body','Brep',(#206));
#1350= IFCPRODUCTDEFINITIONSHAPE($,$,(#1349));
#1351= IFCCARTESIANPOINT((-32280.5967643401,-83433.9964593097,-74.0000070333356));
#1352= IFCAXIS2PLACEMENT3D(#1351,#9,#7);
#1353= IFCLOCALPLACEMENT(#1263,#1352);
#1354= IFCBEAM('3UK88S9h18NfgNZdj2i2W6',#44,'Kamst\S\el','REBAR8',$,#1353,#1350,'IDde50821c-26b0-485e-9a97-8e7b42b02806');
#1355= IFCSHAPEREPRESENTATION(#12,'Body','Brep',(#206));
#1356= IFCPRODUCTDEFINITIONSHAPE($,$,(#1355));
#1357= IFCCARTESIANPOINT((-32280.5967643401,-83033.9964593097,-74.0000070333356));
#1358= IFCAXIS2PLACEMENT3D(#1357,#9,#7);
#1359= IFCLOCALPLACEMENT(#1263,#1358);
#1360= IFCBEAM('1gC_H3jtD72Q5jYMU3T0E2',#44,'Kamst\S\el','REBAR8',$,#1359,#1356,'ID6a33e443-b773-4709-a16d-896783740382');
#1361= IFCLOCALPLACEMENT(#42,#10);
#1362= IFCELEMENTASSEMBLY('1WgDPMitf31upsvbqFvVG3',#45,'Drager',$,$,#1361,$,'d53',.NOTDEFINED.,.NOTDEFINED.);
#1363= IFCPROPERTYSINGLEVALUE('Assembly/Cast unit position code',$,IFCLABEL('206-205/L-K'),$);
#1364= IFCPROPERTYSET('0xCP_q0TbFnun8P$Ww0n8P',#5,'Tekla Assembly','Assembly Properties',(#48,#49,#50,#329,#52,#53,#1363,#331));
#1365= IFCSHAPEREPRESENTATION(#12,'Body','Brep',(#206));
#1366= IFCPRODUCTDEFINITIONSHAPE($,$,(#1365));
#1367= IFCCARTESIANPOINT((-32280.5967643401,-91808.9964593097,-74.0000070333356));
#1368= IFCAXIS2PLACEMENT3D(#1367,#9,#7);
#1369= IFCLOCALPLACEMENT(#1361,#1368);
#1370= IFCBEAM('1BcTOrbzL4QxO1LKsgT2PG',#45,'Kamst\S\el','REBAR8',$,#1369,#1366,'ID4b99d635-97d5-446b-b601-554daa742650');
#1371= IFCSHAPEREPRESENTATION(#12,'Body','Brep',(#206));
#1372= IFCPRODUCTDEFINITIONSHAPE($,$,(#1371));
#1373= IFCCARTESIANPOINT((-32280.5967643401,-91408.9964593097,-74.0000070333356));
#1374= IFCAXIS2PLACEMENT3D(#1373,#9,#7);
#1375= IFCLOCALPLACEMENT(#1361,#1374);
#1376= IFCBEAM('3ITQotVWP66er_vR$eFYou',#45,'Kamst\S\el','REBAR8',$,#1375,#1372,'IDd275acb7-7e06-461a-8d7e-e5bfe83e2cb8');
#1377= IFCSHAPEREPRESENTATION(#12,'Body','Brep',(#206));
#1378= IFCPRODUCTDEFINITIONSHAPE($,$,(#1377));
#1379= IFCCARTESIANPOINT((-32280.5967643401,-91008.9964593097,-74.0000070333356));
#1380= IFCAXIS2PLACEMENT3D(#1379,#9,#7);
#1381= IFCLOCALPLACEMENT(#1361,#1380);
#1382= IFCBEAM('3nFxInb5T7iesTMeOgVTts',#45,'Kamst\S\el','REBAR8',$,#1381,#1378,'IDf13fb4b1-9457-47b2-8d9d-5a862a7dddf6');
#1383= IFCSHAPEREPRESENTATION(#12,'Body','Brep',(#206));
#1384= IFCPRODUCTDEFINITIONSHAPE($,$,(#1383));
#1385= IFCCARTESIANPOINT((-32280.5967643401,-90608.9964593097,-74.0000070333356));
#1386= IFCAXIS2PLACEMENT3D(#1385,#9,#7);
#1387= IFCLOCALPLACEMENT(#1361,#1386);
#1388= IFCBEAM('1AsUb$xoX2bf6W6GAO75Ws',#45,'Kamst\S\el','REBAR8',$,#1387,#1384,'ID4ad9e97f-ef28-4296-91a0-1902981c5836');
#1389= IFCSHAPEREPRESENTATION(#12,'Body','Brep',(#206));
#1390= IFCPRODUCTDEFINITIONSHAPE($,$,(#1389));
#1391= IFCCARTESIANPOINT((-32280.5967643401,-90208.9964593097,-74.0000070333356));
#1392= IFCAXIS2PLACEMENT3D(#1391,#9,#7);
#1393= IFCLOCALPLACEMENT(#1361,#1392);
#1394= IFCBEAM('3__ErdeFvAfPhplv8Z59eP',#45,'Kamst\S\el','REBAR8',$,#1393,#1390,'IDfef8ed67-a0fe-4aa5-9af3-bf9223149a19');
#1395= IFCSHAPEREPRESENTATION(#12,'Body','Brep',(#206));
#1396= IFCPRODUCTDEFINITIONSHAPE($,$,(#1395));
#1397= IFCCARTESIANPOINT((-32280.5967643401,-89808.9964593097,-74.0000070333356));
#1398= IFCAXIS2PLACEMENT3D(#1397,#9,#7);
#1399= IFCLOCALPLACEMENT(#1361,#1398);
#1400= IFCBEAM('36kmQTCWHAeBx00d_uXX50',#45,'Kamst\S\el','REBAR8',$,#1399,#1396,'IDc6bb069d-3204-4aa0-bec0-027fb8861140');
#1401= IFCSHAPEREPRESENTATION(#12,'Body','Brep',(#206));
#1402= IFCPRODUCTDEFINITIONSHAPE($,$,(#1401));
#1403= IFCCARTESIANPOINT((-32280.5967643401,-89408.9964593097,-74.0000070333356));
#1404= IFCAXIS2PLACEMENT3D(#1403,#9,#7);
#1405= IFCLOCALPLACEMENT(#1361,#1404);
#1406= IFCBEAM('3zairaJEnCMhNCR1ewo1qa',#45,'Kamst\S\el','REBAR8',$,#1405,#1402,'IDfd92cd64-4cec-4c5a-b5cc-6c1a3ac81d24');
#1407= IFCSHAPEREPRESENTATION(#12,'Body','Brep',(#206));
#1408= IFCPRODUCTDEFINITIONSHAPE($,$,(#1407));
#1409= IFCCARTESIANPOINT((-32280.5967643401,-89008.9964593097,-74.0000070333356));
#1410= IFCAXIS2PLACEMENT3D(#1409,#9,#7);
#1411= IFCLOCALPLACEMENT(#1361,#1410);
#1412= IFCBEAM('0lop6wxpnC_uN6Z6RvhXUS',#45,'Kamst\S\el','REBAR8',$,#1411,#1408,'ID2fcb31ba-ef3c-4cfb-85c6-8c66f9ae179c');
#1413= IFCSHAPEREPRESENTATION(#12,'Body','Brep',(#206));
#1414= IFCPRODUCTDEFINITIONSHAPE($,$,(#1413));
#1415= IFCCARTESIANPOINT((-32280.5967643401,-88608.9964593097,-74.0000070333356));
#1416= IFCAXIS2PLACEMENT3D(#1415,#9,#7);
#1417= IFCLOCALPLACEMENT(#1361,#1416);
#1418= IFCBEAM('0HioDk9Cj0bAJ7zJUQ8WjC',#45,'Kamst\S\el','REBAR8',$,#1417,#1414,'ID11b3236e-24cb-4094-a4c7-f5379a220b4c');
#1419= IFCSHAPEREPRESENTATION(#12,'Body','Brep',(#206));
#1420= IFCPRODUCTDEFINITIONSHAPE($,$,(#1419));
#1421= IFCCARTESIANPOINT((-32280.5967643401,-88208.9964593097,-74.0000070333356));
#1422= IFCAXIS2PLACEMENT3D(#1421,#9,#7);
#1423= IFCLOCALPLACEMENT(#1361,#1422);
#1424= IFCBEAM('2mbptBwSP9wxNPBXj$TUdn',#45,'Kamst\S\el','REBAR8',$,#1423,#1420,'IDb0973dcb-e9c6-49eb-b5d9-2e1b7f75e9f1');
#1425= IFCSHAPEREPRESENTATION(#12,'Body','Brep',(#206));
#1426= IFCPRODUCTDEFINITIONSHAPE($,$,(#1425));
#1427= IFCCARTESIANPOINT((-32280.5967643401,-87808.9964593097,-74.0000070333356));
#1428= IFCAXIS2PLACEMENT3D(#1427,#9,#7);
#1429= IFCLOCALPLACEMENT(#1361,#1428);
#1430= IFCBEAM('1Bft3PL_v8wuKRDfgsXbSW',#45,'Kamst\S\el','REBAR8',$,#1429,#1426,'ID4ba770d9-57ee-48eb-851b-369ab6865720');
#1431= IFCSHAPEREPRESENTATION(#12,'Body','Brep',(#206));
#1432= IFCPRODUCTDEFINITIONSHAPE($,$,(#1431));
#1433= IFCCARTESIANPOINT((-32280.5967643401,-87408.9964593097,-74.0000070333356));
#1434= IFCAXIS2PLACEMENT3D(#1433,#9,#7);
#1435= IFCLOCALPLACEMENT(#1361,#1434);
#1436= IFCBEAM('0uHU_iDgL78fDwApQ8tY3F',#45,'Kamst\S\el','REBAR8',$,#1435,#1432,'ID3845efac-36a5-4722-937a-2b3688de20cf');
#1437= IFCSHAPEREPRESENTATION(#12,'Body','Brep',(#206));
#1438= IFCPRODUCTDEFINITIONSHAPE($,$,(#1437));
#1439= IFCCARTESIANPOINT((-32280.5967643401,-87008.9964593097,-74.0000070333356));
#1440= IFCAXIS2PLACEMENT3D(#1439,#9,#7);
#1441= IFCLOCALPLACEMENT(#1361,#1440);
#1442= IFCBEAM('0U6G3wRdn7dBFUjnmfpznI',#45,'Kamst\S\el','REBAR8',$,#1441,#1438,'ID1e1900fa-6e7c-479c-b3de-b71c29cfdc52');
#1443= IFCSHAPEREPRESENTATION(#12,'Body','Brep',(#206));
#1444= IFCPRODUCTDEFINITIONSHAPE($,$,(#1443));
#1445= IFCCARTESIANPOINT((-32280.5967643401,-86608.9964593097,-74.0000070333356));
#1446= IFCAXIS2PLACEMENT3D(#1445,#9,#7);
#1447= IFCLOCALPLACEMENT(#1361,#1446);
#1448= IFCBEAM('0z4p_PQhTDVPDR$l1Ho2ZQ',#45,'Kamst\S\el','REBAR8',$,#1447,#1444,'ID3d133f99-6ab7-4d7d-935b-fef051c828da');
#1449= IFCSHAPEREPRESENTATION(#12,'Body','Brep',(#206));
#1450= IFCPRODUCTDEFINITIONSHAPE($,$,(#1449));
#1451= IFCCARTESIANPOINT((-32280.5967643401,-86208.9964593097,-74.0000070333356));
#1452= IFCAXIS2PLACEMENT3D(#1451,#9,#7);
#1453= IFCLOCALPLACEMENT(#1361,#1452);
#1454= IFCBEAM('38Xzs_P_jAyumZw4e_bxdx',#45,'Kamst\S\el','REBAR8',$,#1453,#1450,'IDc887ddbe-67eb-4af3-8c23-e84a3e97b9fb');
#1455= IFCLOCALPLACEMENT(#42,#10);
#1456= IFCELEMENTASSEMBLY('240hq$uMz3VuLFPaTsbQBt',#45,'Drager',$,$,#1455,$,'d53',.NOTDEFINED.,.NOTDEFINED.);
#1457= IFCSHAPEREPRESENTATION(#12,'Body','Brep',(#206));
#1458= IFCPRODUCTDEFINITIONSHAPE($,$,(#1457));
#1459= IFCCARTESIANPOINT((-32720.5832356599,-91808.9964593097,-74.0000070333356));
#1460= IFCAXIS2PLACEMENT3D(#1459,#9,#430);
#1461= IFCLOCALPLACEMENT(#1455,#1460);
#1462= IFCBEAM('0OYSF42BDAmPnbSrw1OaJP',#45,'Kamst\S\el','REBAR8',$,#1461,#1458,'ID1889c3c4-08b3-4ac1-9c65-735e816244d9');
#1463= IFCSHAPEREPRESENTATION(#12,'Body','Brep',(#206));
#1464= IFCPRODUCTDEFINITIONSHAPE($,$,(#1463));
#1465= IFCCARTESIANPOINT((-32720.5832356599,-91408.9964593097,-74.0000070333356));
#1466= IFCAXIS2PLACEMENT3D(#1465,#9,#430);
#1467= IFCLOCALPLACEMENT(#1455,#1466);
#1468= IFCBEAM('22YYg7MMLF3xpeF54c_APw',#45,'Kamst\S\el','REBAR8',$,#1467,#1464,'ID828a2a87-5965-4f0f-bce8-3c5126f8a67a');
#1469= IFCSHAPEREPRESENTATION(#12,'Body','Brep',(#206));
#1470= IFCPRODUCTDEFINITIONSHAPE($,$,(#1469));
#1471= IFCCARTESIANPOINT((-32720.5832356599,-91008.9964593097,-74.0000070333356));
#1472= IFCAXIS2PLACEMENT3D(#1471,#9,#430);
#1473= IFCLOCALPLACEMENT(#1455,#1472);
#1474= IFCBEAM('15_n0fg456ZPddzQS_EIQC',#45,'Kamst\S\el','REBAR8',$,#1473,#1470,'ID45fb1029-a841-468d-99e7-f5a73e39268c');
#1475= IFCSHAPEREPRESENTATION(#12,'Body','Brep',(#206));
#1476= IFCPRODUCTDEFINITIONSHAPE($,$,(#1475));
#1477= IFCCARTESIANPOINT((-32720.5832356599,-90608.9964593097,-74.0000070333356));
#1478= IFCAXIS2PLACEMENT3D(#1477,#9,#430);
#1479= IFCLOCALPLACEMENT(#1455,#1478);
#1480= IFCBEAM('26MGXHp1DCaPDestXe835P',#45,'Kamst\S\el','REBAR8',$,#1479,#1476,'ID86590851-cc13-4c91-9368-db7868203159');
#1481= IFCSHAPEREPRESENTATION(#12,'Body','Brep',(#206));
#1482= IFCPRODUCTDEFINITIONSHAPE($,$,(#1481));
#1483= IFCCARTESIANPOINT((-32720.5832356599,-90208.9964593097,-74.0000070333356));
#1484= IFCAXIS2PLACEMENT3D(#1483,#9,#430);
#1485= IFCLOCALPLACEMENT(#1455,#1484);
#1486= IFCBEAM('0YGOi8YvvByOtFQTwgvcYq',#45,'Kamst\S\el','REBAR8',$,#1485,#1482,'ID22418b08-8b9e-4bf1-8dcf-69deaae668b4');
#1487= IFCSHAPEREPRESENTATION(#12,'Body','Brep',(#206));
#1488= IFCPRODUCTDEFINITIONSHAPE($,$,(#1487));
#1489= IFCCARTESIANPOINT((-32720.5832356599,-89808.9964593097,-74.0000070333356));
#1490= IFCAXIS2PLACEMENT3D(#1489,#9,#430);
#1491= IFCLOCALPLACEMENT(#1455,#1490);
#1492= IFCBEAM('3FXW20B1X6mACU74AB1f4o',#45,'Kamst\S\el','REBAR8',$,#1491,#1488,'IDcf860080-2c18-46c0-a31e-1c428b069132');
#1493= IFCSHAPEREPRESENTATION(#12,'Body','Brep',(#206));
#1494= IFCPRODUCTDEFINITIONSHAPE($,$,(#1493));
#1495= IFCCARTESIANPOINT((-32720.5832356599,-89408.9964593097,-74.0000070333356));
#1496= IFCAXIS2PLACEMENT3D(#1495,#9,#430);
#1497= IFCLOCALPLACEMENT(#1455,#1496);
#1498= IFCBEAM('3$KZ$Jgq53oPE4TcmEBWML',#45,'Kamst\S\el','REBAR8',$,#1497,#1494,'IDff523fd3-ab41-43c9-9384-766c0e2e0595');
#1499= IFCSHAPEREPRESENTATION(#12,'Body','Brep',(#206));
#1500= IFCPRODUCTDEFINITIONSHAPE($,$,(#1499));
#1501= IFCCARTESIANPOINT((-32720.5832356599,-89008.9964593097,-74.0000070333356));
#1502= IFCAXIS2PLACEMENT3D(#1501,#9,#430);
#1503= IFCLOCALPLACEMENT(#1455,#1502);
#1504= IFCBEAM('33a4V4XLL98RzgFozX9bST',#45,'Kamst\S\el','REBAR8',$,#1503,#1500,'IDc39047c4-8555-4921-bf6a-3f2f6126571d');
#1505= IFCSHAPEREPRESENTATION(#12,'Body','Brep',(#206));
#1506= IFCPRODUCTDEFINITIONSHAPE($,$,(#1505));
#1507= IFCCARTESIANPOINT((-32720.5832356599,-88608.9964593097,-74.0000070333356));
#1508= IFCAXIS2PLACEMENT3D(#1507,#9,#430);
#1509= IFCLOCALPLACEMENT(#1455,#1508);
#1510= IFCBEAM('1LK0Zp7M9069zLzNmnlUyp',#45,'Kamst\S\el','REBAR8',$,#1509,#1506,'ID555008f3-1d62-4018-9f55-f57c31bdef33');
#1511= IFCSHAPEREPRESENTATION(#12,'Body','Brep',(#206));
#1512= IFCPRODUCTDEFINITIONSHAPE($,$,(#1511));
#1513= IFCCARTESIANPOINT((-32720.5832356599,-88208.9964593097,-74.0000070333356));
#1514= IFCAXIS2PLACEMENT3D(#1513,#9,#430);
#1515= IFCLOCALPLACEMENT(#1455,#1514);
#1516= IFCBEAM('2f7BYDz7zEFffZ$jIbP1Yd',#45,'Kamst\S\el','REBAR8',$,#1515,#1512,'IDa91cb88d-f47f-4e3e-9a63-fed4a56418a7');
#1517= IFCSHAPEREPRESENTATION(#12,'Body','Brep',(#206));
#1518= IFCPRODUCTDEFINITIONSHAPE($,$,(#1517));
#1519= IFCCARTESIANPOINT((-32720.5832356599,-87808.9964593097,-74.0000070333356));
#1520= IFCAXIS2PLACEMENT3D(#1519,#9,#430);
#1521= IFCLOCALPLACEMENT(#1455,#1520);
#1522= IFCBEAM('0ZCFkwNYn4ieLcVpvJYZch',#45,'Kamst\S\el','REBAR8',$,#1521,#1518,'ID2330fbba-5e2c-44b2-8566-7f3e538a39ab');
#1523= IFCSHAPEREPRESENTATION(#12,'Body','Brep',(#206));
#1524= IFCPRODUCTDEFINITIONSHAPE($,$,(#1523));
#1525= IFCCARTESIANPOINT((-32720.5832356599,-87408.9964593097,-74.0000070333356));
#1526= IFCAXIS2PLACEMENT3D(#1525,#9,#430);
#1527= IFCLOCALPLACEMENT(#1455,#1526);
#1528= IFCBEAM('34_Llc_En1fe_LtN00wrl3',#45,'Kamst\S\el','REBAR8',$,#1527,#1524,'IDc4f95be6-f8ec-41a6-8f95-dd7000eb5bc3');
#1529= IFCSHAPEREPRESENTATION(#12,'Body','Brep',(#206));
#1530= IFCPRODUCTDEFINITIONSHAPE($,$,(#1529));
#1531= IFCCARTESIANPOINT((-32720.5832356599,-87008.9964593097,-74.0000070333356));
#1532= IFCAXIS2PLACEMENT3D(#1531,#9,#430);
#1533= IFCLOCALPLACEMENT(#1455,#1532);
#1534= IFCBEAM('3TkvanAlnEThI452A0t_ab',#45,'Kamst\S\el','REBAR8',$,#1533,#1530,'IDddbb9931-2afc-4e76-b484-142280dfe925');
#1535= IFCSHAPEREPRESENTATION(#12,'Body','Brep',(#206));
#1536= IFCPRODUCTDEFINITIONSHAPE($,$,(#1535));
#1537= IFCCARTESIANPOINT((-32720.5832356599,-86608.9964593097,-74.0000070333356));
#1538= IFCAXIS2PLACEMENT3D(#1537,#9,#430);
#1539= IFCLOCALPLACEMENT(#1455,#1538);
#1540= IFCBEAM('1u1fRtSYX4ER4ikxqk9rSg',#45,'Kamst\S\el','REBAR8',$,#1539,#1536,'ID780696f7-7228-4439-b12c-bbbd2e27572a');
#1541= IFCSHAPEREPRESENTATION(#12,'Body','Brep',(#206));
#1542= IFCPRODUCTDEFINITIONSHAPE($,$,(#1541));
#1543= IFCCARTESIANPOINT((-32720.5832356599,-86208.9964593097,-74.0000070333356));
#1544= IFCAXIS2PLACEMENT3D(#1543,#9,#430);
#1545= IFCLOCALPLACEMENT(#1455,#1544);
#1546= IFCBEAM('1_4qSXXRzEIg$GrFEMFR9u',#45,'Kamst\S\el','REBAR8',$,#1545,#1542,'ID7e134721-85bf-4e4a-afd0-d4f3963db278');
#1547= IFCLOCALPLACEMENT(#42,#10);
#1548= IFCELEMENTASSEMBLY('1cJTZOpBXEOv8NMud5d95s',#45,'Drager',$,$,#1547,$,'d54',.NOTDEFINED.,.NOTDEFINED.);
#1549= IFCSHAPEREPRESENTATION(#12,'Body','Brep',(#206));
#1550= IFCPRODUCTDEFINITIONSHAPE($,$,(#1549));
#1551= IFCCARTESIANPOINT((-32720.5832356599,-80233.9964593097,-74.0000070333356));
#1552= IFCAXIS2PLACEMENT3D(#1551,#9,#430);
#1553= IFCLOCALPLACEMENT(#1547,#1552);
#1554= IFCBEAM('2Chom2WMD4JvBaXTiPNWli',#44,'Kamst\S\el','REBAR8',$,#1553,#1550,'ID8caf2c02-8163-444f-92e4-85db195e0bec');
#1555= IFCSHAPEREPRESENTATION(#12,'Body','Brep',(#206));
#1556= IFCPRODUCTDEFINITIONSHAPE($,$,(#1555));
#1557= IFCCARTESIANPOINT((-32720.5832356599,-80633.9964593097,-74.0000070333356));
#1558= IFCAXIS2PLACEMENT3D(#1557,#9,#430);
#1559= IFCLOCALPLACEMENT(#1547,#1558);
#1560= IFCBEAM('3oXMRipDv9bA1sun72fzmO',#44,'Kamst\S\el','REBAR8',$,#1559,#1556,'IDf28566ec-ccde-4994-a076-e311c2a7dc18');
#1561= IFCSHAPEREPRESENTATION(#12,'Body','Brep',(#206));
#1562= IFCPRODUCTDEFINITIONSHAPE($,$,(#1561));
#1563= IFCCARTESIANPOINT((-32720.5832356599,-81033.9964593097,-74.0000070333356));
#1564= IFCAXIS2PLACEMENT3D(#1563,#9,#430);
#1565= IFCLOCALPLACEMENT(#1547,#1564);
#1566= IFCBEAM('0GJtEjWvzEiRPKy0OZiUbL',#44,'Kamst\S\el','REBAR8',$,#1565,#1562,'ID104f73ad-839f-4eb1-b654-f00623b1e955');
#1567= IFCSHAPEREPRESENTATION(#12,'Body','Brep',(#206));
#1568= IFCPRODUCTDEFINITIONSHAPE($,$,(#1567));
#1569= IFCCARTESIANPOINT((-32720.5832356599,-81433.9964593097,-74.0000070333356));
#1570= IFCAXIS2PLACEMENT3D(#1569,#9,#430);
#1571= IFCLOCALPLACEMENT(#1547,#1570);
#1572= IFCBEAM('3eFSLS2d10J9sD1GDCG95S',#44,'Kamst\S\el','REBAR8',$,#1571,#1568,'IDe83dc55c-0a70-404c-9d8d-05034c40915c');
#1573= IFCSHAPEREPRESENTATION(#12,'Body','Brep',(#206));
#1574= IFCPRODUCTDEFINITIONSHAPE($,$,(#1573));
#1575= IFCCARTESIANPOINT((-32720.5832356599,-81833.9964593097,-74.0000070333356));
#1576= IFCAXIS2PLACEMENT3D(#1575,#9,#430);
#1577= IFCLOCALPLACEMENT(#1547,#1576);
#1578= IFCBEAM('03ZqCKUKfC8hJxyHMvi6Zd',#44,'Kamst\S\el','REBAR8',$,#1577,#1574,'ID038f4314-794a-4c22-b4fb-f115b9b068e7');
#1579= IFCSHAPEREPRESENTATION(#12,'Body','Brep',(#206));
#1580= IFCPRODUCTDEFINITIONSHAPE($,$,(#1579));
#1581= IFCCARTESIANPOINT((-32720.5832356599,-82233.9964593097,-74.0000070333356));
#1582= IFCAXIS2PLACEMENT3D(#1581,#9,#430);
#1583= IFCLOCALPLACEMENT(#1547,#1582);
#1584= IFCBEAM('3perL0MAz8$OZAvHvj0_C_',#44,'Kamst\S\el','REBAR8',$,#1583,#1580,'IDf3a35540-58af-48fd-88ca-e51e6d03e33e');
#1585= IFCSHAPEREPRESENTATION(#12,'Body','Brep',(#206));
#1586= IFCPRODUCTDEFINITIONSHAPE($,$,(#1585));
#1587= IFCCARTESIANPOINT((-32720.5832356599,-82633.9964593097,-74.0000070333356));
#1588= IFCAXIS2PLACEMENT3D(#1587,#9,#430);
#1589= IFCLOCALPLACEMENT(#1547,#1588);
#1590= IFCBEAM('2svMq9PRf3OxIK_TUOscQL',#44,'Kamst\S\el','REBAR8',$,#1589,#1586,'IDb6e56d09-65ba-4363-b494-f9d798da6695');
#1591= IFCSHAPEREPRESENTATION(#12,'Body','Brep',(#206));
#1592= IFCPRODUCTDEFINITIONSHAPE($,$,(#1591));
#1593= IFCCARTESIANPOINT((-32720.5832356599,-85833.9964593097,-74.0000070333356));
#1594= IFCAXIS2PLACEMENT3D(#1593,#9,#430);
#1595= IFCLOCALPLACEMENT(#1547,#1594);
#1596= IFCBEAM('1RAnEIKsv0wwRjG6qHJwxA',#44,'Kamst\S\el','REBAR8',$,#1595,#1592,'ID5b2b1392-536e-40eb-a6ed-406d114faeca');
#1597= IFCSHAPEREPRESENTATION(#12,'Body','Brep',(#206));
#1598= IFCPRODUCTDEFINITIONSHAPE($,$,(#1597));
#1599= IFCCARTESIANPOINT((-32720.5832356599,-85433.9964593097,-74.0000070333356));
#1600= IFCAXIS2PLACEMENT3D(#1599,#9,#430);
#1601= IFCLOCALPLACEMENT(#1547,#1600);
#1602= IFCBEAM('3fNwmGhgz85RyBYXskfS7Q',#44,'Kamst\S\el','REBAR8',$,#1601,#1598,'IDe95fac10-aeaf-4815-bf0b-8a1daea5c1da');
#1603= IFCSHAPEREPRESENTATION(#12,'Body','Brep',(#206));
#1604= IFCPRODUCTDEFINITIONSHAPE($,$,(#1603));
#1605= IFCCARTESIANPOINT((-32720.5832356599,-85033.9964593097,-74.0000070333356));
#1606= IFCAXIS2PLACEMENT3D(#1605,#9,#430);
#1607= IFCLOCALPLACEMENT(#1547,#1606);
#1608= IFCBEAM('331M4V3mr7twlqkYwCqUpQ',#44,'Kamst\S\el','REBAR8',$,#1607,#1604,'IDc305611f-0f0d-47df-abf4-ba2e8cd1ecda');
#1609= IFCSHAPEREPRESENTATION(#12,'Body','Brep',(#206));
#1610= IFCPRODUCTDEFINITIONSHAPE($,$,(#1609));
#1611= IFCCARTESIANPOINT((-32720.5832356599,-84633.9964593097,-74.0000070333356));
#1612= IFCAXIS2PLACEMENT3D(#1611,#9,#430);
#1613= IFCLOCALPLACEMENT(#1547,#1612);
#1614= IFCBEAM('2yIhA3lL98YBgFVPr25Lbo',#44,'Kamst\S\el','REBAR8',$,#1613,#1610,'IDbc4ab283-bd52-4888-ba8f-7d9d42155972');
#1615= IFCSHAPEREPRESENTATION(#12,'Body','Brep',(#206));
#1616= IFCPRODUCTDEFINITIONSHAPE($,$,(#1615));
#1617= IFCCARTESIANPOINT((-32720.5832356599,-84233.9964593097,-74.0000070333356));
#1618= IFCAXIS2PLACEMENT3D(#1617,#9,#430);
#1619= IFCLOCALPLACEMENT(#1547,#1618);
#1620= IFCBEAM('3nMCfPN3DEU8yh29Nh0C3D',#44,'Kamst\S\el','REBAR8',$,#1619,#1616,'IDf158ca59-5c33-4e78-8f2b-0895eb00c0cd');
#1621= IFCSHAPEREPRESENTATION(#12,'Body','Brep',(#206));
#1622= IFCPRODUCTDEFINITIONSHAPE($,$,(#1621));
#1623= IFCCARTESIANPOINT((-32720.5832356599,-83833.9964593097,-74.0000070333356));
#1624= IFCAXIS2PLACEMENT3D(#1623,#9,#430);
#1625= IFCLOCALPLACEMENT(#1547,#1624);
#1626= IFCBEAM('2rljHo$j9E4P07zySB2bQk',#44,'Kamst\S\el','REBAR8',$,#1625,#1622,'IDb5bed472-fed2-4e11-9007-f7c70b0a56ae');
#1627= IFCSHAPEREPRESENTATION(#12,'Body','Brep',(#206));
#1628= IFCPRODUCTDEFINITIONSHAPE($,$,(#1627));
#1629= IFCCARTESIANPOINT((-32720.5832356599,-83433.9964593097,-74.0000070333356));
#1630= IFCAXIS2PLACEMENT3D(#1629,#9,#430);
#1631= IFCLOCALPLACEMENT(#1547,#1630);
#1632= IFCBEAM('2udgSGY$HCbPZb1YkIU6tM',#44,'Kamst\S\el','REBAR8',$,#1631,#1628,'IDb89ea710-8bf4-4c95-98e5-062b92786dd6');
#1633= IFCSHAPEREPRESENTATION(#12,'Body','Brep',(#206));
#1634= IFCPRODUCTDEFINITIONSHAPE($,$,(#1633));
#1635= IFCCARTESIANPOINT((-32720.5832356599,-83033.9964593097,-74.0000070333356));
#1636= IFCAXIS2PLACEMENT3D(#1635,#9,#430);
#1637= IFCLOCALPLACEMENT(#1547,#1636);
#1638= IFCBEAM('2JssR735H2_9MMtUMJgQZs',#44,'Kamst\S\el','REBAR8',$,#1637,#1634,'ID93db66c7-0c54-42f8-9596-dde593a9a8f6');
#1639= IFCLOCALPLACEMENT(#42,#10);
#1640= IFCELEMENTASSEMBLY('3tHWAtR591WxPXiPXVRgQ_',#44,'Drager',$,$,#1639,$,'d52',.NOTDEFINED.,.NOTDEFINED.);
#1641= IFCPROPERTYSET('2JzEdRienAofOrzmBeFZMI',#5,'Tekla Assembly','Assembly Properties',(#48,#49,#50,#612,#52,#53,#1363,#613));
#1642= IFCSHAPEREPRESENTATION(#12,'Body','Brep',(#206));
#1643= IFCPRODUCTDEFINITIONSHAPE($,$,(#1642));
#1644= IFCCARTESIANPOINT((-32650.5829551651,-92054.0033423522,-74.000007033332));
#1645= IFCAXIS2PLACEMENT3D(#1644,#9,#620);
#1646= IFCLOCALPLACEMENT(#1639,#1645);
#1647= IFCBEAM('2IddZPX$vA5Pxw7b1MDs$_',#44,'Kamst\S\el','REBAR8',$,#1646,#1643,'ID929e78d9-87fe-4a15-9efa-1e5056376ffe');
#1648= IFCSHAPEREPRESENTATION(#12,'Body','Brep',(#206));
#1649= IFCPRODUCTDEFINITIONSHAPE($,$,(#1648));
#1650= IFCCARTESIANPOINT((-32350.5829551651,-92054.0033423522,-74.000007033332));
#1651= IFCAXIS2PLACEMENT3D(#1650,#9,#620);
#1652= IFCLOCALPLACEMENT(#1639,#1651);
#1653= IFCBEAM('2reER1wz5BIui9rFhPV_wI',#44,'Kamst\S\el','REBAR8',$,#1652,#1649,'IDb5a0e6c1-ebd1-4b4b-8b09-d4fad97fee92');
#1654= IFCSHAPEREPRESENTATION(#12,'Body','Brep',(#206));
#1655= IFCPRODUCTDEFINITIONSHAPE($,$,(#1654));
#1656= IFCCARTESIANPOINT((-32280.5967643401,-92008.9964593097,-74.0000070333356));
#1657= IFCAXIS2PLACEMENT3D(#1656,#9,#7);
#1658= IFCLOCALPLACEMENT(#1639,#1657);
#1659= IFCBEAM('0ER5yIei12ieirLXrnenN7',#44,'Kamst\S\el','REBAR8',$,#1658,#1655,'ID0e6c5f12-a2c0-42b2-8b35-561d71a315c7');
#1660= IFCPLANE(#651);
#1661= IFCHALFSPACESOLID(#1660,.F.);
#1662= IFCBOOLEANCLIPPINGRESULT(.DIFFERENCE.,#648,#1661);
#1663= IFCSHAPEREPRESENTATION(#12,'Body','Clipping',(#1662));
#1664= IFCPRODUCTDEFINITIONSHAPE($,$,(#1663));
#1665= IFCCARTESIANPOINT((-32265.5949743637,-91983.9986823687,-35.0000070333117));
#1666= IFCAXIS2PLACEMENT3D(#1665,#9,#620);
#1667= IFCLOCALPLACEMENT(#1639,#1666);
#1668= IFCBEAM('2eCTEMHJbFDxuaN1ApJovB',#44,'Drager','L70*7',$,#1667,#1664,'IDa831d396-4539-4f37-be24-5c12b34f2e4b');
#1669= IFCSHAPEREPRESENTATION(#12,'Body','Brep',(#206));
#1670= IFCPRODUCTDEFINITIONSHAPE($,$,(#1669));
#1671= IFCCARTESIANPOINT((-32720.5832356599,-92008.9964593097,-74.0000070333356));
#1672= IFCAXIS2PLACEMENT3D(#1671,#9,#430);
#1673= IFCLOCALPLACEMENT(#1639,#1672);
#1674= IFCBEAM('0WGPsj9q52ShL4FzeT_uu7',#44,'Kamst\S\el','REBAR8',$,#1673,#1670,'ID20419dad-2741-4272-b544-3fda1dfb8e07');
#1675= IFCPLANE(#695);
#1676= IFCHALFSPACESOLID(#1675,.F.);
#1677= IFCBOOLEANCLIPPINGRESULT(.DIFFERENCE.,#691,#1676);
#1678= IFCSHAPEREPRESENTATION(#12,'Body','Clipping',(#1677));
#1679= IFCPRODUCTDEFINITIONSHAPE($,$,(#1678));
#1680= IFCCARTESIANPOINT((-32735.5850256363,-92033.9971564898,-35.0000070333153));
#1681= IFCAXIS2PLACEMENT3D(#1680,#9,#8);
#1682= IFCLOCALPLACEMENT(#1639,#1681);
#1683= IFCBEAM('2zKiTAEFjDJ8J$7SAQa8t$',#44,'Drager','L70*7',$,#1682,#1679,'IDbd52c74a-38fb-4d4c-84ff-1dc29a908dff');
#1684= IFCLOCALPLACEMENT(#42,#10);
#1685= IFCELEMENTASSEMBLY('1KUSgQWhr4XfpZGRDUcbqH',#45,'Drager',$,$,#1684,$,'d54',.NOTDEFINED.,.NOTDEFINED.);
#1686= IFCPROPERTYSINGLEVALUE('Assembly/Cast unit position code',$,IFCLABEL('206-205/J-H'),$);
#1687= IFCPROPERTYSET('0LqpLRE35CA8pExnREPBIx',#5,'Tekla Assembly','Assembly Properties',(#48,#49,#50,#51,#52,#53,#1686,#55));
#1688= IFCSHAPEREPRESENTATION(#12,'Body','Brep',(#206));
#1689= IFCPRODUCTDEFINITIONSHAPE($,$,(#1688));
#1690= IFCCARTESIANPOINT((-32280.5967643401,-79834.0035406903,-74.0000070333356));
#1691= IFCAXIS2PLACEMENT3D(#1690,#9,#7);
#1692= IFCLOCALPLACEMENT(#1684,#1691);
#1693= IFCBEAM('1ACARE8BDAiAhijXU0LzpO',#44,'Kamst\S\el','REBAR8',$,#1692,#1689,'ID4a30a6ce-20b3-4ab0-aaec-b6178057dcd8');
#1694= IFCQUANTITYLENGTH('Length',$,$,149.949976367327);
#1695= IFCELEMENTQUANTITY('2K825S7e57ax2rnkq$4f6V',#5,'BaseQuantities',$,$,(#1694,#238,#239,#240));
#1696= IFCSHAPEREPRESENTATION(#12,'Body','Brep',(#206));
#1697= IFCPRODUCTDEFINITIONSHAPE($,$,(#1696));
#1698= IFCCARTESIANPOINT((-32280.5967643401,-79434.0035406903,-74.0000070333356));
#1699= IFCAXIS2PLACEMENT3D(#1698,#9,#7);
#1700= IFCLOCALPLACEMENT(#1684,#1699);
#1701= IFCBEAM('2LHrbU7N52awi4q$I0ZLns',#44,'Kamst\S\el','REBAR8',$,#1700,#1697,'ID9547595e-1d71-4293-ab04-d3f4808d5c76');
#1702= IFCSHAPEREPRESENTATION(#12,'Body','Brep',(#206));
#1703= IFCPRODUCTDEFINITIONSHAPE($,$,(#1702));
#1704= IFCCARTESIANPOINT((-32280.5967643401,-79034.0035406903,-74.0000070333356));
#1705= IFCAXIS2PLACEMENT3D(#1704,#9,#7);
#1706= IFCLOCALPLACEMENT(#1684,#1705);
#1707= IFCBEAM('2s3E2Og4jBQxonnd1gMSie',#44,'Kamst\S\el','REBAR8',$,#1706,#1703,'IDb60ce098-a84b-4b6b-bcb1-c6706a59cb28');
#1708= IFCSHAPEREPRESENTATION(#12,'Body','Brep',(#206));
#1709= IFCPRODUCTDEFINITIONSHAPE($,$,(#1708));
#1710= IFCCARTESIANPOINT((-32280.5967643401,-78634.0035406903,-74.0000070333356));
#1711= IFCAXIS2PLACEMENT3D(#1710,#9,#7);
#1712= IFCLOCALPLACEMENT(#1684,#1711);
#1713= IFCBEAM('0XPIWg3Tv4XBm$kc_YaK_6',#44,'Kamst\S\el','REBAR8',$,#1712,#1709,'ID2165282a-0dde-4484-bc3f-ba6fa2914f86');
#1714= IFCSHAPEREPRESENTATION(#12,'Body','Brep',(#206));
#1715= IFCPRODUCTDEFINITIONSHAPE($,$,(#1714));
#1716= IFCCARTESIANPOINT((-32280.5967643401,-78234.0035406903,-74.0000070333356));
#1717= IFCAXIS2PLACEMENT3D(#1716,#9,#7);
#1718= IFCLOCALPLACEMENT(#1684,#1717);
#1719= IFCBEAM('2JRn6rTVz7CxWBt1qcya3Q',#44,'Kamst\S\el','REBAR8',$,#1718,#1715,'ID936f11b5-75ff-4733-b80b-dc1d26f240da');
#1720= IFCSHAPEREPRESENTATION(#12,'Body','Brep',(#206));
#1721= IFCPRODUCTDEFINITIONSHAPE($,$,(#1720));
#1722= IFCCARTESIANPOINT((-32280.5967643401,-77834.0035406903,-74.0000070333356));
#1723= IFCAXIS2PLACEMENT3D(#1722,#9,#7);
#1724= IFCLOCALPLACEMENT(#1684,#1723);
#1725= IFCBEAM('1Cv4I3IQ50ShxY0eb9sl$u',#44,'Kamst\S\el','REBAR8',$,#1724,#1721,'ID4ce44483-49a1-4072-bee2-028949dafff8');
#1726= IFCSHAPEREPRESENTATION(#12,'Body','Brep',(#206));
#1727= IFCPRODUCTDEFINITIONSHAPE($,$,(#1726));
#1728= IFCCARTESIANPOINT((-32280.5967643401,-77434.0035406903,-74.0000070333356));
#1729= IFCAXIS2PLACEMENT3D(#1728,#9,#7);
#1730= IFCLOCALPLACEMENT(#1684,#1729);
#1731= IFCBEAM('0Qu6$twyPAnvhFJFJPeZs3',#44,'Kamst\S\el','REBAR8',$,#1730,#1727,'ID1ae06ff7-ebc6-4ac7-9acf-4cf4d9a23d83');
#1732= IFCSHAPEREPRESENTATION(#12,'Body','Brep',(#206));
#1733= IFCPRODUCTDEFINITIONSHAPE($,$,(#1732));
#1734= IFCCARTESIANPOINT((-32280.5967643401,-74234.0035406903,-74.0000070333356));
#1735= IFCAXIS2PLACEMENT3D(#1734,#9,#7);
#1736= IFCLOCALPLACEMENT(#1684,#1735);
#1737= IFCBEAM('0W0yvVwjD4ORkynHa0GGop',#44,'Kamst\S\el','REBAR8',$,#1736,#1733,'ID2003ce5f-ead3-4461-bbbc-c51900410cb3');
#1738= IFCSHAPEREPRESENTATION(#12,'Body','Brep',(#206));
#1739= IFCPRODUCTDEFINITIONSHAPE($,$,(#1738));
#1740= IFCCARTESIANPOINT((-32280.5967643401,-74634.0035406903,-74.0000070333356));
#1741= IFCAXIS2PLACEMENT3D(#1740,#9,#7);
#1742= IFCLOCALPLACEMENT(#1684,#1741);
#1743= IFCBEAM('0N1qQ4nhXFiAijNqT$4DhC',#44,'Kamst\S\el','REBAR8',$,#1742,#1739,'ID17074684-c6b8-4fb0-ab2d-5f477f10dacc');
#1744= IFCSHAPEREPRESENTATION(#12,'Body','Brep',(#206));
#1745= IFCPRODUCTDEFINITIONSHAPE($,$,(#1744));
#1746= IFCCARTESIANPOINT((-32280.5967643401,-75034.0035406903,-74.0000070333356));
#1747= IFCAXIS2PLACEMENT3D(#1746,#9,#7);
#1748= IFCLOCALPLACEMENT(#1684,#1747);
#1749= IFCBEAM('2dALCHBazC3AMCIBFV0dfc',#44,'Kamst\S\el','REBAR8',$,#1748,#1745,'IDa7295311-2e4f-4c0c-a58c-48b3df027a66');
#1750= IFCSHAPEREPRESENTATION(#12,'Body','Brep',(#206));
#1751= IFCPRODUCTDEFINITIONSHAPE($,$,(#1750));
#1752= IFCCARTESIANPOINT((-32280.5967643401,-75434.0035406903,-74.0000070333356));
#1753= IFCAXIS2PLACEMENT3D(#1752,#9,#7);
#1754= IFCLOCALPLACEMENT(#1684,#1753);
#1755= IFCBEAM('22DzjBwEjB9PwbJf2UcBjO',#44,'Kamst\S\el','REBAR8',$,#1754,#1751,'ID8237db4b-e8eb-4b25-9ea5-4e909e98bb58');
#1756= IFCSHAPEREPRESENTATION(#12,'Body','Brep',(#206));
#1757= IFCPRODUCTDEFINITIONSHAPE($,$,(#1756));
#1758= IFCCARTESIANPOINT((-32280.5967643401,-75834.0035406903,-74.0000070333356));
#1759= IFCAXIS2PLACEMENT3D(#1758,#9,#7);
#1760= IFCLOCALPLACEMENT(#1684,#1759);
#1761= IFCBEAM('29q_N62MHFkQcr_lhORumw',#44,'Kamst\S\el','REBAR8',$,#1760,#1757,'ID89d3e5c6-0964-4fb9-a9b5-fafad86f8c3a');
#1762= IFCSHAPEREPRESENTATION(#12,'Body','Brep',(#206));
#1763= IFCPRODUCTDEFINITIONSHAPE($,$,(#1762));
#1764= IFCCARTESIANPOINT((-32280.5967643401,-76234.0035406903,-74.0000070333356));
#1765= IFCAXIS2PLACEMENT3D(#1764,#9,#7);
#1766= IFCLOCALPLACEMENT(#1684,#1765);
#1767= IFCBEAM('3BJoGzsQj81BBzH58aaNu4',#44,'Kamst\S\el','REBAR8',$,#1766,#1763,'IDcb4f243d-d9ab-4804-b2fd-445224917e04');
#1768= IFCSHAPEREPRESENTATION(#12,'Body','Brep',(#206));
#1769= IFCPRODUCTDEFINITIONSHAPE($,$,(#1768));
#1770= IFCCARTESIANPOINT((-32280.5967643401,-76634.0035406903,-74.0000070333356));
#1771= IFCAXIS2PLACEMENT3D(#1770,#9,#7);
#1772= IFCLOCALPLACEMENT(#1684,#1771);
#1773= IFCBEAM('2weyYOAob7xx1kxqSZRTYX',#44,'Kamst\S\el','REBAR8',$,#1772,#1769,'IDbaa3c898-2b29-47ef-b06e-ef47236dd8a1');
#1774= IFCSHAPEREPRESENTATION(#12,'Body','Brep',(#206));
#1775= IFCPRODUCTDEFINITIONSHAPE($,$,(#1774));
#1776= IFCCARTESIANPOINT((-32280.5967643401,-77034.0035406903,-74.0000070333356));
#1777= IFCAXIS2PLACEMENT3D(#1776,#9,#7);
#1778= IFCLOCALPLACEMENT(#1684,#1777);
#1779= IFCBEAM('3VWOPjPGbFPf0IvXrIHGlP',#44,'Kamst\S\el','REBAR8',$,#1778,#1775,'IDdf81866d-6509-4f66-9012-e61d52450bd9');
#1780= IFCLOCALPLACEMENT(#42,#10);
#1781= IFCELEMENTASSEMBLY('2$oxOz_Oz9BhtzclKDUKFS',#45,'Drager',$,$,#1780,$,'d53',.NOTDEFINED.,.NOTDEFINED.);
#1782= IFCPROPERTYSINGLEVALUE('Assembly/Cast unit position code',$,IFCLABEL('206-205/I-H'),$);
#1783= IFCPROPERTYSET('071dPJyOHESevGudY7dunT',#5,'Tekla Assembly','Assembly Properties',(#48,#49,#50,#329,#52,#53,#1782,#331));
#1784= IFCSHAPEREPRESENTATION(#12,'Body','Brep',(#206));
#1785= IFCPRODUCTDEFINITIONSHAPE($,$,(#1784));
#1786= IFCCARTESIANPOINT((-32280.5967643401,-68259.0035406903,-74.0000070333356));
#1787= IFCAXIS2PLACEMENT3D(#1786,#9,#7);
#1788= IFCLOCALPLACEMENT(#1780,#1787);
#1789= IFCBEAM('2OGMkz$Gj68QLPKNkPvPav',#45,'Kamst\S\el','REBAR8',$,#1788,#1785,'ID98416bbd-fd0b-4621-a559-517b99e59939');
#1790= IFCSHAPEREPRESENTATION(#12,'Body','Brep',(#206));
#1791= IFCPRODUCTDEFINITIONSHAPE($,$,(#1790));
#1792= IFCCARTESIANPOINT((-32280.5967643401,-68659.0035406903,-74.0000070333356));
#1793= IFCAXIS2PLACEMENT3D(#1792,#9,#7);
#1794= IFCLOCALPLACEMENT(#1780,#1793);
#1795= IFCBEAM('1CDG6KWlj5RwwxSNboItSp',#45,'Kamst\S\el','REBAR8',$,#1794,#1791,'ID4c350194-82fb-456f-aebb-7179724b7733');
#1796= IFCSHAPEREPRESENTATION(#12,'Body','Brep',(#206));
#1797= IFCPRODUCTDEFINITIONSHAPE($,$,(#1796));
#1798= IFCCARTESIANPOINT((-32280.5967643401,-69059.0035406903,-74.0000070333356));
#1799= IFCAXIS2PLACEMENT3D(#1798,#9,#7);
#1800= IFCLOCALPLACEMENT(#1780,#1799);
#1801= IFCBEAM('3eBmL8M_98FxssXjX1oW0X',#45,'Kamst\S\el','REBAR8',$,#1800,#1797,'IDe82f0548-5be2-483f-bdb6-86d841ca0021');
#1802= IFCSHAPEREPRESENTATION(#12,'Body','Brep',(#206));
#1803= IFCPRODUCTDEFINITIONSHAPE($,$,(#1802));
#1804= IFCCARTESIANPOINT((-32280.5967643401,-69459.0035406903,-74.0000070333356));
#1805= IFCAXIS2PLACEMENT3D(#1804,#9,#7);
#1806= IFCLOCALPLACEMENT(#1780,#1805);
#1807= IFCBEAM('34nO5l2vD33ADhzPlBgBvm',#45,'Kamst\S\el','REBAR8',$,#1806,#1803,'IDc4c5816f-0b93-430c-a36b-f59bcba8be70');
#1808= IFCSHAPEREPRESENTATION(#12,'Body','Brep',(#206));
#1809= IFCPRODUCTDEFINITIONSHAPE($,$,(#1808));
#1810= IFCCARTESIANPOINT((-32280.5967643401,-69859.0035406903,-74.0000070333356));
#1811= IFCAXIS2PLACEMENT3D(#1810,#9,#7);
#1812= IFCLOCALPLACEMENT(#1780,#1811);
#1813= IFCBEAM('0wC60mQiHE9Onucz0Tv4UP',#45,'Kamst\S\el','REBAR8',$,#1812,#1809,'ID3a306030-6ac4-4e25-8c78-9bd01de44799');
#1814= IFCSHAPEREPRESENTATION(#12,'Body','Brep',(#206));
#1815= IFCPRODUCTDEFINITIONSHAPE($,$,(#1814));
#1816= IFCCARTESIANPOINT((-32280.5967643401,-70259.0035406903,-74.0000070333356));
#1817= IFCAXIS2PLACEMENT3D(#1816,#9,#7);
#1818= IFCLOCALPLACEMENT(#1780,#1817);
#1819= IFCBEAM('0CDpyObQLFOhJmOgnvL7Er',#45,'Kamst\S\el','REBAR8',$,#1818,#1815,'ID0c373f18-95a5-4f62-b4f0-62ac795473b5');
#1820= IFCSHAPEREPRESENTATION(#12,'Body','Brep',(#206));
#1821= IFCPRODUCTDEFINITIONSHAPE($,$,(#1820));
#1822= IFCCARTESIANPOINT((-32280.5967643401,-70659.0035406903,-74.0000070333356));
#1823= IFCAXIS2PLACEMENT3D(#1822,#9,#7);
#1824= IFCLOCALPLACEMENT(#1780,#1823);
#1825= IFCBEAM('2X5sjeUGfAveciBUBPtNre',#45,'Kamst\S\el','REBAR8',$,#1824,#1821,'IDa1176b68-790a-4ae6-89ac-2de2d9dd7d68');
#1826= IFCSHAPEREPRESENTATION(#12,'Body','Brep',(#206));
#1827= IFCPRODUCTDEFINITIONSHAPE($,$,(#1826));
#1828= IFCCARTESIANPOINT((-32280.5967643401,-71059.0035406903,-74.0000070333356));
#1829= IFCAXIS2PLACEMENT3D(#1828,#9,#7);
#1830= IFCLOCALPLACEMENT(#1780,#1829);
#1831= IFCBEAM('18Wzw1xj11Fes$HsKKxXq4',#45,'Kamst\S\el','REBAR8',$,#1830,#1827,'ID4883de81-eed0-413e-8dbf-476514ee1d04');
#1832= IFCSHAPEREPRESENTATION(#12,'Body','Brep',(#206));
#1833= IFCPRODUCTDEFINITIONSHAPE($,$,(#1832));
#1834= IFCCARTESIANPOINT((-32280.5967643401,-71459.0035406903,-74.0000070333356));
#1835= IFCAXIS2PLACEMENT3D(#1834,#9,#7);
#1836= IFCLOCALPLACEMENT(#1780,#1835);
#1837= IFCBEAM('3nY7bk4OXBG89uxxKSULc3',#45,'Kamst\S\el','REBAR8',$,#1836,#1833,'IDf188796e-1188-4b40-8278-efb51c795983');
#1838= IFCSHAPEREPRESENTATION(#12,'Body','Brep',(#206));
#1839= IFCPRODUCTDEFINITIONSHAPE($,$,(#1838));
#1840= IFCCARTESIANPOINT((-32280.5967643401,-71859.0035406903,-74.0000070333356));
#1841= IFCAXIS2PLACEMENT3D(#1840,#9,#7);
#1842= IFCLOCALPLACEMENT(#1780,#1841);
#1843= IFCBEAM('3r_9qJZYH9ORe1XQyUAM2x',#45,'Kamst\S\el','REBAR8',$,#1842,#1839,'IDf5f89d13-8e24-4961-ba01-85af1e2960bb');
#1844= IFCSHAPEREPRESENTATION(#12,'Body','Brep',(#206));
#1845= IFCPRODUCTDEFINITIONSHAPE($,$,(#1844));
#1846= IFCCARTESIANPOINT((-32280.5967643401,-72259.0035406903,-74.0000070333356));
#1847= IFCAXIS2PLACEMENT3D(#1846,#9,#7);
#1848= IFCLOCALPLACEMENT(#1780,#1847);
#1849= IFCBEAM('3h6e5HXjn1Z9r3w8_XKZGJ',#45,'Kamst\S\el','REBAR8',$,#1848,#1845,'IDeb1a8151-86dc-418c-9d43-e88fa1523413');
#1850= IFCSHAPEREPRESENTATION(#12,'Body','Brep',(#206));
#1851= IFCPRODUCTDEFINITIONSHAPE($,$,(#1850));
#1852= IFCCARTESIANPOINT((-32280.5967643401,-72659.0035406903,-74.0000070333356));
#1853= IFCAXIS2PLACEMENT3D(#1852,#9,#7);
#1854= IFCLOCALPLACEMENT(#1780,#1853);
#1855= IFCBEAM('1RZR8Y2GD70ODkCE8eiXAb',#45,'Kamst\S\el','REBAR8',$,#1854,#1851,'ID5b8db222-0903-4701-836e-30e228b212a5');
#1856= IFCSHAPEREPRESENTATION(#12,'Body','Brep',(#206));
#1857= IFCPRODUCTDEFINITIONSHAPE($,$,(#1856));
#1858= IFCCARTESIANPOINT((-32280.5967643401,-73059.0035406903,-74.0000070333356));
#1859= IFCAXIS2PLACEMENT3D(#1858,#9,#7);
#1860= IFCLOCALPLACEMENT(#1780,#1859);
#1861= IFCBEAM('0u40GoZXDAMP6s6eANUwmi',#45,'Kamst\S\el','REBAR8',$,#1860,#1857,'ID38100432-8e13-4a59-91b6-1a82977bac2c');
#1862= IFCSHAPEREPRESENTATION(#12,'Body','Brep',(#206));
#1863= IFCPRODUCTDEFINITIONSHAPE($,$,(#1862));
#1864= IFCCARTESIANPOINT((-32280.5967643401,-73459.0035406903,-74.0000070333356));
#1865= IFCAXIS2PLACEMENT3D(#1864,#9,#7);
#1866= IFCLOCALPLACEMENT(#1780,#1865);
#1867= IFCBEAM('0vqGEfpePC4hFul6poNW_8',#45,'Kamst\S\el','REBAR8',$,#1866,#1863,'ID39d103a9-ce86-4c12-b3f8-bc6cf25e0f88');
#1868= IFCSHAPEREPRESENTATION(#12,'Body','Brep',(#206));
#1869= IFCPRODUCTDEFINITIONSHAPE($,$,(#1868));
#1870= IFCCARTESIANPOINT((-32280.5967643401,-73859.0035406903,-74.0000070333356));
#1871= IFCAXIS2PLACEMENT3D(#1870,#9,#7);
#1872= IFCLOCALPLACEMENT(#1780,#1871);
#1873= IFCBEAM('0q_MKAOp1DpRrrFB$6GRid',#45,'Kamst\S\el','REBAR8',$,#1872,#1869,'ID34f9650a-6330-4dcd-bd75-3cbfc641bb27');
#1874= IFCLOCALPLACEMENT(#42,#10);
#1875= IFCELEMENTASSEMBLY('1yEjG0RKb3Hf1y8DbQy$so',#45,'Drager',$,$,#1874,$,'d53',.NOTDEFINED.,.NOTDEFINED.);
#1876= IFCSHAPEREPRESENTATION(#12,'Body','Brep',(#206));
#1877= IFCPRODUCTDEFINITIONSHAPE($,$,(#1876));
#1878= IFCCARTESIANPOINT((-32720.5832356599,-68259.0035406903,-74.0000070333356));
#1879= IFCAXIS2PLACEMENT3D(#1878,#9,#430);
#1880= IFCLOCALPLACEMENT(#1874,#1879);
#1881= IFCBEAM('3r7D3hdvL7Vffu$FWipU7d',#45,'Kamst\S\el','REBAR8',$,#1880,#1877,'IDf51cd0eb-9f95-477e-9a78-fcf82ccde1e7');
#1882= IFCSHAPEREPRESENTATION(#12,'Body','Brep',(#206));
#1883= IFCPRODUCTDEFINITIONSHAPE($,$,(#1882));
#1884= IFCCARTESIANPOINT((-32720.5832356599,-68659.0035406903,-74.0000070333356));
#1885= IFCAXIS2PLACEMENT3D(#1884,#9,#430);
#1886= IFCLOCALPLACEMENT(#1874,#1885);
#1887= IFCBEAM('2rL0YrqSfE6g7fmEVJrymQ',#45,'Kamst\S\el','REBAR8',$,#1886,#1883,'IDb55408b5-d1ca-4e1a-a1e9-c0e7d3d7cc1a');
#1888= IFCSHAPEREPRESENTATION(#12,'Body','Brep',(#206));
#1889= IFCPRODUCTDEFINITIONSHAPE($,$,(#1888));
#1890= IFCCARTESIANPOINT((-32720.5832356599,-69059.0035406903,-74.0000070333356));
#1891= IFCAXIS2PLACEMENT3D(#1890,#9,#430);
#1892= IFCLOCALPLACEMENT(#1874,#1891);
#1893= IFCBEAM('0l2hu$oYrAW9XGkYI$HODh',#45,'Kamst\S\el','REBAR8',$,#1892,#1889,'ID2f0abe3f-ca2d-4a80-9850-ba24bf45836b');
#1894= IFCSHAPEREPRESENTATION(#12,'Body','Brep',(#206));
#1895= IFCPRODUCTDEFINITIONSHAPE($,$,(#1894));
#1896= IFCCARTESIANPOINT((-32720.5832356599,-69459.0035406903,-74.0000070333356));
#1897= IFCAXIS2PLACEMENT3D(#1896,#9,#430);
#1898= IFCLOCALPLACEMENT(#1874,#1897);
#1899= IFCBEAM('3Y0mFTo_PB58cmt2YJloRs',#45,'Kamst\S\el','REBAR8',$,#1898,#1895,'IDe20303dd-cbe6-4b14-89b0-dc2893bf26f6');
#1900= IFCSHAPEREPRESENTATION(#12,'Body','Brep',(#206));
#1901= IFCPRODUCTDEFINITIONSHAPE($,$,(#1900));
#1902= IFCCARTESIANPOINT((-32720.5832356599,-69859.0035406903,-74.0000070333356));
#1903= IFCAXIS2PLACEMENT3D(#1902,#9,#430);
#1904= IFCLOCALPLACEMENT(#1874,#1903);
#1905= IFCBEAM('0fc5bsBxrBZw0rMgN5G$iF',#45,'Kamst\S\el','REBAR8',$,#1904,#1901,'ID29985976-2fbd-4b8f-a035-5aa5c543fb0f');
#1906= IFCSHAPEREPRESENTATION(#12,'Body','Brep',(#206));
#1907= IFCPRODUCTDEFINITIONSHAPE($,$,(#1906));
#1908= IFCCARTESIANPOINT((-32720.5832356599,-70259.0035406903,-74.0000070333356));
#1909= IFCAXIS2PLACEMENT3D(#1908,#9,#430);
#1910= IFCLOCALPLACEMENT(#1874,#1909);
#1911= IFCBEAM('0AZclLstn9HBL39CwJe3We',#45,'Kamst\S\el','REBAR8',$,#1910,#1907,'ID0a8e6bd5-db7c-4944-b543-24ce93a03828');
#1912= IFCSHAPEREPRESENTATION(#12,'Body','Brep',(#206));
#1913= IFCPRODUCTDEFINITIONSHAPE($,$,(#1912));
#1914= IFCCARTESIANPOINT((-32720.5832356599,-70659.0035406903,-74.0000070333356));
#1915= IFCAXIS2PLACEMENT3D(#1914,#9,#430);
#1916= IFCLOCALPLACEMENT(#1874,#1915);
#1917= IFCBEAM('3TeFp3YqH8uRTLXLcFLnhx',#45,'Kamst\S\el','REBAR8',$,#1916,#1913,'IDdda0fcc3-8b44-48e1-b755-85598f571afb');
#1918= IFCSHAPEREPRESENTATION(#12,'Body','Brep',(#206));
#1919= IFCPRODUCTDEFINITIONSHAPE($,$,(#1918));
#1920= IFCCARTESIANPOINT((-32720.5832356599,-71059.0035406903,-74.0000070333356));
#1921= IFCAXIS2PLACEMENT3D(#1920,#9,#430);
#1922= IFCLOCALPLACEMENT(#1874,#1921);
#1923= IFCBEAM('1YNKcjMLH9lfZBLwnzrdlu',#45,'Kamst\S\el','REBAR8',$,#1922,#1919,'ID625d49ad-5954-49be-98cb-57ac7dd67bf8');
#1924= IFCSHAPEREPRESENTATION(#12,'Body','Brep',(#206));
#1925= IFCPRODUCTDEFINITIONSHAPE($,$,(#1924));
#1926= IFCCARTESIANPOINT((-32720.5832356599,-71459.0035406903,-74.0000070333356));
#1927= IFCAXIS2PLACEMENT3D(#1926,#9,#430);
#1928= IFCLOCALPLACEMENT(#1874,#1927);
#1929= IFCBEAM('3tdjuD7795ZuS4sL6tIIUT',#45,'Kamst\S\el','REBAR8',$,#1928,#1925,'IDf79ede0d-1c72-458f-8704-d951b749279d');
#1930= IFCSHAPEREPRESENTATION(#12,'Body','Brep',(#206));
#1931= IFCPRODUCTDEFINITIONSHAPE($,$,(#1930));
#1932= IFCCARTESIANPOINT((-32720.5832356599,-71859.0035406903,-74.0000070333356));
#1933= IFCAXIS2PLACEMENT3D(#1932,#9,#430);
#1934= IFCLOCALPLACEMENT(#1874,#1933);
#1935= IFCBEAM('00oy4e1ZbEMPY76ZBOE4R2',#45,'Kamst\S\el','REBAR8',$,#1934,#1931,'ID00cbc128-0639-4e59-9887-1a32d83846c2');
#1936= IFCSHAPEREPRESENTATION(#12,'Body','Brep',(#206));
#1937= IFCPRODUCTDEFINITIONSHAPE($,$,(#1936));
#1938= IFCCARTESIANPOINT((-32720.5832356599,-72259.0035406903,-74.0000070333356));
#1939= IFCAXIS2PLACEMENT3D(#1938,#9,#430);
#1940= IFCLOCALPLACEMENT(#1874,#1939);
#1941= IFCBEAM('0OTvywT9PBkfHw1s2VGn3c',#45,'Kamst\S\el','REBAR8',$,#1940,#1937,'ID18779f3a-7496-4bba-947a-07609f4310e6');
#1942= IFCSHAPEREPRESENTATION(#12,'Body','Brep',(#206));
#1943= IFCPRODUCTDEFINITIONSHAPE($,$,(#1942));
#1944= IFCCARTESIANPOINT((-32720.5832356599,-72659.0035406903,-74.0000070333356));
#1945= IFCAXIS2PLACEMENT3D(#1944,#9,#430);
#1946= IFCLOCALPLACEMENT(#1874,#1945);
#1947= IFCBEAM('1xUVyLV5b4uvfYJpcUdRnJ',#45,'Kamst\S\el','REBAR8',$,#1946,#1943,'ID7b79ff15-7c59-44e3-9a62-4f399e9dbc53');
#1948= IFCSHAPEREPRESENTATION(#12,'Body','Brep',(#206));
#1949= IFCPRODUCTDEFINITIONSHAPE($,$,(#1948));
#1950= IFCCARTESIANPOINT((-32720.5832356599,-73059.0035406903,-74.0000070333356));
#1951= IFCAXIS2PLACEMENT3D(#1950,#9,#430);
#1952= IFCLOCALPLACEMENT(#1874,#1951);
#1953= IFCBEAM('2zbHqDVQ58BxcHlT054onf',#45,'Kamst\S\el','REBAR8',$,#1952,#1949,'IDbd951d0d-7da1-482f-b991-bdd005132c69');
#1954= IFCSHAPEREPRESENTATION(#12,'Body','Brep',(#206));
#1955= IFCPRODUCTDEFINITIONSHAPE($,$,(#1954));
#1956= IFCCARTESIANPOINT((-32720.5832356599,-73459.0035406903,-74.0000070333356));
#1957= IFCAXIS2PLACEMENT3D(#1956,#9,#430);
#1958= IFCLOCALPLACEMENT(#1874,#1957);
#1959= IFCBEAM('2HoY01MuH5qe9ZXWiRmk0u',#45,'Kamst\S\el','REBAR8',$,#1958,#1955,'ID91ca2001-5b84-45d2-8263-860b1bc2e038');
#1960= IFCSHAPEREPRESENTATION(#12,'Body','Brep',(#206));
#1961= IFCPRODUCTDEFINITIONSHAPE($,$,(#1960));
#1962= IFCCARTESIANPOINT((-32720.5832356599,-73859.0035406903,-74.0000070333356));
#1963= IFCAXIS2PLACEMENT3D(#1962,#9,#430);
#1964= IFCLOCALPLACEMENT(#1874,#1963);
#1965= IFCBEAM('0jyjkc$KrD78j2YNqPiVrS',#45,'Kamst\S\el','REBAR8',$,#1964,#1961,'ID2df2dba6-fd4d-4d1c-8b42-897d19b1fd5c');
#1966= IFCLOCALPLACEMENT(#42,#10);
#1967= IFCELEMENTASSEMBLY('2I4_saWFX1IOWtHgd8ITc3',#45,'Drager',$,$,#1966,$,'d54',.NOTDEFINED.,.NOTDEFINED.);
#1968= IFCSHAPEREPRESENTATION(#12,'Body','Brep',(#206));
#1969= IFCPRODUCTDEFINITIONSHAPE($,$,(#1968));
#1970= IFCCARTESIANPOINT((-32720.5832356599,-79834.0035406903,-74.0000070333356));
#1971= IFCAXIS2PLACEMENT3D(#1970,#9,#430);
#1972= IFCLOCALPLACEMENT(#1966,#1971);
#1973= IFCBEAM('2UIGa_hF929OusW3If0bm7',#44,'Kamst\S\el','REBAR8',$,#1972,#1969,'ID9e49093e-acf2-4225-8e36-8034a9025c07');
#1974= IFCSHAPEREPRESENTATION(#12,'Body','Brep',(#206));
#1975= IFCPRODUCTDEFINITIONSHAPE($,$,(#1974));
#1976= IFCCARTESIANPOINT((-32720.5832356599,-79434.0035406903,-74.0000070333356));
#1977= IFCAXIS2PLACEMENT3D(#1976,#9,#430);
#1978= IFCLOCALPLACEMENT(#1966,#1977);
#1979= IFCBEAM('2FexVMhjf9Lfp0Bo$W6dnh',#44,'Kamst\S\el','REBAR8',$,#1978,#1975,'ID8fa3b7d6-aeda-4956-9cc0-2f2fe01a7c6b');
#1980= IFCSHAPEREPRESENTATION(#12,'Body','Brep',(#206));
#1981= IFCPRODUCTDEFINITIONSHAPE($,$,(#1980));
#1982= IFCCARTESIANPOINT((-32720.5832356599,-79034.0035406903,-74.0000070333356));
#1983= IFCAXIS2PLACEMENT3D(#1982,#9,#430);
#1984= IFCLOCALPLACEMENT(#1966,#1983);
#1985= IFCBEAM('250h9t9Kr3c9maih2GiUoR',#44,'Kamst\S\el','REBAR8',$,#1984,#1981,'ID8502b277-254d-4398-9c24-b2b090b1ec9b');
#1986= IFCSHAPEREPRESENTATION(#12,'Body','Brep',(#206));
#1987= IFCPRODUCTDEFINITIONSHAPE($,$,(#1986));
#1988= IFCCARTESIANPOINT((-32720.5832356599,-78634.0035406903,-74.0000070333356));
#1989= IFCAXIS2PLACEMENT3D(#1988,#9,#430);
#1990= IFCLOCALPLACEMENT(#1966,#1989);
#1991= IFCBEAM('3EUVz25$b1CBbc2U25isos',#44,'Kamst\S\el','REBAR8',$,#1990,#1987,'IDce79ff42-17f9-4130-b966-09e085b36cb6');
#1992= IFCSHAPEREPRESENTATION(#12,'Body','Brep',(#206));
#1993= IFCPRODUCTDEFINITIONSHAPE($,$,(#1992));
#1994= IFCCARTESIANPOINT((-32720.5832356599,-78234.0035406903,-74.0000070333356));
#1995= IFCAXIS2PLACEMENT3D(#1994,#9,#430);
#1996= IFCLOCALPLACEMENT(#1966,#1995);
#1997= IFCBEAM('2oS4b_inj5XOCeVzZCctlZ',#44,'Kamst\S\el','REBAR8',$,#1996,#1993,'IDb270497e-b31b-4585-8328-7fd8cc9b7be3');
#1998= IFCSHAPEREPRESENTATION(#12,'Body','Brep',(#206));
#1999= IFCPRODUCTDEFINITIONSHAPE($,$,(#1998));
#2000= IFCCARTESIANPOINT((-32720.5832356599,-77834.0035406903,-74.0000070333356));
#2001= IFCAXIS2PLACEMENT3D(#2000,#9,#430);
#2002= IFCLOCALPLACEMENT(#1966,#2001);
#2003= IFCBEAM('1rqdnWIJf9Bxqb48c7yK5D',#44,'Kamst\S\el','REBAR8',$,#2002,#1999,'ID75d27c60-493a-492f-bd25-108987f1414d');
#2004= IFCSHAPEREPRESENTATION(#12,'Body','Brep',(#206));
#2005= IFCPRODUCTDEFINITIONSHAPE($,$,(#2004));
#2006= IFCCARTESIANPOINT((-32720.5832356599,-77434.0035406903,-74.0000070333356));
#2007= IFCAXIS2PLACEMENT3D(#2006,#9,#430);
#2008= IFCLOCALPLACEMENT(#1966,#2007);
#2009= IFCBEAM('1iLvZc1Hz8x9eXjOK8zyQf',#44,'Kamst\S\el','REBAR8',$,#2008,#2005,'ID6c5798e6-051f-48ec-9a21-b58508f7c6a9');
#2010= IFCSHAPEREPRESENTATION(#12,'Body','Brep',(#206));
#2011= IFCPRODUCTDEFINITIONSHAPE($,$,(#2010));
#2012= IFCCARTESIANPOINT((-32720.5832356599,-74234.0035406903,-74.0000070333356));
#2013= IFCAXIS2PLACEMENT3D(#2012,#9,#430);
#2014= IFCLOCALPLACEMENT(#1966,#2013);
#2015= IFCBEAM('0lPKXEDPLDke0S_q8naBdh',#44,'Kamst\S\el','REBAR8',$,#2014,#2011,'ID2f65484e-3595-4dba-801c-fb423190b9eb');
#2016= IFCSHAPEREPRESENTATION(#12,'Body','Brep',(#206));
#2017= IFCPRODUCTDEFINITIONSHAPE($,$,(#2016));
#2018= IFCCARTESIANPOINT((-32720.5832356599,-74634.0035406903,-74.0000070333356));
#2019= IFCAXIS2PLACEMENT3D(#2018,#9,#430);
#2020= IFCLOCALPLACEMENT(#1966,#2019);
#2021= IFCBEAM('2tNs9Hjg54YPX9cUdvMg42',#44,'Kamst\S\el','REBAR8',$,#2020,#2017,'IDb75f6251-b6a1-4489-9849-99e9f95aa102');
#2022= IFCSHAPEREPRESENTATION(#12,'Body','Brep',(#206));
#2023= IFCPRODUCTDEFINITIONSHAPE($,$,(#2022));
#2024= IFCCARTESIANPOINT((-32720.5832356599,-75034.0035406903,-74.0000070333356));
#2025= IFCAXIS2PLACEMENT3D(#2024,#9,#430);
#2026= IFCLOCALPLACEMENT(#1966,#2025);
#2027= IFCBEAM('0Yu$h1cDz2EB2xh_Jcj8fI',#44,'Kamst\S\el','REBAR8',$,#2026,#2023,'ID22e3fac1-98df-4238-b0bb-afe4e6b48a52');
#2028= IFCSHAPEREPRESENTATION(#12,'Body','Brep',(#206));
#2029= IFCPRODUCTDEFINITIONSHAPE($,$,(#2028));
#2030= IFCCARTESIANPOINT((-32720.5832356599,-75434.0035406903,-74.0000070333356));
#2031= IFCAXIS2PLACEMENT3D(#2030,#9,#430);
#2032= IFCLOCALPLACEMENT(#1966,#2031);
#2033= IFCBEAM('2J5U$YkQrDtgShadtjwAK7',#44,'Kamst\S\el','REBAR8',$,#2032,#2029,'ID9315efe2-b9ad-4dde-a72b-927dede8a507');
#2034= IFCSHAPEREPRESENTATION(#12,'Body','Brep',(#206));
#2035= IFCPRODUCTDEFINITIONSHAPE($,$,(#2034));
#2036= IFCCARTESIANPOINT((-32720.5832356599,-75834.0035406903,-74.0000070333356));
#2037= IFCAXIS2PLACEMENT3D(#2036,#9,#430);
#2038= IFCLOCALPLACEMENT(#1966,#2037);
#2039= IFCBEAM('2Iqq_QbcPCzPBp1I8iboO_',#44,'Kamst\S\el','REBAR8',$,#2038,#2035,'ID92d34f9a-9666-4cf5-92f3-05222c97263e');
#2040= IFCSHAPEREPRESENTATION(#12,'Body','Brep',(#206));
#2041= IFCPRODUCTDEFINITIONSHAPE($,$,(#2040));
#2042= IFCCARTESIANPOINT((-32720.5832356599,-76234.0035406903,-74.0000070333356));
#2043= IFCAXIS2PLACEMENT3D(#2042,#9,#430);
#2044= IFCLOCALPLACEMENT(#1966,#2043);
#2045= IFCBEAM('0HJ7w7JKvDMOHxRPV1Yzcm',#44,'Kamst\S\el','REBAR8',$,#2044,#2041,'ID114c7e87-4d4e-4d59-847b-6d97c18bd9b0');
#2046= IFCSHAPEREPRESENTATION(#12,'Body','Brep',(#206));
#2047= IFCPRODUCTDEFINITIONSHAPE($,$,(#2046));
#2048= IFCCARTESIANPOINT((-32720.5832356599,-76634.0035406903,-74.0000070333356));
#2049= IFCAXIS2PLACEMENT3D(#2048,#9,#430);
#2050= IFCLOCALPLACEMENT(#1966,#2049);
#2051= IFCBEAM('1RThBks1v5BQ9oPNPfEpuD',#44,'Kamst\S\el','REBAR8',$,#2050,#2047,'ID5b76b2ee-d81e-452d-a272-6576693b3e0d');
#2052= IFCSHAPEREPRESENTATION(#12,'Body','Brep',(#206));
#2053= IFCPRODUCTDEFINITIONSHAPE($,$,(#2052));
#2054= IFCCARTESIANPOINT((-32720.5832356599,-77034.0035406903,-74.0000070333356));
#2055= IFCAXIS2PLACEMENT3D(#2054,#9,#430);
#2056= IFCLOCALPLACEMENT(#1966,#2055);
#2057= IFCBEAM('1F9rn7EmjDAPOtpbWbSsgc',#44,'Kamst\S\el','REBAR8',$,#2056,#2053,'ID4f275c47-3b0b-4d29-9637-ce5825736aa6');
#2058= IFCLOCALPLACEMENT(#42,#10);
#2059= IFCELEMENTASSEMBLY('21aCGlbTf1zQnuA4coHZXw',#44,'Drager',$,$,#2058,$,'d52',.NOTDEFINED.,.NOTDEFINED.);
#2060= IFCPROPERTYSET('1Ru7D3dlPEU8zsPsP5Tqwq',#5,'Tekla Assembly','Assembly Properties',(#48,#49,#50,#612,#52,#53,#1782,#613));
#2061= IFCSHAPEREPRESENTATION(#12,'Body','Brep',(#206));
#2062= IFCPRODUCTDEFINITIONSHAPE($,$,(#2061));
#2063= IFCCARTESIANPOINT((-32650.5829551651,-68013.9966576478,-74.000007033332));
#2064= IFCAXIS2PLACEMENT3D(#2063,#9,#8);
#2065= IFCLOCALPLACEMENT(#2058,#2064);
#2066= IFCBEAM('1xDbqDlNj6bPLxfzcciq8o',#44,'Kamst\S\el','REBAR8',$,#2065,#2062,'ID7b365d0d-bd7b-4695-957b-a7d9a6b34232');
#2067= IFCSHAPEREPRESENTATION(#12,'Body','Brep',(#206));
#2068= IFCPRODUCTDEFINITIONSHAPE($,$,(#2067));
#2069= IFCCARTESIANPOINT((-32350.5829551651,-68013.9966576478,-74.000007033332));
#2070= IFCAXIS2PLACEMENT3D(#2069,#9,#8);
#2071= IFCLOCALPLACEMENT(#2058,#2070);
#2072= IFCBEAM('2dMcji67LAwAahL45XInGX',#44,'Kamst\S\el','REBAR8',$,#2071,#2068,'IDa75a6b6c-1875-4ae8-a92b-5441614b1421');
#2073= IFCSHAPEREPRESENTATION(#12,'Body','Brep',(#206));
#2074= IFCPRODUCTDEFINITIONSHAPE($,$,(#2073));
#2075= IFCCARTESIANPOINT((-32280.5967643401,-68059.0035406903,-74.0000070333356));
#2076= IFCAXIS2PLACEMENT3D(#2075,#9,#7);
#2077= IFCLOCALPLACEMENT(#2058,#2076);
#2078= IFCBEAM('3opPEP0xb7JfTygD015EYp',#44,'Kamst\S\el','REBAR8',$,#2077,#2074,'IDf2cd9399-03b9-474e-977c-a8d00114e8b3');
#2079= IFCPLANE(#695);
#2080= IFCHALFSPACESOLID(#2079,.F.);
#2081= IFCBOOLEANCLIPPINGRESULT(.DIFFERENCE.,#691,#2080);
#2082= IFCSHAPEREPRESENTATION(#12,'Body','Clipping',(#2081));
#2083= IFCPRODUCTDEFINITIONSHAPE($,$,(#2082));
#2084= IFCCARTESIANPOINT((-32265.5949743637,-68034.0028435102,-35.0000070333117));
#2085= IFCAXIS2PLACEMENT3D(#2084,#9,#620);
#2086= IFCLOCALPLACEMENT(#2058,#2085);
#2087= IFCBEAM('2reNxzSWzEn9ZZt2hvucUA',#44,'Drager','L70*7',$,#2086,#2083,'IDb5a17efd-720f-4ec4-98e3-dc2af9e2678a');
#2088= IFCSHAPEREPRESENTATION(#12,'Body','Brep',(#206));
#2089= IFCPRODUCTDEFINITIONSHAPE($,$,(#2088));
#2090= IFCCARTESIANPOINT((-32720.5832356599,-68059.0035406903,-74.0000070333356));
#2091= IFCAXIS2PLACEMENT3D(#2090,#9,#430);
#2092= IFCLOCALPLACEMENT(#2058,#2091);
#2093= IFCBEAM('2yWLXReqDDFOt_1K7X0g6C',#44,'Kamst\S\el','REBAR8',$,#2092,#2089,'IDbc81585b-a343-4d3d-8dfe-0541e102a18c');
#2094= IFCPLANE(#651);
#2095= IFCHALFSPACESOLID(#2094,.F.);
#2096= IFCBOOLEANCLIPPINGRESULT(.DIFFERENCE.,#648,#2095);
#2097= IFCSHAPEREPRESENTATION(#12,'Body','Clipping',(#2096));
#2098= IFCPRODUCTDEFINITIONSHAPE($,$,(#2097));
#2099= IFCCARTESIANPOINT((-32735.5850256363,-68084.0013176313,-35.0000070333153));
#2100= IFCAXIS2PLACEMENT3D(#2099,#9,#8);
#2101= IFCLOCALPLACEMENT(#2058,#2100);
#2102= IFCBEAM('2kT9$aQSn65vuD5QfYkqbN',#44,'Drager','L70*7',$,#2101,#2098,'IDae749fe4-69cc-4617-9e0d-15aa62bb4957');
#2103= IFCSHAPEREPRESENTATION(#12,'Body','SweptSolid',(#1134));
#2104= IFCPRODUCTDEFINITIONSHAPE($,$,(#2103));
#2105= IFCCARTESIANPOINT((-32265.5949743637,-80034.0002082476,-35.0000070333153));
#2106= IFCAXIS2PLACEMENT3D(#2105,#9,#620);
#2107= IFCLOCALPLACEMENT(#1263,#2106);
#2108= IFCBEAM('3_8cvg6Hj50PJbgM0ccSuv',#44,'Drager','L70*7',$,#2107,#2104,'d54');
#2109= IFCSHAPEREPRESENTATION(#12,'Body','SweptSolid',(#1157));
#2110= IFCPRODUCTDEFINITIONSHAPE($,$,(#2109));
#2111= IFCCARTESIANPOINT((-32265.5949743637,-86034.0002082476,-35.0000070333153));
#2112= IFCAXIS2PLACEMENT3D(#2111,#9,#620);
#2113= IFCLOCALPLACEMENT(#1361,#2112);
#2114= IFCBEAM('3xeq71tYvCouu6vDmmJGU3',#45,'Drager','L70*7',$,#2113,#2110,'d53');
#2115= IFCSHAPEREPRESENTATION(#12,'Body','SweptSolid',(#1134));
#2116= IFCPRODUCTDEFINITIONSHAPE($,$,(#2115));
#2117= IFCCARTESIANPOINT((-32735.5850256363,-86033.9986823687,-35.0000070333153));
#2118= IFCAXIS2PLACEMENT3D(#2117,#9,#8);
#2119= IFCLOCALPLACEMENT(#1547,#2118);
#2120= IFCBEAM('0hHpGzH8f9lArliYbEiZOc',#44,'Drager','L70*7',$,#2119,#2116,'d54');
#2121= IFCSHAPEREPRESENTATION(#12,'Body','SweptSolid',(#1157));
#2122= IFCPRODUCTDEFINITIONSHAPE($,$,(#2121));
#2123= IFCCARTESIANPOINT((-32735.5850256363,-91983.9986823687,-35.0000070333153));
#2124= IFCAXIS2PLACEMENT3D(#2123,#9,#8);
#2125= IFCLOCALPLACEMENT(#1455,#2124);
#2126= IFCBEAM('2BmZH6Ti56FfGVTNR26qPo',#45,'Drager','L70*7',$,#2125,#2122,'d53');
#2127= IFCPLANE(#1192);
#2128= IFCHALFSPACESOLID(#2127,.F.);
#2129= IFCBOOLEANCLIPPINGRESULT(.DIFFERENCE.,#1190,#2128);
#2130= IFCPLANE(#1197);
#2131= IFCHALFSPACESOLID(#2130,.T.);
#2132= IFCBOOLEANCLIPPINGRESULT(.DIFFERENCE.,#2129,#2131);
#2133= IFCSHAPEREPRESENTATION(#12,'Body','Clipping',(#2132));
#2134= IFCPRODUCTDEFINITIONSHAPE($,$,(#2133));
#2135= IFCCARTESIANPOINT((-32300.5851782241,-92069.0051323286,-35.0000070333153));
#2136= IFCAXIS2PLACEMENT3D(#2135,#9,#430);
#2137= IFCLOCALPLACEMENT(#1639,#2136);
#2138= IFCBEAM('3y9oUpi5n84wQXtlYuKuT4',#44,'Drager','L70*7',$,#2137,#2134,'d52');
#2139= IFCSHAPEREPRESENTATION(#12,'Body','SweptSolid',(#1134));
#2140= IFCPRODUCTDEFINITIONSHAPE($,$,(#2139));
#2141= IFCCARTESIANPOINT((-32265.5949743637,-74034.0013176313,-35.0000070333153));
#2142= IFCAXIS2PLACEMENT3D(#2141,#9,#620);
#2143= IFCLOCALPLACEMENT(#1684,#2142);
#2144= IFCBEAM('3SQQjYmdvCsxjf868zme6T',#44,'Drager','L70*7',$,#2143,#2140,'d54');
#2145= IFCSHAPEREPRESENTATION(#12,'Body','SweptSolid',(#1157));
#2146= IFCPRODUCTDEFINITIONSHAPE($,$,(#2145));
#2147= IFCCARTESIANPOINT((-32265.5949743637,-68084.0013176313,-35.0000070333153));
#2148= IFCAXIS2PLACEMENT3D(#2147,#9,#620);
#2149= IFCLOCALPLACEMENT(#1780,#2148);
#2150= IFCBEAM('1swjpbQZrCjABE0lpeFeYn',#45,'Drager','L70*7',$,#2149,#2146,'d53');
#2151= IFCSHAPEREPRESENTATION(#12,'Body','SweptSolid',(#1134));
#2152= IFCPRODUCTDEFINITIONSHAPE($,$,(#2151));
#2153= IFCCARTESIANPOINT((-32735.5850256363,-80033.9997917524,-35.0000070333153));
#2154= IFCAXIS2PLACEMENT3D(#2153,#9,#8);
#2155= IFCLOCALPLACEMENT(#1966,#2154);
#2156= IFCBEAM('2GOMgiCFL4bvZPtdaF0u75',#44,'Drager','L70*7',$,#2155,#2152,'d54');
#2157= IFCSHAPEREPRESENTATION(#12,'Body','SweptSolid',(#1157));
#2158= IFCPRODUCTDEFINITIONSHAPE($,$,(#2157));
#2159= IFCCARTESIANPOINT((-32735.5850256363,-74033.9997917524,-35.0000070333153));
#2160= IFCAXIS2PLACEMENT3D(#2159,#9,#8);
#2161= IFCLOCALPLACEMENT(#1874,#2160);
#2162= IFCBEAM('1RqqtX9o91d8kNpZ$_KTEh',#45,'Drager','L70*7',$,#2161,#2158,'d53');
#2163= IFCPLANE(#1245);
#2164= IFCHALFSPACESOLID(#2163,.T.);
#2165= IFCBOOLEANCLIPPINGRESULT(.DIFFERENCE.,#1190,#2164);
#2166= IFCPLANE(#695);
#2167= IFCHALFSPACESOLID(#2166,.F.);
#2168= IFCBOOLEANCLIPPINGRESULT(.DIFFERENCE.,#2165,#2167);
#2169= IFCSHAPEREPRESENTATION(#12,'Body','Clipping',(#2168));
#2170= IFCPRODUCTDEFINITIONSHAPE($,$,(#2169));
#2171= IFCCARTESIANPOINT((-32700.5850256363,-67998.9948676714,-35.0000070333153));
#2172= IFCAXIS2PLACEMENT3D(#2171,#9,#7);
#2173= IFCLOCALPLACEMENT(#2058,#2172);
#2174= IFCBEAM('0ZKrjkRif4lOL1e31U2bVz',#44,'Drager','L70*7',$,#2173,#2170,'d52');
#2175= IFCLOCALPLACEMENT(#42,#10);
#2176= IFCELEMENTASSEMBLY('2y_r9IWN9Cfgfbf8fuDm$L',#45,'Drager',$,$,#2175,$,'d54',.NOTDEFINED.,.NOTDEFINED.);
#2177= IFCPROPERTYSINGLEVALUE('Assembly/Cast unit position code',$,IFCLABEL('202/L-J'),$);
#2178= IFCPROPERTYSET('0diTdPwvbEIwvr0z1sxbjS',#5,'Tekla Assembly','Assembly Properties',(#48,#49,#50,#51,#52,#53,#2177,#55));
#2179= IFCSHAPEREPRESENTATION(#12,'Body','Brep',(#206));
#2180= IFCPRODUCTDEFINITIONSHAPE($,$,(#2179));
#2181= IFCCARTESIANPOINT((-14780.5967643401,-80233.9964593097,-74.0000070333356));
#2182= IFCAXIS2PLACEMENT3D(#2181,#9,#7);
#2183= IFCLOCALPLACEMENT(#2175,#2182);
#2184= IFCBEAM('1g24f4G0D1ARZa1uyTfyTn',#44,'Kamst\S\el','REBAR8',$,#2183,#2180,'ID6a084a44-4003-4129-b8e4-078f1da7c771');
#2185= IFCQUANTITYLENGTH('Length',$,$,149.949976367265);
#2186= IFCELEMENTQUANTITY('1MkJR1ysHAuPx_eKmp$mYk',#5,'BaseQuantities',$,$,(#2185,#238,#239,#240));
#2187= IFCSHAPEREPRESENTATION(#12,'Body','Brep',(#206));
#2188= IFCPRODUCTDEFINITIONSHAPE($,$,(#2187));
#2189= IFCCARTESIANPOINT((-14780.5967643401,-80633.9964593097,-74.0000070333356));
#2190= IFCAXIS2PLACEMENT3D(#2189,#9,#7);
#2191= IFCLOCALPLACEMENT(#2175,#2190);
#2192= IFCBEAM('27V67Wn7L9A8OlaZuANK37',#44,'Kamst\S\el','REBAR8',$,#2191,#2188,'ID877c61e0-c475-4928-862f-923e0a5d40c7');
#2193= IFCSHAPEREPRESENTATION(#12,'Body','Brep',(#206));
#2194= IFCPRODUCTDEFINITIONSHAPE($,$,(#2193));
#2195= IFCCARTESIANPOINT((-14780.5967643401,-81033.9964593097,-74.0000070333356));
#2196= IFCAXIS2PLACEMENT3D(#2195,#9,#7);
#2197= IFCLOCALPLACEMENT(#2175,#2196);
#2198= IFCBEAM('14gfDlgFv3FPuGh1pst966',#44,'Kamst\S\el','REBAR8',$,#2197,#2194,'ID44aa936f-a8fe-433d-9e10-ac1cf6dc9186');
#2199= IFCSHAPEREPRESENTATION(#12,'Body','Brep',(#206));
#2200= IFCPRODUCTDEFINITIONSHAPE($,$,(#2199));
#2201= IFCCARTESIANPOINT((-14780.5967643401,-81433.9964593097,-74.0000070333356));
#2202= IFCAXIS2PLACEMENT3D(#2201,#9,#7);
#2203= IFCLOCALPLACEMENT(#2175,#2202);
#2204= IFCBEAM('38pxDkA493hBphlb0c08Bb',#44,'Kamst\S\el','REBAR8',$,#2203,#2200,'IDc8cfb36e-2842-43ac-bceb-be50260082e5');
#2205= IFCSHAPEREPRESENTATION(#12,'Body','Brep',(#206));
#2206= IFCPRODUCTDEFINITIONSHAPE($,$,(#2205));
#2207= IFCCARTESIANPOINT((-14780.5967643401,-81833.9964593097,-74.0000070333356));
#2208= IFCAXIS2PLACEMENT3D(#2207,#9,#7);
#2209= IFCLOCALPLACEMENT(#2175,#2208);
#2210= IFCBEAM('3sSDAwi2z1$91vBKSrS4NN',#44,'Kamst\S\el','REBAR8',$,#2209,#2206,'IDf670d2ba-b02f-41fc-9079-2d47357045d7');
#2211= IFCSHAPEREPRESENTATION(#12,'Body','Brep',(#206));
#2212= IFCPRODUCTDEFINITIONSHAPE($,$,(#2211));
#2213= IFCCARTESIANPOINT((-14780.5967643401,-82233.9964593097,-74.0000070333356));
#2214= IFCAXIS2PLACEMENT3D(#2213,#9,#7);
#2215= IFCLOCALPLACEMENT(#2175,#2214);
#2216= IFCBEAM('3GT2gk_2zC2uRdJLwkFEbC',#44,'Kamst\S\el','REBAR8',$,#2215,#2212,'IDd0742aae-f82f-4c0b-86e7-4d5eae3ce94c');
#2217= IFCSHAPEREPRESENTATION(#12,'Body','Brep',(#206));
#2218= IFCPRODUCTDEFINITIONSHAPE($,$,(#2217));
#2219= IFCCARTESIANPOINT((-14780.5967643401,-82633.9964593097,-74.0000070333356));
#2220= IFCAXIS2PLACEMENT3D(#2219,#9,#7);
#2221= IFCLOCALPLACEMENT(#2175,#2220);
#2222= IFCBEAM('0VM2E$3cr2tfts5D2blgQX',#44,'Kamst\S\el','REBAR8',$,#2221,#2218,'ID1f5823bf-0e6d-42de-9df6-14d0a5bea6a1');
#2223= IFCSHAPEREPRESENTATION(#12,'Body','Brep',(#206));
#2224= IFCPRODUCTDEFINITIONSHAPE($,$,(#2223));
#2225= IFCCARTESIANPOINT((-14780.5967643401,-85833.9964593097,-74.0000070333356));
#2226= IFCAXIS2PLACEMENT3D(#2225,#9,#7);
#2227= IFCLOCALPLACEMENT(#2175,#2226);
#2228= IFCBEAM('1kGnjZ6$59gPo6X2Y6FbmC',#44,'Kamst\S\el','REBAR8',$,#2227,#2224,'ID6e431b63-1bf1-49a9-9c86-8428863e5c0c');
#2229= IFCSHAPEREPRESENTATION(#12,'Body','Brep',(#206));
#2230= IFCPRODUCTDEFINITIONSHAPE($,$,(#2229));
#2231= IFCCARTESIANPOINT((-14780.5967643401,-85433.9964593097,-74.0000070333356));
#2232= IFCAXIS2PLACEMENT3D(#2231,#9,#7);
#2233= IFCLOCALPLACEMENT(#2175,#2232);
#2234= IFCBEAM('1nTG2iFF5EUAm1_Ie45JkY',#44,'Kamst\S\el','REBAR8',$,#2233,#2230,'ID717500ac-3cf1-4e78-ac01-f92a04153ba2');
#2235= IFCSHAPEREPRESENTATION(#12,'Body','Brep',(#206));
#2236= IFCPRODUCTDEFINITIONSHAPE($,$,(#2235));
#2237= IFCCARTESIANPOINT((-14780.5967643401,-85033.9964593097,-74.0000070333356));
#2238= IFCAXIS2PLACEMENT3D(#2237,#9,#7);
#2239= IFCLOCALPLACEMENT(#2175,#2238);
#2240= IFCBEAM('2zuaMiN4nCsB9czlZF$HJO',#44,'Kamst\S\el','REBAR8',$,#2239,#2236,'IDbde245ac-5c4c-4cd8-b266-f6f8cffd14d8');
#2241= IFCSHAPEREPRESENTATION(#12,'Body','Brep',(#206));
#2242= IFCPRODUCTDEFINITIONSHAPE($,$,(#2241));
#2243= IFCCARTESIANPOINT((-14780.5967643401,-84633.9964593097,-74.0000070333356));
#2244= IFCAXIS2PLACEMENT3D(#2243,#9,#7);
#2245= IFCLOCALPLACEMENT(#2175,#2244);
#2246= IFCBEAM('03IE1kvJj0CvLFwz$K33zw',#44,'Kamst\S\el','REBAR8',$,#2245,#2242,'ID0348e06e-e53b-4033-954f-ebdfd40c3f7a');
#2247= IFCSHAPEREPRESENTATION(#12,'Body','Brep',(#206));
#2248= IFCPRODUCTDEFINITIONSHAPE($,$,(#2247));
#2249= IFCCARTESIANPOINT((-14780.5967643401,-84233.9964593097,-74.0000070333356));
#2250= IFCAXIS2PLACEMENT3D(#2249,#9,#7);
#2251= IFCLOCALPLACEMENT(#2175,#2250);
#2252= IFCBEAM('2IjsE8khL0HxOmVbTKSWvb',#44,'Kamst\S\el','REBAR8',$,#2251,#2248,'ID92b76388-bab5-4047-b630-7e5754720e65');
#2253= IFCSHAPEREPRESENTATION(#12,'Body','Brep',(#206));
#2254= IFCPRODUCTDEFINITIONSHAPE($,$,(#2253));
#2255= IFCCARTESIANPOINT((-14780.5967643401,-83833.9964593097,-74.0000070333356));
#2256= IFCAXIS2PLACEMENT3D(#2255,#9,#7);
#2257= IFCLOCALPLACEMENT(#2175,#2256);
#2258= IFCBEAM('0WjB8Otx10b8prfbtKHHwA',#44,'Kamst\S\el','REBAR8',$,#2257,#2254,'ID20b4b218-dfb0-4094-8cf5-a65dd4451e8a');
#2259= IFCSHAPEREPRESENTATION(#12,'Body','Brep',(#206));
#2260= IFCPRODUCTDEFINITIONSHAPE($,$,(#2259));
#2261= IFCCARTESIANPOINT((-14780.5967643401,-83433.9964593097,-74.0000070333356));
#2262= IFCAXIS2PLACEMENT3D(#2261,#9,#7);
#2263= IFCLOCALPLACEMENT(#2175,#2262);
#2264= IFCBEAM('05wPMr0$TDtvfcXdMrdGVx',#44,'Kamst\S\el','REBAR8',$,#2263,#2260,'ID05e995b5-03f7-4ddf-9a66-8675b59d07fb');
#2265= IFCSHAPEREPRESENTATION(#12,'Body','Brep',(#206));
#2266= IFCPRODUCTDEFINITIONSHAPE($,$,(#2265));
#2267= IFCCARTESIANPOINT((-14780.5967643401,-83033.9964593097,-74.0000070333356));
#2268= IFCAXIS2PLACEMENT3D(#2267,#9,#7);
#2269= IFCLOCALPLACEMENT(#2175,#2268);
#2270= IFCBEAM('1yVXbKDcT3u8MHjzQaL5On',#44,'Kamst\S\el','REBAR8',$,#2269,#2266,'ID7c7e1954-3667-43e0-8591-b7d6a4545631');
#2271= IFCLOCALPLACEMENT(#42,#10);
#2272= IFCELEMENTASSEMBLY('12Ueg9psj7LvMGk9LMowpV',#45,'Drager',$,$,#2271,$,'d53',.NOTDEFINED.,.NOTDEFINED.);
#2273= IFCPROPERTYSINGLEVALUE('Assembly/Cast unit position code',$,IFCLABEL('202/L-K'),$);
#2274= IFCPROPERTYSET('197gI3zWn2Lu4HOPb2qMT_',#5,'Tekla Assembly','Assembly Properties',(#48,#49,#50,#329,#52,#53,#2273,#331));
#2275= IFCSHAPEREPRESENTATION(#12,'Body','Brep',(#206));
#2276= IFCPRODUCTDEFINITIONSHAPE($,$,(#2275));
#2277= IFCCARTESIANPOINT((-14780.5967643401,-91808.9964593097,-74.0000070333356));
#2278= IFCAXIS2PLACEMENT3D(#2277,#9,#7);
#2279= IFCLOCALPLACEMENT(#2271,#2278);
#2280= IFCBEAM('1p7l419inByRcCPuXJLqLj',#45,'Kamst\S\el','REBAR8',$,#2279,#2276,'ID731ef101-26cc-4bf1-b98c-67885357456d');
#2281= IFCSHAPEREPRESENTATION(#12,'Body','Brep',(#206));
#2282= IFCPRODUCTDEFINITIONSHAPE($,$,(#2281));
#2283= IFCCARTESIANPOINT((-14780.5967643401,-91408.9964593097,-74.0000070333356));
#2284= IFCAXIS2PLACEMENT3D(#2283,#9,#7);
#2285= IFCLOCALPLACEMENT(#2271,#2284);
#2286= IFCBEAM('20a0dGCMP1auepBumZEkoi',#45,'Kamst\S\el','REBAR8',$,#2285,#2282,'ID809009d0-3166-4193-8a33-2f8c233aecac');
#2287= IFCSHAPEREPRESENTATION(#12,'Body','Brep',(#206));
#2288= IFCPRODUCTDEFINITIONSHAPE($,$,(#2287));
#2289= IFCCARTESIANPOINT((-14780.5967643401,-91008.9964593097,-74.0000070333356));
#2290= IFCAXIS2PLACEMENT3D(#2289,#9,#7);
#2291= IFCLOCALPLACEMENT(#2271,#2290);
#2292= IFCBEAM('3Zl3wpbnP4A8AUWAKbgJCg',#45,'Kamst\S\el','REBAR8',$,#2291,#2288,'IDe3bc3eb3-9716-4428-829e-80a525a9332a');
#2293= IFCSHAPEREPRESENTATION(#12,'Body','Brep',(#206));
#2294= IFCPRODUCTDEFINITIONSHAPE($,$,(#2293));
#2295= IFCCARTESIANPOINT((-14780.5967643401,-90608.9964593097,-74.0000070333356));
#2296= IFCAXIS2PLACEMENT3D(#2295,#9,#7);
#2297= IFCLOCALPLACEMENT(#2271,#2296);
#2298= IFCBEAM('2NAkyDGWL51hnKNoLlGSji',#45,'Kamst\S\el','REBAR8',$,#2297,#2294,'ID972aef0d-4205-4506-bc54-5f256f41cb6c');
#2299= IFCSHAPEREPRESENTATION(#12,'Body','Brep',(#206));
#2300= IFCPRODUCTDEFINITIONSHAPE($,$,(#2299));
#2301= IFCCARTESIANPOINT((-14780.5967643401,-90208.9964593097,-74.0000070333356));
#2302= IFCAXIS2PLACEMENT3D(#2301,#9,#7);
#2303= IFCLOCALPLACEMENT(#2271,#2302);
#2304= IFCBEAM('2rYO3MjR90hQ1NsQTwQZ10',#45,'Kamst\S\el','REBAR8',$,#2303,#2300,'IDb58980d6-b5b2-40ad-a057-d9a77a6a3040');
#2305= IFCSHAPEREPRESENTATION(#12,'Body','Brep',(#206));
#2306= IFCPRODUCTDEFINITIONSHAPE($,$,(#2305));
#2307= IFCCARTESIANPOINT((-14780.5967643401,-89808.9964593097,-74.0000070333356));
#2308= IFCAXIS2PLACEMENT3D(#2307,#9,#7);
#2309= IFCLOCALPLACEMENT(#2271,#2308);
#2310= IFCBEAM('1QQJoGYwvFU9cPrLcJVCnA',#45,'Kamst\S\el','REBAR8',$,#2309,#2306,'ID5a693c90-8bae-4f78-9999-d559937ccc4a');
#2311= IFCSHAPEREPRESENTATION(#12,'Body','Brep',(#206));
#2312= IFCPRODUCTDEFINITIONSHAPE($,$,(#2311));
#2313= IFCCARTESIANPOINT((-14780.5967643401,-89408.9964593097,-74.0000070333356));
#2314= IFCAXIS2PLACEMENT3D(#2313,#9,#7);
#2315= IFCLOCALPLACEMENT(#2271,#2314);
#2316= IFCBEAM('3zaFLhLhvCtw8Flr78ieYm',#45,'Kamst\S\el','REBAR8',$,#2315,#2312,'IDfd90f56b-56be-4cdf-a20f-bf51c8b288b0');
#2317= IFCSHAPEREPRESENTATION(#12,'Body','Brep',(#206));
#2318= IFCPRODUCTDEFINITIONSHAPE($,$,(#2317));
#2319= IFCCARTESIANPOINT((-14780.5967643401,-89008.9964593097,-74.0000070333356));
#2320= IFCAXIS2PLACEMENT3D(#2319,#9,#7);
#2321= IFCLOCALPLACEMENT(#2271,#2320);
#2322= IFCBEAM('0ErlB8KOvAF8EFADslSuN1',#45,'Kamst\S\el','REBAR8',$,#2321,#2318,'ID0ed6f2c8-518e-4a3c-838f-28ddaf7385c1');
#2323= IFCSHAPEREPRESENTATION(#12,'Body','Brep',(#206));
#2324= IFCPRODUCTDEFINITIONSHAPE($,$,(#2323));
#2325= IFCCARTESIANPOINT((-14780.5967643401,-88608.9964593097,-74.0000070333356));
#2326= IFCAXIS2PLACEMENT3D(#2325,#9,#7);
#2327= IFCLOCALPLACEMENT(#2271,#2326);
#2328= IFCBEAM('2QXJs7Fuv99B6vA0DKDiO5',#45,'Kamst\S\el','REBAR8',$,#2327,#2324,'ID9a853d87-3f8e-4924-b1b9-28035436c605');
#2329= IFCSHAPEREPRESENTATION(#12,'Body','Brep',(#206));
#2330= IFCPRODUCTDEFINITIONSHAPE($,$,(#2329));
#2331= IFCCARTESIANPOINT((-14780.5967643401,-88208.9964593097,-74.0000070333356));
#2332= IFCAXIS2PLACEMENT3D(#2331,#9,#7);
#2333= IFCLOCALPLACEMENT(#2271,#2332);
#2334= IFCBEAM('3Kr_gHJTv4EwfamlZZeSww',#45,'Kamst\S\el','REBAR8',$,#2333,#2330,'IDd4d7ea91-4dde-443b-aa64-c2f8e3a1ceba');
#2335= IFCSHAPEREPRESENTATION(#12,'Body','Brep',(#206));
#2336= IFCPRODUCTDEFINITIONSHAPE($,$,(#2335));
#2337= IFCCARTESIANPOINT((-14780.5967643401,-87808.9964593097,-74.0000070333356));
#2338= IFCAXIS2PLACEMENT3D(#2337,#9,#7);
#2339= IFCLOCALPLACEMENT(#2271,#2338);
#2340= IFCBEAM('3HDUgMDj1DGQbuEOvbmJkZ',#45,'Kamst\S\el','REBAR8',$,#2339,#2336,'IDd135ea96-36d0-4d41-a978-398e65c13ba3');
#2341= IFCSHAPEREPRESENTATION(#12,'Body','Brep',(#206));
#2342= IFCPRODUCTDEFINITIONSHAPE($,$,(#2341));
#2343= IFCCARTESIANPOINT((-14780.5967643401,-87408.9964593097,-74.0000070333356));
#2344= IFCAXIS2PLACEMENT3D(#2343,#9,#7);
#2345= IFCLOCALPLACEMENT(#2271,#2344);
#2346= IFCBEAM('2oiH3FZ4r2ZQO05ZUhkngg',#45,'Kamst\S\el','REBAR8',$,#2345,#2342,'IDb2b110cf-8c4d-428d-a600-1637abbb1aaa');
#2347= IFCSHAPEREPRESENTATION(#12,'Body','Brep',(#206));
#2348= IFCPRODUCTDEFINITIONSHAPE($,$,(#2347));
#2349= IFCCARTESIANPOINT((-14780.5967643401,-87008.9964593097,-74.0000070333356));
#2350= IFCAXIS2PLACEMENT3D(#2349,#9,#7);
#2351= IFCLOCALPLACEMENT(#2271,#2350);
#2352= IFCBEAM('3wM$rdkCv9ZxUDeYe6BMaq',#45,'Kamst\S\el','REBAR8',$,#2351,#2348,'IDfa5bfd67-b8ce-498f-b78d-a22a062d6934');
#2353= IFCSHAPEREPRESENTATION(#12,'Body','Brep',(#206));
#2354= IFCPRODUCTDEFINITIONSHAPE($,$,(#2353));
#2355= IFCCARTESIANPOINT((-14780.5967643401,-86608.9964593097,-74.0000070333356));
#2356= IFCAXIS2PLACEMENT3D(#2355,#9,#7);
#2357= IFCLOCALPLACEMENT(#2271,#2356);
#2358= IFCBEAM('0OLcAJtun8swnxEnG8qMOu',#45,'Kamst\S\el','REBAR8',$,#2357,#2354,'ID18566293-df8c-48db-ac7b-3b1408d16638');
#2359= IFCSHAPEREPRESENTATION(#12,'Body','Brep',(#206));
#2360= IFCPRODUCTDEFINITIONSHAPE($,$,(#2359));
#2361= IFCCARTESIANPOINT((-14780.5967643401,-86208.9964593097,-74.0000070333356));
#2362= IFCAXIS2PLACEMENT3D(#2361,#9,#7);
#2363= IFCLOCALPLACEMENT(#2271,#2362);
#2364= IFCBEAM('0xE1OiXNr3bepmYKVUDgxF',#45,'Kamst\S\el','REBAR8',$,#2363,#2360,'ID3b38162c-857d-4396-8cf0-8947de36aecf');
#2365= IFCLOCALPLACEMENT(#42,#10);
#2366= IFCELEMENTASSEMBLY('1xozuDx5r5JwTNKk5Wz322',#45,'Drager',$,$,#2365,$,'d53',.NOTDEFINED.,.NOTDEFINED.);
#2367= IFCSHAPEREPRESENTATION(#12,'Body','Brep',(#206));
#2368= IFCPRODUCTDEFINITIONSHAPE($,$,(#2367));
#2369= IFCCARTESIANPOINT((-15220.5832356599,-91808.9964593097,-74.0000070333356));
#2370= IFCAXIS2PLACEMENT3D(#2369,#9,#430);
#2371= IFCLOCALPLACEMENT(#2365,#2370);
#2372= IFCBEAM('0YnqcFjBn1GfkEA3Ku$Tq5',#45,'Kamst\S\el','REBAR8',$,#2371,#2368,'ID22c7498f-b4bc-4142-9b8e-283538fddd05');
#2373= IFCQUANTITYLENGTH('Length',$,$,149.949976367263);
#2374= IFCELEMENTQUANTITY('1LYjI0Rw56PweUsN9BHbmQ',#5,'BaseQuantities',$,$,(#2373,#238,#239,#240));
#2375= IFCSHAPEREPRESENTATION(#12,'Body','Brep',(#206));
#2376= IFCPRODUCTDEFINITIONSHAPE($,$,(#2375));
#2377= IFCCARTESIANPOINT((-15220.5832356599,-91408.9964593097,-74.0000070333356));
#2378= IFCAXIS2PLACEMENT3D(#2377,#9,#430);
#2379= IFCLOCALPLACEMENT(#2365,#2378);
#2380= IFCBEAM('3STNVhOb53yuiQfQeFA4CM',#45,'Kamst\S\el','REBAR8',$,#2379,#2376,'IDdc7577eb-6251-43f3-8b1a-a5aa0f284316');
#2381= IFCSHAPEREPRESENTATION(#12,'Body','Brep',(#206));
#2382= IFCPRODUCTDEFINITIONSHAPE($,$,(#2381));
#2383= IFCCARTESIANPOINT((-15220.5832356599,-91008.9964593097,-74.0000070333356));
#2384= IFCAXIS2PLACEMENT3D(#2383,#9,#430);
#2385= IFCLOCALPLACEMENT(#2365,#2384);
#2386= IFCBEAM('21HwjuYcLB$uPdB51ObN7y',#45,'Kamst\S\el','REBAR8',$,#2385,#2382,'ID8147ab78-8a65-4bff-8667-2c50589571fc');
#2387= IFCSHAPEREPRESENTATION(#12,'Body','Brep',(#206));
#2388= IFCPRODUCTDEFINITIONSHAPE($,$,(#2387));
#2389= IFCCARTESIANPOINT((-15220.5832356599,-90608.9964593097,-74.0000070333356));
#2390= IFCAXIS2PLACEMENT3D(#2389,#9,#430);
#2391= IFCLOCALPLACEMENT(#2365,#2390);
#2392= IFCBEAM('2JlMUjHfP8JekK4ksEKui5',#45,'Kamst\S\el','REBAR8',$,#2391,#2388,'ID93bd67ad-4696-484e-8b94-12ed8e538b05');
#2393= IFCSHAPEREPRESENTATION(#12,'Body','Brep',(#206));
#2394= IFCPRODUCTDEFINITIONSHAPE($,$,(#2393));
#2395= IFCCARTESIANPOINT((-15220.5832356599,-90208.9964593097,-74.0000070333356));
#2396= IFCAXIS2PLACEMENT3D(#2395,#9,#430);
#2397= IFCLOCALPLACEMENT(#2365,#2396);
#2398= IFCBEAM('28oOKuKPP4RgYOvnkr6f4c',#45,'Kamst\S\el','REBAR8',$,#2397,#2394,'ID88c98538-5196-446e-a898-e71bb51a9126');
#2399= IFCSHAPEREPRESENTATION(#12,'Body','Brep',(#206));
#2400= IFCPRODUCTDEFINITIONSHAPE($,$,(#2399));
#2401= IFCCARTESIANPOINT((-15220.5832356599,-89808.9964593097,-74.0000070333356));
#2402= IFCAXIS2PLACEMENT3D(#2401,#9,#430);
#2403= IFCLOCALPLACEMENT(#2365,#2402);
#2404= IFCBEAM('1$cflOJ6b8SwPnlJ3HqEQ7',#45,'Kamst\S\el','REBAR8',$,#2403,#2400,'ID7f9a9bd8-4c69-4873-a671-bd30d1d0e687');
#2405= IFCSHAPEREPRESENTATION(#12,'Body','Brep',(#206));
#2406= IFCPRODUCTDEFINITIONSHAPE($,$,(#2405));
#2407= IFCCARTESIANPOINT((-15220.5832356599,-89408.9964593097,-74.0000070333356));
#2408= IFCAXIS2PLACEMENT3D(#2407,#9,#430);
#2409= IFCLOCALPLACEMENT(#2365,#2408);
#2410= IFCBEAM('3eS8oO3VHBeeEV$aNIKaBt',#45,'Kamst\S\el','REBAR8',$,#2409,#2406,'IDe8708c98-0df4-4ba2-839f-fe45d25242f7');
#2411= IFCSHAPEREPRESENTATION(#12,'Body','Brep',(#206));
#2412= IFCPRODUCTDEFINITIONSHAPE($,$,(#2411));
#2413= IFCCARTESIANPOINT((-15220.5832356599,-89008.9964593097,-74.0000070333356));
#2414= IFCAXIS2PLACEMENT3D(#2413,#9,#430);
#2415= IFCLOCALPLACEMENT(#2365,#2414);
#2416= IFCBEAM('1QKMBiM4HC4ONATtRfGDJj',#45,'Kamst\S\el','REBAR8',$,#2415,#2412,'ID5a5162ec-5844-4c11-85ca-7776e940d4ed');
#2417= IFCSHAPEREPRESENTATION(#12,'Body','Brep',(#206));
#2418= IFCPRODUCTDEFINITIONSHAPE($,$,(#2417));
#2419= IFCCARTESIANPOINT((-15220.5832356599,-88608.9964593097,-74.0000070333356));
#2420= IFCAXIS2PLACEMENT3D(#2419,#9,#430);
#2421= IFCLOCALPLACEMENT(#2365,#2420);
#2422= IFCBEAM('2Whe4u9Lz24QgDWrPad1bh',#45,'Kamst\S\el','REBAR8',$,#2421,#2418,'IDa0ae8138-255f-4211-aa8d-8356649c196b');
#2423= IFCSHAPEREPRESENTATION(#12,'Body','Brep',(#206));
#2424= IFCPRODUCTDEFINITIONSHAPE($,$,(#2423));
#2425= IFCCARTESIANPOINT((-15220.5832356599,-88208.9964593097,-74.0000070333356));
#2426= IFCAXIS2PLACEMENT3D(#2425,#9,#430);
#2427= IFCLOCALPLACEMENT(#2365,#2426);
#2428= IFCBEAM('1gKOTuiQP9pvFWC3gwcSjV',#45,'Kamst\S\el','REBAR8',$,#2427,#2424,'ID6a518778-b1a6-49cf-93e0-303aba99cb5f');
#2429= IFCSHAPEREPRESENTATION(#12,'Body','Brep',(#206));
#2430= IFCPRODUCTDEFINITIONSHAPE($,$,(#2429));
#2431= IFCCARTESIANPOINT((-15220.5832356599,-87808.9964593097,-74.0000070333356));
#2432= IFCAXIS2PLACEMENT3D(#2431,#9,#430);
#2433= IFCLOCALPLACEMENT(#2365,#2432);
#2434= IFCBEAM('10R9gKXazEfepahKpxSaBB',#45,'Kamst\S\el','REBAR8',$,#2433,#2430,'ID406c9a94-864f-4ea6-8ce4-ad4cfb7242cb');
#2435= IFCSHAPEREPRESENTATION(#12,'Body','Brep',(#206));
#2436= IFCPRODUCTDEFINITIONSHAPE($,$,(#2435));
#2437= IFCCARTESIANPOINT((-15220.5832356599,-87408.9964593097,-74.0000070333356));
#2438= IFCAXIS2PLACEMENT3D(#2437,#9,#430);
#2439= IFCLOCALPLACEMENT(#2365,#2438);
#2440= IFCBEAM('15uNtkb4v51BF23sM4432w',#45,'Kamst\S\el','REBAR8',$,#2439,#2436,'ID45e17dee-944e-4504-b3c2-0f65841030ba');
#2441= IFCSHAPEREPRESENTATION(#12,'Body','Brep',(#206));
#2442= IFCPRODUCTDEFINITIONSHAPE($,$,(#2441));
#2443= IFCCARTESIANPOINT((-15220.5832356599,-87008.9964593097,-74.0000070333356));
#2444= IFCAXIS2PLACEMENT3D(#2443,#9,#430);
#2445= IFCLOCALPLACEMENT(#2365,#2444);
#2446= IFCBEAM('0RHaMgD_5C$xG_F7b4FmmF',#45,'Kamst\S\el','REBAR8',$,#2445,#2442,'ID1b4645aa-37e1-4cff-b43e-3c79443f0c0f');
#2447= IFCSHAPEREPRESENTATION(#12,'Body','Brep',(#206));
#2448= IFCPRODUCTDEFINITIONSHAPE($,$,(#2447));
#2449= IFCCARTESIANPOINT((-15220.5832356599,-86608.9964593097,-74.0000070333356));
#2450= IFCAXIS2PLACEMENT3D(#2449,#9,#430);
#2451= IFCLOCALPLACEMENT(#2365,#2450);
#2452= IFCBEAM('1KDOYiXb15QfnF57eKxkQs',#45,'Kamst\S\el','REBAR8',$,#2451,#2448,'ID543588ac-8650-456a-9c4f-147a14eee6b6');
#2453= IFCSHAPEREPRESENTATION(#12,'Body','Brep',(#206));
#2454= IFCPRODUCTDEFINITIONSHAPE($,$,(#2453));
#2455= IFCCARTESIANPOINT((-15220.5832356599,-86208.9964593097,-74.0000070333356));
#2456= IFCAXIS2PLACEMENT3D(#2455,#9,#430);
#2457= IFCLOCALPLACEMENT(#2365,#2456);
#2458= IFCBEAM('1rBpdSSNHD6BTa$sIyhOco',#45,'Kamst\S\el','REBAR8',$,#2457,#2454,'ID752f39dc-7174-4d18-b764-ff64bcad89b2');
#2459= IFCLOCALPLACEMENT(#42,#10);
#2460= IFCELEMENTASSEMBLY('1s5dPi5En1zhfSxuv3Hbsj',#45,'Drager',$,$,#2459,$,'d54',.NOTDEFINED.,.NOTDEFINED.);
#2461= IFCSHAPEREPRESENTATION(#12,'Body','Brep',(#206));
#2462= IFCPRODUCTDEFINITIONSHAPE($,$,(#2461));
#2463= IFCCARTESIANPOINT((-15220.5832356599,-80233.9964593097,-74.0000070333356));
#2464= IFCAXIS2PLACEMENT3D(#2463,#9,#430);
#2465= IFCLOCALPLACEMENT(#2459,#2464);
#2466= IFCBEAM('3SMUq7QoDEh84t$Wzrqyn1',#44,'Kamst\S\el','REBAR8',$,#2465,#2462,'IDdc59ed07-6b23-4eac-8137-fe0f75d3cc41');
#2467= IFCSHAPEREPRESENTATION(#12,'Body','Brep',(#206));
#2468= IFCPRODUCTDEFINITIONSHAPE($,$,(#2467));
#2469= IFCCARTESIANPOINT((-15220.5832356599,-80633.9964593097,-74.0000070333356));
#2470= IFCAXIS2PLACEMENT3D(#2469,#9,#430);
#2471= IFCLOCALPLACEMENT(#2459,#2470);
#2472= IFCBEAM('3OZevCyhTDhh6B7fm95LBT',#44,'Kamst\S\el','REBAR8',$,#2471,#2468,'IDd88e8e4c-f2b7-4dae-b18b-1e9c091552dd');
#2473= IFCSHAPEREPRESENTATION(#12,'Body','Brep',(#206));
#2474= IFCPRODUCTDEFINITIONSHAPE($,$,(#2473));
#2475= IFCCARTESIANPOINT((-15220.5832356599,-81033.9964593097,-74.0000070333356));
#2476= IFCAXIS2PLACEMENT3D(#2475,#9,#430);
#2477= IFCLOCALPLACEMENT(#2459,#2476);
#2478= IFCBEAM('2qydoBnlf9s9a4ZVc0WiW5',#44,'Kamst\S\el','REBAR8',$,#2477,#2474,'IDb4f27c8b-c6fa-49d8-9904-8df98082c805');
#2479= IFCSHAPEREPRESENTATION(#12,'Body','Brep',(#206));
#2480= IFCPRODUCTDEFINITIONSHAPE($,$,(#2479));
#2481= IFCCARTESIANPOINT((-15220.5832356599,-81433.9964593097,-74.0000070333356));
#2482= IFCAXIS2PLACEMENT3D(#2481,#9,#430);
#2483= IFCLOCALPLACEMENT(#2459,#2482);
#2484= IFCBEAM('1Ci1N1Etj1Wf$_ufSEX1V6',#44,'Kamst\S\el','REBAR8',$,#2483,#2480,'ID4cb015c1-3b7b-4182-9ffe-e2970e8417c6');
#2485= IFCSHAPEREPRESENTATION(#12,'Body','Brep',(#206));
#2486= IFCPRODUCTDEFINITIONSHAPE($,$,(#2485));
#2487= IFCCARTESIANPOINT((-15220.5832356599,-81833.9964593097,-74.0000070333356));
#2488= IFCAXIS2PLACEMENT3D(#2487,#9,#430);
#2489= IFCLOCALPLACEMENT(#2459,#2488);
#2490= IFCBEAM('2HFe$dvV1CKBN23JAj35pB',#44,'Kamst\S\el','REBAR8',$,#2489,#2486,'ID913e8fe7-e5f0-4c50-b5c2-0d32ad0c5ccb');
#2491= IFCSHAPEREPRESENTATION(#12,'Body','Brep',(#206));
#2492= IFCPRODUCTDEFINITIONSHAPE($,$,(#2491));
#2493= IFCCARTESIANPOINT((-15220.5832356599,-82233.9964593097,-74.0000070333356));
#2494= IFCAXIS2PLACEMENT3D(#2493,#9,#430);
#2495= IFCLOCALPLACEMENT(#2459,#2494);
#2496= IFCBEAM('3v5xyaLunFzgVXUYbQRPLx',#44,'Kamst\S\el','REBAR8',$,#2495,#2492,'IDf917bf24-578c-4ff6-a7e1-7a295a6d957b');
#2497= IFCSHAPEREPRESENTATION(#12,'Body','Brep',(#206));
#2498= IFCPRODUCTDEFINITIONSHAPE($,$,(#2497));
#2499= IFCCARTESIANPOINT((-15220.5832356599,-82633.9964593097,-74.0000070333356));
#2500= IFCAXIS2PLACEMENT3D(#2499,#9,#430);
#2501= IFCLOCALPLACEMENT(#2459,#2500);
#2502= IFCBEAM('0ZzEg_XWv5L9ERBnVpH5Sj',#44,'Kamst\S\el','REBAR8',$,#2501,#2498,'ID23f4eabe-860e-4554-939b-2f17f344572d');
#2503= IFCSHAPEREPRESENTATION(#12,'Body','Brep',(#206));
#2504= IFCPRODUCTDEFINITIONSHAPE($,$,(#2503));
#2505= IFCCARTESIANPOINT((-15220.5832356599,-85833.9964593097,-74.0000070333356));
#2506= IFCAXIS2PLACEMENT3D(#2505,#9,#430);
#2507= IFCLOCALPLACEMENT(#2459,#2506);
#2508= IFCBEAM('3GoXKTDdLAGQK14NltwmY1',#44,'Kamst\S\el','REBAR8',$,#2507,#2504,'IDd0ca151d-3675-4a41-a501-117bf7eb0881');
#2509= IFCSHAPEREPRESENTATION(#12,'Body','Brep',(#206));
#2510= IFCPRODUCTDEFINITIONSHAPE($,$,(#2509));
#2511= IFCCARTESIANPOINT((-15220.5832356599,-85433.9964593097,-74.0000070333356));
#2512= IFCAXIS2PLACEMENT3D(#2511,#9,#430);
#2513= IFCLOCALPLACEMENT(#2459,#2512);
#2514= IFCBEAM('3BOWhWqoz4sPNgOM0W_tTY',#44,'Kamst\S\el','REBAR8',$,#2513,#2510,'IDcb620ae0-d32f-44d9-95ea-616020fb7762');
#2515= IFCSHAPEREPRESENTATION(#12,'Body','Brep',(#206));
#2516= IFCPRODUCTDEFINITIONSHAPE($,$,(#2515));
#2517= IFCCARTESIANPOINT((-15220.5832356599,-85033.9964593097,-74.0000070333356));
#2518= IFCAXIS2PLACEMENT3D(#2517,#9,#430);
#2519= IFCLOCALPLACEMENT(#2459,#2518);
#2520= IFCBEAM('0LWzQczKnFCw9WR_DnQyqO',#44,'Kamst\S\el','REBAR8',$,#2519,#2516,'ID1583d6a6-f54c-4f33-a260-6fe3716bcd18');
#2521= IFCSHAPEREPRESENTATION(#12,'Body','Brep',(#206));
#2522= IFCPRODUCTDEFINITIONSHAPE($,$,(#2521));
#2523= IFCCARTESIANPOINT((-15220.5832356599,-84633.9964593097,-74.0000070333356));
#2524= IFCAXIS2PLACEMENT3D(#2523,#9,#430);
#2525= IFCLOCALPLACEMENT(#2459,#2524);
#2526= IFCBEAM('1yZ4$A4pLB4RvkvaUJAmTW',#44,'Kamst\S\el','REBAR8',$,#2525,#2522,'ID7c8c4fca-1335-4b11-be6e-e647932b0760');
#2527= IFCSHAPEREPRESENTATION(#12,'Body','Brep',(#206));
#2528= IFCPRODUCTDEFINITIONSHAPE($,$,(#2527));
#2529= IFCCARTESIANPOINT((-15220.5832356599,-84233.9964593097,-74.0000070333356));
#2530= IFCAXIS2PLACEMENT3D(#2529,#9,#430);
#2531= IFCLOCALPLACEMENT(#2459,#2530);
#2532= IFCBEAM('0R7ISUChD8A8jJi4_9IfDr',#44,'Kamst\S\el','REBAR8',$,#2531,#2528,'ID1b1d271e-32b3-4828-8b53-b04f894a9375');
#2533= IFCSHAPEREPRESENTATION(#12,'Body','Brep',(#206));
#2534= IFCPRODUCTDEFINITIONSHAPE($,$,(#2533));
#2535= IFCCARTESIANPOINT((-15220.5832356599,-83833.9964593097,-74.0000070333356));
#2536= IFCAXIS2PLACEMENT3D(#2535,#9,#430);
#2537= IFCLOCALPLACEMENT(#2459,#2536);
#2538= IFCBEAM('0zM6SriBfBp8Nuhvi_lwXw',#44,'Kamst\S\el','REBAR8',$,#2537,#2534,'ID3d586735-b0ba-4bcc-85f8-af9b3ebfa87a');
#2539= IFCSHAPEREPRESENTATION(#12,'Body','Brep',(#206));
#2540= IFCPRODUCTDEFINITIONSHAPE($,$,(#2539));
#2541= IFCCARTESIANPOINT((-15220.5832356599,-83433.9964593097,-74.0000070333356));
#2542= IFCAXIS2PLACEMENT3D(#2541,#9,#430);
#2543= IFCLOCALPLACEMENT(#2459,#2542);
#2544= IFCBEAM('3WBaVmr71FDu1lf$0qM32j',#44,'Kamst\S\el','REBAR8',$,#2543,#2540,'IDe02e47f0-d470-4f37-806f-a7f0345830ad');
#2545= IFCSHAPEREPRESENTATION(#12,'Body','Brep',(#206));
#2546= IFCPRODUCTDEFINITIONSHAPE($,$,(#2545));
#2547= IFCCARTESIANPOINT((-15220.5832356599,-83033.9964593097,-74.0000070333356));
#2548= IFCAXIS2PLACEMENT3D(#2547,#9,#430);
#2549= IFCLOCALPLACEMENT(#2459,#2548);
#2550= IFCBEAM('1AnqGHKW134O0ege7leNuw',#44,'Kamst\S\el','REBAR8',$,#2549,#2546,'ID4ac74411-5200-4311-8028-aa81efa17e3a');
#2551= IFCLOCALPLACEMENT(#42,#10);
#2552= IFCELEMENTASSEMBLY('13tcp7l7D5yBbTVVKK_jbp',#44,'Drager',$,$,#2551,$,'d52',.NOTDEFINED.,.NOTDEFINED.);
#2553= IFCPROPERTYSET('2eul84eOT5IwMJ8deOsrnD',#5,'Tekla Assembly','Assembly Properties',(#48,#49,#50,#612,#52,#53,#2273,#613));
#2554= IFCSHAPEREPRESENTATION(#12,'Body','Brep',(#206));
#2555= IFCPRODUCTDEFINITIONSHAPE($,$,(#2554));
#2556= IFCCARTESIANPOINT((-15150.5829551651,-92054.0033423522,-74.000007033332));
#2557= IFCAXIS2PLACEMENT3D(#2556,#9,#620);
#2558= IFCLOCALPLACEMENT(#2551,#2557);
#2559= IFCBEAM('3U0lo2QQj4QQn7yOsjLVYY',#44,'Kamst\S\el','REBAR8',$,#2558,#2555,'IDde02fc82-69ab-4469-ac47-f18dad55f8a2');
#2560= IFCSHAPEREPRESENTATION(#12,'Body','Brep',(#206));
#2561= IFCPRODUCTDEFINITIONSHAPE($,$,(#2560));
#2562= IFCCARTESIANPOINT((-14850.5829551651,-92054.0033423522,-74.000007033332));
#2563= IFCAXIS2PLACEMENT3D(#2562,#9,#620);
#2564= IFCLOCALPLACEMENT(#2551,#2563);
#2565= IFCBEAM('2h3$1omz99jw4EOTOBW0ys',#44,'Kamst\S\el','REBAR8',$,#2564,#2561,'IDab0ff072-c3d2-49b7-a10e-61d60b800f36');
#2566= IFCSHAPEREPRESENTATION(#12,'Body','Brep',(#206));
#2567= IFCPRODUCTDEFINITIONSHAPE($,$,(#2566));
#2568= IFCCARTESIANPOINT((-14780.5967643401,-92008.9964593097,-74.0000070333356));
#2569= IFCAXIS2PLACEMENT3D(#2568,#9,#7);
#2570= IFCLOCALPLACEMENT(#2551,#2569);
#2571= IFCBEAM('1j4H4dz2LFb9KFBR00uuZL',#44,'Kamst\S\el','REBAR8',$,#2570,#2567,'ID6d111127-f425-4f94-950f-2db000e388d5');
#2572= IFCPLANE(#651);
#2573= IFCHALFSPACESOLID(#2572,.F.);
#2574= IFCBOOLEANCLIPPINGRESULT(.DIFFERENCE.,#648,#2573);
#2575= IFCSHAPEREPRESENTATION(#12,'Body','Clipping',(#2574));
#2576= IFCPRODUCTDEFINITIONSHAPE($,$,(#2575));
#2577= IFCCARTESIANPOINT((-14765.5949743637,-91983.9986823687,-35.0000070333117));
#2578= IFCAXIS2PLACEMENT3D(#2577,#9,#620);
#2579= IFCLOCALPLACEMENT(#2551,#2578);
#2580= IFCBEAM('2EwY60IQ5CzA1A2kb5Ua2z',#44,'Drager','L70*7',$,#2579,#2576,'ID8eea2180-49a1-4cf4-a04a-0ae9457a40bd');
#2581= IFCSHAPEREPRESENTATION(#12,'Body','Brep',(#206));
#2582= IFCPRODUCTDEFINITIONSHAPE($,$,(#2581));
#2583= IFCCARTESIANPOINT((-15220.5832356599,-92008.9964593097,-74.0000070333356));
#2584= IFCAXIS2PLACEMENT3D(#2583,#9,#430);
#2585= IFCLOCALPLACEMENT(#2551,#2584);
#2586= IFCBEAM('3JLvnvQFzFZxz15hQav4DI',#44,'Kamst\S\el','REBAR8',$,#2585,#2582,'IDd3579c79-68ff-4f8f-bf41-16b6a4e44352');
#2587= IFCPLANE(#695);
#2588= IFCHALFSPACESOLID(#2587,.F.);
#2589= IFCBOOLEANCLIPPINGRESULT(.DIFFERENCE.,#691,#2588);
#2590= IFCSHAPEREPRESENTATION(#12,'Body','Clipping',(#2589));
#2591= IFCPRODUCTDEFINITIONSHAPE($,$,(#2590));
#2592= IFCCARTESIANPOINT((-15235.5850256363,-92033.9971564898,-35.0000070333153));
#2593= IFCAXIS2PLACEMENT3D(#2592,#9,#8);
#2594= IFCLOCALPLACEMENT(#2551,#2593);
#2595= IFCBEAM('0$gxzJ72bFfOgbouNfDhrX',#44,'Drager','L70*7',$,#2594,#2591,'ID3fabbf53-1c29-4fa5-8aa5-cb85e936bd61');
#2596= IFCSHAPEREPRESENTATION(#12,'Body','SweptSolid',(#1134));
#2597= IFCPRODUCTDEFINITIONSHAPE($,$,(#2596));
#2598= IFCCARTESIANPOINT((-14765.5949743637,-80034.0002082476,-35.0000070333153));
#2599= IFCAXIS2PLACEMENT3D(#2598,#9,#620);
#2600= IFCLOCALPLACEMENT(#2175,#2599);
#2601= IFCBEAM('1lgymD$QbCNQkJqQeJZw8r',#44,'Drager','L70*7',$,#2600,#2597,'d54');
#2602= IFCSHAPEREPRESENTATION(#12,'Body','SweptSolid',(#1157));
#2603= IFCPRODUCTDEFINITIONSHAPE($,$,(#2602));
#2604= IFCCARTESIANPOINT((-14765.5949743637,-86034.0002082476,-35.0000070333153));
#2605= IFCAXIS2PLACEMENT3D(#2604,#9,#620);
#2606= IFCLOCALPLACEMENT(#2271,#2605);
#2607= IFCBEAM('3aVWp4kx50kuhrvqwz_6o4',#45,'Drager','L70*7',$,#2606,#2603,'d53');
#2608= IFCSHAPEREPRESENTATION(#12,'Body','SweptSolid',(#1134));
#2609= IFCPRODUCTDEFINITIONSHAPE($,$,(#2608));
#2610= IFCCARTESIANPOINT((-15235.5850256363,-86033.9986823687,-35.0000070333153));
#2611= IFCAXIS2PLACEMENT3D(#2610,#9,#8);
#2612= IFCLOCALPLACEMENT(#2459,#2611);
#2613= IFCBEAM('1J7uNNQGz2jPF$JWXA$gYh',#44,'Drager','L70*7',$,#2612,#2609,'d54');
#2614= IFCSHAPEREPRESENTATION(#12,'Body','SweptSolid',(#1157));
#2615= IFCPRODUCTDEFINITIONSHAPE($,$,(#2614));
#2616= IFCCARTESIANPOINT((-15235.5850256363,-91983.9986823687,-35.0000070333153));
#2617= IFCAXIS2PLACEMENT3D(#2616,#9,#8);
#2618= IFCLOCALPLACEMENT(#2365,#2617);
#2619= IFCBEAM('1ZqBAN4VT7PglFvEWYcmdi',#45,'Drager','L70*7',$,#2618,#2615,'d53');
#2620= IFCPLANE(#1192);
#2621= IFCHALFSPACESOLID(#2620,.F.);
#2622= IFCBOOLEANCLIPPINGRESULT(.DIFFERENCE.,#1190,#2621);
#2623= IFCPLANE(#1197);
#2624= IFCHALFSPACESOLID(#2623,.T.);
#2625= IFCBOOLEANCLIPPINGRESULT(.DIFFERENCE.,#2622,#2624);
#2626= IFCSHAPEREPRESENTATION(#12,'Body','Clipping',(#2625));
#2627= IFCPRODUCTDEFINITIONSHAPE($,$,(#2626));
#2628= IFCCARTESIANPOINT((-14800.5851782241,-92069.0051323286,-35.0000070333153));
#2629= IFCAXIS2PLACEMENT3D(#2628,#9,#430);
#2630= IFCLOCALPLACEMENT(#2551,#2629);
#2631= IFCBEAM('3GHNZemsr2qv7ToymyCnK3',#44,'Drager','L70*7',$,#2630,#2627,'d52');
#2632= IFCLOCALPLACEMENT(#42,#10);
#2633= IFCELEMENTASSEMBLY('3xoyJlwNbCHeyMV7SlsrM0',#45,'Drager',$,$,#2632,$,'d44',.NOTDEFINED.,.NOTDEFINED.);
#2634= IFCPROPERTYSINGLEVALUE('Assembly/Cast unit weight',$,IFCMASSMEASURE(54.6),$);
#2635= IFCPROPERTYSINGLEVALUE('Assembly/Cast unit bottom elevation',$,IFCLABEL(' -0.400'),$);
#2636= IFCPROPERTYSINGLEVALUE('Assembly/Cast unit top elevation',$,IFCLABEL(' -0.063'),$);
#2637= IFCPROPERTYSINGLEVALUE('Assembly/Cast unit position code',$,IFCLABEL('210-209/L-K'),$);
#2638= IFCPROPERTYSINGLEVALUE('Assembly/Cast unit Mark',$,IFCLABEL('d44'),$);
#2639= IFCPROPERTYSET('1BL9MiRxXClvpMa7WUwjQc',#5,'Tekla Assembly','Assembly Properties',(#48,#49,#50,#2634,#2635,#2636,#2637,#2638));
#2640= IFCQUANTITYLENGTH('Width',$,$,250.);
#2641= IFCELEMENTQUANTITY('1WV4vjrlj428yIEdAhGI8Q',#5,'BaseQuantities',$,$,(#2640));
#2642= IFCCOLOURRGB($,0.698039215686274,0.4,0.);
#2643= IFCSURFACESTYLERENDERING(#2642,0.,$,$,$,$,IFCNORMALISEDRATIOMEASURE(0.00390625),IFCSPECULAREXPONENT(10.),.NOTDEFINED.);
#2644= IFCSURFACESTYLE('8.8',.POSITIVE.,(#2643));
#2645= IFCPRESENTATIONSTYLEASSIGNMENT((#2644));
#2646= IFCCOLOURRGB($,0.,0.,0.);
#2647= IFCSURFACESTYLERENDERING(#2646,0.,$,$,$,$,IFCNORMALISEDRATIOMEASURE(0.00390625),IFCSPECULAREXPONENT(10.),.NOTDEFINED.);
#2648= IFCSURFACESTYLE($,.POSITIVE.,(#2647));
#2649= IFCPRESENTATIONSTYLEASSIGNMENT((#2648));
#2650= IFCCIRCLEPROFILEDEF(.AREA.,$,#644,9.);
#2651= IFCCARTESIANPOINT((0.,-8.00000000001091,0.));
#2652= IFCAXIS2PLACEMENT3D(#2651,#8,#7);
#2653= IFCEXTRUDEDAREASOLID(#2650,#2652,#9,8.1);
#2654= IFCSTYLEDITEM(#2653,(#2649),$);
#2655= IFCCARTESIANPOINT((0.,0.,-35.));
#2656= IFCCARTESIANTRANSFORMATIONOPERATOR3D($,$,#2655,$,$);
#2657= IFCSHAPEREPRESENTATION(#12,'Body','SweptSolid',(#2653));
#2658= IFCREPRESENTATIONMAP(#10,#2657);
#2659= IFCMAPPEDITEM(#2658,#2656);
#2660= IFCCARTESIANPOINT((70.,0.,-35.));
#2661= IFCCARTESIANTRANSFORMATIONOPERATOR3D($,$,#2660,$,$);
#2662= IFCMAPPEDITEM(#2658,#2661);
#2663= IFCCARTESIANPOINT((0.,0.,35.));
#2664= IFCCARTESIANTRANSFORMATIONOPERATOR3D($,$,#2663,$,$);
#2665= IFCMAPPEDITEM(#2658,#2664);
#2666= IFCCARTESIANPOINT((70.,0.,35.));
#2667= IFCCARTESIANTRANSFORMATIONOPERATOR3D($,$,#2666,$,$);
#2668= IFCMAPPEDITEM(#2658,#2667);
#2669= IFCSHAPEREPRESENTATION(#12,'Body','MappedRepresentation',(#2659,#2662,#2665,#2668));
#2670= IFCPRODUCTDEFINITIONSHAPE($,$,(#2669));
#2671= IFCCARTESIANPOINT((-50750.5880011001,-94189.6320805708,-392.000011324835));
#2672= IFCAXIS2PLACEMENT3D(#2671,#7,#8);
#2673= IFCLOCALPLACEMENT(#2632,#2672);
#2674= IFCMECHANICALFASTENER('29jf_UgcH83eYW9zGTYm96',#45,'Bolt assembly',$,$,#2673,#2670,'ID89b69f9e-aa64-480e-88a0-27d41d8b0246',16.,8.);
#2675= IFCMECHANICALFASTENERTYPE('0RretYvmfBt9zq7ppEG5yZ',#5,'Bolt assembly',$,$,$,$,$,$);
#2676= IFCPROPERTYSINGLEVALUE('Washer count',$,IFCINTEGER(0),$);
#2677= IFCPROPERTYSINGLEVALUE('Washer diameter',$,IFCLENGTHMEASURE(16.),$);
#2678= IFCPROPERTYSINGLEVALUE('Washer type',$,IFCLABEL('7089'),$);
#2679= IFCPROPERTYSINGLEVALUE('Washer name',$,IFCLABEL('Underlagsskive M16-NS-ISO 7089'),$);
#2680= IFCPROPERTYSINGLEVALUE('Nut count',$,IFCINTEGER(0),$);
#2681= IFCPROPERTYSINGLEVALUE('Nut type',$,IFCLABEL('4032'),$);
#2682= IFCPROPERTYSINGLEVALUE('Nut name',$,IFCLABEL('6K-mutter M16-NS-ISO 4032'),$);
#2683= IFCPROPERTYSINGLEVALUE('Slotted hole y',$,IFCLENGTHMEASURE(0.),$);
#2684= IFCPROPERTYSINGLEVALUE('Slotted hole x',$,IFCLENGTHMEASURE(0.),$);
#2685= IFCPROPERTYSINGLEVALUE('Bolt hole diameter',$,IFCLENGTHMEASURE(18.),$);
#2686= IFCPROPERTYSINGLEVALUE('Location',$,IFCLABEL('Site'),$);
#2687= IFCPROPERTYSINGLEVALUE('Bolt count',$,IFCINTEGER(4),$);
#2688= IFCPROPERTYSINGLEVALUE('Bolt size',$,IFCLENGTHMEASURE(18.),$);
#2689= IFCPROPERTYSINGLEVALUE('Bolt length',$,IFCLENGTHMEASURE(8.),$);
#2690= IFCPROPERTYSINGLEVALUE('Bolt standard',$,IFCLABEL('ISO4017'),$);
#2691= IFCPROPERTYSINGLEVALUE('Bolt Name',$,IFCLABEL('6K'),$);
#2692= IFCPROPERTYSET('3Y8DOLY3LDMAnYXAKHh9Jd',#5,'Tekla Bolt','Bolt Properties',(#2676,#2677,#2678,#2679,#2680,#2681,#2682,#2683,#2684,#2685,#2686,#2687,#2688,#2689,#2690,#2691));
#2693= IFCMATERIAL('8.8');
#2694= IFCSURFACESTYLE('Stahl',.POSITIVE.,(#2643));
#2695= IFCPRESENTATIONSTYLEASSIGNMENT((#2694));
#2696= IFCCIRCLEPROFILEDEF(.AREA.,$,#644,7.);
#2697= IFCAXIS2PLACEMENT3D(#6,#8,#7);
#2698= IFCEXTRUDEDAREASOLID(#2696,#2697,#9,8.1);
#2699= IFCSTYLEDITEM(#2698,(#2649),$);
#2700= IFCCARTESIANPOINT((7.5,-4.33012701892219));
#2701= IFCCARTESIANPOINT((7.5,4.33012701892219));
#2702= IFCCARTESIANPOINT((5.30287619362453E-16,8.66025403784439));
#2703= IFCCARTESIANPOINT((-7.5,4.3301270189222));
#2704= IFCCARTESIANPOINT((-7.5,-4.33012701892219));
#2705= IFCCARTESIANPOINT((-9.28271360362162E-15,-8.66025403784439));
#2706= IFCPOLYLINE((#2700,#2701,#2702,#2703,#2704,#2705,#2700));
#2707= IFCARBITRARYCLOSEDPROFILEDEF(.AREA.,$,#2706);
#2708= IFCCARTESIANPOINT((0.,-6.6,0.));
#2709= IFCAXIS2PLACEMENT3D(#2708,#8,#7);
#2710= IFCEXTRUDEDAREASOLID(#2707,#2709,#9,6.6);
#2711= IFCSTYLEDITEM(#2710,(#2695),$);
#2712= IFCCIRCLEPROFILEDEF(.AREA.,$,#644,5.);
#2713= IFCEXTRUDEDAREASOLID(#2712,#2697,#9,80.);
#2714= IFCSTYLEDITEM(#2713,(#2695),$);
#2715= IFCCIRCLEPROFILEDEF(.AREA.,$,#644,0.5);
#2716= IFCCARTESIANPOINT((0.,8.,0.));
#2717= IFCAXIS2PLACEMENT3D(#2716,#8,#7);
#2718= IFCEXTRUDEDAREASOLID(#2715,#2717,#9,1.);
#2719= IFCSTYLEDITEM(#2718,(#2695),$);
#2720= IFCCARTESIANPOINT((0.5,-0.288675134594813));
#2721= IFCCARTESIANPOINT((0.5,0.288675134594813));
#2722= IFCCARTESIANPOINT((3.53525079574969E-17,0.577350269189626));
#2723= IFCCARTESIANPOINT((-0.5,0.288675134594813));
#2724= IFCCARTESIANPOINT((-0.5,-0.288675134594813));
#2725= IFCCARTESIANPOINT((-6.18847573574774E-16,-0.577350269189626));
#2726= IFCPOLYLINE((#2720,#2721,#2722,#2723,#2724,#2725,#2720));
#2727= IFCARBITRARYCLOSEDPROFILEDEF(.AREA.,$,#2726);
#2728= IFCCARTESIANPOINT((0.,9.,0.));
#2729= IFCAXIS2PLACEMENT3D(#2728,#8,#7);
#2730= IFCEXTRUDEDAREASOLID(#2727,#2729,#9,1.);
#2731= IFCSTYLEDITEM(#2730,(#2695),$);
#2732= IFCCARTESIANPOINT((0.577350269189626,0.));
#2733= IFCCARTESIANPOINT((0.288675134594813,0.5));
#2734= IFCCARTESIANPOINT((-0.288675134594813,0.5));
#2735= IFCCARTESIANPOINT((-0.577350269189626,7.07050159149938E-17));
#2736= IFCCARTESIANPOINT((-0.288675134594813,-0.5));
#2737= IFCCARTESIANPOINT((0.288675134594813,-0.5));
#2738= IFCPOLYLINE((#2732,#2733,#2734,#2735,#2736,#2737,#2732));
#2739= IFCARBITRARYCLOSEDPROFILEDEF(.AREA.,$,#2738);
#2740= IFCCARTESIANPOINT((0.,10.,0.));
#2741= IFCAXIS2PLACEMENT3D(#2740,#8,#7);
#2742= IFCEXTRUDEDAREASOLID(#2739,#2741,#9,1.);
#2743= IFCSTYLEDITEM(#2742,(#2695),$);
#2744= IFCCARTESIANPOINT((0.,0.,-95.));
#2745= IFCCARTESIANTRANSFORMATIONOPERATOR3D($,$,#2744,$,$);
#2746= IFCSHAPEREPRESENTATION(#12,'Body','SweptSolid',(#2698,#2710,#2713,#2718,#2730,#2742));
#2747= IFCREPRESENTATIONMAP(#10,#2746);
#2748= IFCMAPPEDITEM(#2747,#2745);
#2749= IFCCARTESIANPOINT((0.,0.,95.));
#2750= IFCCARTESIANTRANSFORMATIONOPERATOR3D($,$,#2749,$,$);
#2751= IFCMAPPEDITEM(#2747,#2750);
#2752= IFCSHAPEREPRESENTATION(#12,'Body','MappedRepresentation',(#2748,#2751));
#2753= IFCPRODUCTDEFINITIONSHAPE($,$,(#2752));
#2754= IFCCARTESIANPOINT((-50750.5880011001,-94154.6320805708,-392.000011324846));
#2755= IFCAXIS2PLACEMENT3D(#2754,#620,#430);
#2756= IFCLOCALPLACEMENT(#2632,#2755);
#2757= IFCMECHANICALFASTENER('0iMhnKK$L9L9r8EKyOl$e4',#44,'Bolt assembly',$,$,#2756,#2753,'ID2c5abc54-53f5-4954-9d48-394f18bffa04',10.,80.);
#2758= IFCPROPERTYSINGLEVALUE('Washer count',$,IFCINTEGER(2),$);
#2759= IFCPROPERTYSINGLEVALUE('Washer diameter',$,IFCLENGTHMEASURE(10.),$);
#2760= IFCPROPERTYSINGLEVALUE('Washer type',$,IFCLABEL('DUMMY_S'),$);
#2761= IFCPROPERTYSINGLEVALUE('Washer name',$,IFCLABEL('DUMMY_S10'),$);
#2762= IFCPROPERTYSINGLEVALUE('Nut count',$,IFCINTEGER(4),$);
#2763= IFCPROPERTYSINGLEVALUE('Nut type',$,IFCLABEL('DUMMY_M'),$);
#2764= IFCPROPERTYSINGLEVALUE('Nut name',$,IFCLABEL('DUMMY_M10'),$);
#2765= IFCPROPERTYSINGLEVALUE('Bolt hole diameter',$,IFCLENGTHMEASURE(14.),$);
#2766= IFCPROPERTYSINGLEVALUE('Bolt count',$,IFCINTEGER(2),$);
#2767= IFCPROPERTYSINGLEVALUE('Bolt size',$,IFCLENGTHMEASURE(10.),$);
#2768= IFCPROPERTYSINGLEVALUE('Bolt length',$,IFCLENGTHMEASURE(80.),$);
#2769= IFCPROPERTYSINGLEVALUE('Bolt standard',$,IFCLABEL('HILTI'),$);
#2770= IFCPROPERTYSINGLEVALUE('Bolt Name',$,IFCLABEL('10X80 25/5/_ #2293595'),$);
#2771= IFCPROPERTYSET('1x3fzuVpb1nwNVJGOjA7Mq',#5,'Tekla Bolt','Bolt Properties',(#2758,#2759,#2760,#2761,#2762,#2763,#2764,#2683,#2684,#2765,#2686,#2766,#2767,#2768,#2769,#2770));
#2772= IFCMATERIAL('Stahl');
#2773= IFCCOLOURRGB('Light Magenta',0.686274509803922,0.505882352941176,0.752941176470588);
#2774= IFCSURFACESTYLERENDERING(#2773,0.,$,$,$,$,IFCNORMALISEDRATIOMEASURE(0.00390625),IFCSPECULAREXPONENT(10.),.NOTDEFINED.);
#2775= IFCSURFACESTYLE('STEEL/S355J2',.POSITIVE.,(#2774));
#2776= IFCPRESENTATIONSTYLEASSIGNMENT((#2775));
#2777= IFCCARTESIANPOINT((0.,-125.));
#2778= IFCCARTESIANPOINT((0.,125.));
#2779= IFCCARTESIANPOINT((110.,125.));
#2780= IFCCARTESIANPOINT((110.,-125.));
#2781= IFCPOLYLINE((#2777,#2778,#2779,#2780,#2777));
#2782= IFCARBITRARYCLOSEDPROFILEDEF(.AREA.,'FL8*110',#2781);
#2783= IFCAXIS2PLACEMENT3D(#70,#9,#7);
#2784= IFCEXTRUDEDAREASOLID(#2782,#2783,#9,8.);
#2785= IFCSHAPEREPRESENTATION(#12,'Body','SweptSolid',(#2784));
#2786= IFCSTYLEDITEM(#2784,(#2776),$);
#2787= IFCPRODUCTDEFINITIONSHAPE($,$,(#2785));
#2788= IFCCARTESIANPOINT((-50805.5880011001,-94154.6320805708,-396.000011324846));
#2789= IFCAXIS2PLACEMENT3D(#2788,#9,#7);
#2790= IFCLOCALPLACEMENT(#2632,#2789);
#2791= IFCPLATE('1tD_VmEQL7VBt2cYCGLpvv',#45,'Fladst\S\el','FL8*110',$,#2790,#2787,'ID7737e7f0-39a5-477c-bdc2-9a2310573e79');
#2792= IFCPLATETYPE('2gtjKkTjD4QPbvNlzYtWRJ',#5,'FL8*110',$,$,$,$,$,$,.NOTDEFINED.);
#2793= IFCPROPERTYSINGLEVALUE('Bottom elevation',$,IFCLABEL(' -0.400'),$);
#2794= IFCPROPERTYSINGLEVALUE('Top elevation',$,IFCLABEL(' -0.392'),$);
#2795= IFCPROPERTYSINGLEVALUE('Class',$,IFCLABEL('12'),$);
#2796= IFCPROPERTYSET('2Y5Yr66lH4VP5duBz_6J7s',#5,'Tekla Common','Common Properties to Shared building elements',(#217,#2793,#2794,#220,#221,#222,#2795));
#2797= IFCPROPERTYSINGLEVALUE('Weight',$,IFCMASSMEASURE(1.73),$);
#2798= IFCPROPERTYSINGLEVALUE('Gross footprint area',$,IFCAREAMEASURE(0.028),$);
#2799= IFCPROPERTYSINGLEVALUE('Area per tons',$,IFCAREAMEASURE(35.182),$);
#2800= IFCPROPERTYSINGLEVALUE('Net surface area',$,IFCAREAMEASURE(0.061),$);
#2801= IFCPROPERTYSINGLEVALUE('Height',$,IFCLENGTHMEASURE(110.),$);
#2802= IFCPROPERTYSINGLEVALUE('Length',$,IFCLENGTHMEASURE(250.),$);
#2803= IFCPROPERTYSET('3VutOqq8nFFvJ9iqkC6Qek',#5,'Tekla Quantity','Quantity Properties to Shared building elements',(#2797,#226,#2798,#2799,#2800,#2801,#231,#2802));
#2804= IFCPROPERTYSINGLEVALUE('Reference',$,IFCIDENTIFIER('F119'),$);
#2805= IFCPROPERTYSET('0vbELw2cb2DRI5QFVtCIvC',#5,'Pset_PlateCommon','Common Properties to plate elements',(#234,#2804));
#2806= IFCQUANTITYLENGTH('Width',$,$,110.);
#2807= IFCQUANTITYAREA('NetArea',$,$,0.06076);
#2808= IFCQUANTITYAREA('GrossArea',$,$,0.06076);
#2809= IFCQUANTITYAREA('CrossSectionArea',$,$,0.002);
#2810= IFCQUANTITYVOLUME('NetVolume',$,$,0.000219999999999985);
#2811= IFCQUANTITYVOLUME('GrossVolume',$,$,0.000219999999999985);
#2812= IFCELEMENTQUANTITY('2rcQtm3E9FoRf9ttMvWRpI',#5,'BaseQuantities',$,$,(#2806,#2807,#2808,#2809,#2810,#2811));
#2813= IFCSHAPEREPRESENTATION(#12,'Body','MappedRepresentation',(#2659,#2662,#2665,#2668));
#2814= IFCPRODUCTDEFINITIONSHAPE($,$,(#2813));
#2815= IFCCARTESIANPOINT((-52250.5880011001,-94189.6320805708,-392.000011324835));
#2816= IFCAXIS2PLACEMENT3D(#2815,#7,#8);
#2817= IFCLOCALPLACEMENT(#2632,#2816);
#2818= IFCMECHANICALFASTENER('3uw1VL$wjB4wd9vM3pEV5t',#45,'Bolt assembly',$,$,#2817,#2814,'IDf8e817d5-ffab-4b13-a9c9-e560f339f177',16.,8.);
#2819= IFCSHAPEREPRESENTATION(#12,'Body','MappedRepresentation',(#2748,#2751));
#2820= IFCPRODUCTDEFINITIONSHAPE($,$,(#2819));
#2821= IFCCARTESIANPOINT((-52250.5880011001,-94154.6320805708,-392.000011324846));
#2822= IFCAXIS2PLACEMENT3D(#2821,#620,#430);
#2823= IFCLOCALPLACEMENT(#2632,#2822);
#2824= IFCMECHANICALFASTENER('2ObO1ufLTAfx14ZCKPRJ2Q',#44,'Bolt assembly',$,$,#2823,#2820,'ID98958078-a557-4aa7-b044-8cc5196d309a',10.,80.);
#2825= IFCSHAPEREPRESENTATION(#12,'Body','SweptSolid',(#2784));
#2826= IFCPRODUCTDEFINITIONSHAPE($,$,(#2825));
#2827= IFCCARTESIANPOINT((-52305.5880011001,-94154.6320805708,-396.000011324846));
#2828= IFCAXIS2PLACEMENT3D(#2827,#9,#7);
#2829= IFCLOCALPLACEMENT(#2632,#2828);
#2830= IFCPLATE('2rqIcMREf3Yg0Z8WE0LOdr',#45,'Fladst\S\el','FL8*110',$,#2829,#2826,'IDb5d12996-6cea-438a-a023-2203805589f5');
#2831= IFCQUANTITYVOLUME('NetVolume',$,$,0.00022);
#2832= IFCQUANTITYVOLUME('GrossVolume',$,$,0.00022);
#2833= IFCELEMENTQUANTITY('3igp3twlfC7B9l9ZG$z0gQ',#5,'BaseQuantities',$,$,(#2806,#2807,#2808,#2809,#2831,#2832));
#2834= IFCEXTRUDEDAREASOLID(#2650,#2697,#9,8.1);
#2835= IFCSTYLEDITEM(#2834,(#2649),$);
#2836= IFCSHAPEREPRESENTATION(#12,'Body','SweptSolid',(#2834));
#2837= IFCREPRESENTATIONMAP(#10,#2836);
#2838= IFCMAPPEDITEM(#2837,#2656);
#2839= IFCMAPPEDITEM(#2837,#2661);
#2840= IFCMAPPEDITEM(#2837,#2664);
#2841= IFCMAPPEDITEM(#2837,#2667);
#2842= IFCSHAPEREPRESENTATION(#12,'Body','MappedRepresentation',(#2838,#2839,#2840,#2841));
#2843= IFCPRODUCTDEFINITIONSHAPE($,$,(#2842));
#2844= IFCCARTESIANPOINT((-50750.5880011001,-94189.6320805708,-177.000007033331));
#2845= IFCAXIS2PLACEMENT3D(#2844,#7,#8);
#2846= IFCLOCALPLACEMENT(#2632,#2845);
#2847= IFCMECHANICALFASTENER('3OYVHn1zT0fBPwglf1YV_T',#44,'Bolt assembly',$,$,#2846,#2843,'IDd889f471-07d7-40a4-b67a-aafa4189ff9d',16.,8.);
#2848= IFCSHAPEREPRESENTATION(#12,'Body','MappedRepresentation',(#2838,#2839,#2840,#2841));
#2849= IFCPRODUCTDEFINITIONSHAPE($,$,(#2848));
#2850= IFCCARTESIANPOINT((-52250.5880011001,-94189.6320805708,-177.000007033331));
#2851= IFCAXIS2PLACEMENT3D(#2850,#7,#8);
#2852= IFCLOCALPLACEMENT(#2632,#2851);
#2853= IFCMECHANICALFASTENER('1BND47SCfBxAVEe4HijhqH',#44,'Bolt assembly',$,$,#2852,#2849,'ID4b5cd107-70ca-4bec-a7ce-a0446cb6bd11',16.,8.);
#2854= IFCCOLOURRGB('Light Gray',0.615686274509804,0.615686274509804,0.611764705882353);
#2855= IFCSURFACESTYLERENDERING(#2854,0.,$,$,$,$,IFCNORMALISEDRATIOMEASURE(0.00390625),IFCSPECULAREXPONENT(10.),.NOTDEFINED.);
#2856= IFCSURFACESTYLE('STEEL/S355J2',.POSITIVE.,(#2855));
#2857= IFCPRESENTATIONSTYLEASSIGNMENT((#2856));
#2858= IFCCARTESIANPOINT((0.,25.));
#2859= IFCCARTESIANPOINT((25.,9.9475983006414E-14));
#2860= IFCCARTESIANPOINT((50.,9.9475983006414E-14));
#2861= IFCCARTESIANPOINT((50.,97.9999999999997));
#2862= IFCCARTESIANPOINT((25.,97.9999999999997));
#2863= IFCCARTESIANPOINT((0.,72.9999999999998));
#2864= IFCPOLYLINE((#2858,#2859,#2860,#2861,#2862,#2863,#2858));
#2865= IFCARBITRARYCLOSEDPROFILEDEF(.AREA.,'FL8*50',#2864);
#2866= IFCEXTRUDEDAREASOLID(#2865,#2783,#9,8.);
#2867= IFCSHAPEREPRESENTATION(#12,'Body','SweptSolid',(#2866));
#2868= IFCSTYLEDITEM(#2866,(#2857),$);
#2869= IFCPRODUCTDEFINITIONSHAPE($,$,(#2867));
#2870= IFCCARTESIANPOINT((-50750.5880011001,-94152.1320805708,-71.000007033319));
#2871= IFCAXIS2PLACEMENT3D(#2870,#430,#8);
#2872= IFCLOCALPLACEMENT(#2632,#2871);
#2873= IFCPLATE('2H6DOdeaP85PBUF3lgHYCa',#44,'Afstivning','FL8*50',$,#2872,#2869,'ID9118d627-a246-4815-92de-3c3bea462324');
#2874= IFCPLATETYPE('1mVBNmnTHAbxlnzeThyuOQ',#5,'FL8*50',$,$,$,$,$,$,.NOTDEFINED.);
#2875= IFCPROPERTYSINGLEVALUE('Bottom elevation',$,IFCLABEL(' -0.169'),$);
#2876= IFCPROPERTYSINGLEVALUE('Top elevation',$,IFCLABEL(' -0.071'),$);
#2877= IFCPROPERTYSINGLEVALUE('Class',$,IFCLABEL('99'),$);
#2878= IFCPROPERTYSET('36dLKRF8r8ARglrsaUltPt',#5,'Tekla Common','Common Properties to Shared building elements',(#217,#2875,#2876,#220,#221,#222,#2877));
#2879= IFCPROPERTYSINGLEVALUE('Weight',$,IFCMASSMEASURE(0.27),$);
#2880= IFCPROPERTYSINGLEVALUE('Area per tons',$,IFCAREAMEASURE(39.795),$);
#2881= IFCPROPERTYSINGLEVALUE('Net surface area',$,IFCAREAMEASURE(0.011),$);
#2882= IFCPROPERTYSINGLEVALUE('Height',$,IFCLENGTHMEASURE(50.),$);
#2883= IFCPROPERTYSINGLEVALUE('Length',$,IFCLENGTHMEASURE(98.),$);
#2884= IFCPROPERTYSET('3JekSbl1H8LulRrqomGen7',#5,'Tekla Quantity','Quantity Properties to Shared building elements',(#2879,#226,#227,#2880,#2881,#2882,#231,#2883));
#2885= IFCPROPERTYSINGLEVALUE('Reference',$,IFCIDENTIFIER('A13'),$);
#2886= IFCPROPERTYSET('2wQxNI9D94whFSFHy558nn',#5,'Pset_PlateCommon','Common Properties to plate elements',(#234,#2885));
#2887= IFCQUANTITYLENGTH('Width',$,$,50.);
#2888= IFCQUANTITYAREA('NetArea',$,$,0.0106836854249492);
#2889= IFCQUANTITYAREA('GrossArea',$,$,0.0049);
#2890= IFCQUANTITYAREA('CrossSectionArea',$,$,6.4E-05);
#2891= IFCQUANTITYVOLUME('NetVolume',$,$,3.42E-05);
#2892= IFCQUANTITYVOLUME('GrossVolume',$,$,3.42E-05);
#2893= IFCELEMENTQUANTITY('1w0zpJxDPBZum8QgrySTpS',#5,'BaseQuantities',$,$,(#2887,#2888,#2889,#2890,#2891,#2892));
#2894= IFCSHAPEREPRESENTATION(#12,'Body','SweptSolid',(#2866));
#2895= IFCPRODUCTDEFINITIONSHAPE($,$,(#2894));
#2896= IFCCARTESIANPOINT((-50750.5880011001,-94157.1320805708,-71.000007033319));
#2897= IFCAXIS2PLACEMENT3D(#2896,#7,#620);
#2898= IFCLOCALPLACEMENT(#2632,#2897);
#2899= IFCPLATE('0Bq$BGvOj39xRWS7O0jkNb',#44,'Afstivning','FL8*50',$,#2898,#2895,'ID0bd3f2d0-e58b-4327-b6e0-707600b6e5e5');
#2900= IFCSHAPEREPRESENTATION(#12,'Body','SweptSolid',(#2866));
#2901= IFCPRODUCTDEFINITIONSHAPE($,$,(#2900));
#2902= IFCCARTESIANPOINT((-52250.5880011001,-94152.1320805708,-71.000007033319));
#2903= IFCAXIS2PLACEMENT3D(#2902,#430,#8);
#2904= IFCLOCALPLACEMENT(#2632,#2903);
#2905= IFCPLATE('2oi89TOqX7BBfWwiji_1hw',#44,'Afstivning','FL8*50',$,#2904,#2901,'IDb2b0825d-6348-472c-ba60-eacb6cf81afa');
#2906= IFCSHAPEREPRESENTATION(#12,'Body','SweptSolid',(#2866));
#2907= IFCPRODUCTDEFINITIONSHAPE($,$,(#2906));
#2908= IFCCARTESIANPOINT((-52250.5880011001,-94157.1320805708,-71.000007033319));
#2909= IFCAXIS2PLACEMENT3D(#2908,#7,#620);
#2910= IFCLOCALPLACEMENT(#2632,#2909);
#2911= IFCPLATE('01pjcmwOv8bOkkxHftHxsu',#44,'Afstivning','FL8*50',$,#2910,#2907,'ID01ced9b0-e98e-4895-8bae-ed1a7747bdb8');
#2912= IFCSURFACESTYLE('STEEL/S355J2H',.POSITIVE.,(#639));
#2913= IFCPRESENTATIONSTYLEASSIGNMENT((#2912));
#2914= IFCRECTANGLEHOLLOWPROFILEDEF(.AREA.,'RHS100X100X6',#644,100.,100.,6.,6.,12.);
#2915= IFCCARTESIANPOINT((223.000004291534,0.,0.));
#2916= IFCAXIS2PLACEMENT3D(#2915,#430,#620);
#2917= IFCEXTRUDEDAREASOLID(#2914,#2916,#9,223.);
#2918= IFCCARTESIANPOINT((215.000004291527,0.,-50.));
#2919= IFCAXIS2PLACEMENT3D(#2918,#430,#8);
#2920= IFCPLANE(#2919);
#2921= IFCHALFSPACESOLID(#2920,.T.);
#2922= IFCBOOLEANCLIPPINGRESULT(.DIFFERENCE.,#2917,#2921);
#2923= IFCSHAPEREPRESENTATION(#12,'Body','Clipping',(#2922));
#2924= IFCSTYLEDITEM(#2917,(#2913),$);
#2925= IFCPRODUCTDEFINITIONSHAPE($,$,(#2923));
#2926= IFCCARTESIANPOINT((-50750.5880011001,-94154.6320805708,-177.000007033319));
#2927= IFCDIRECTION((0.,0.,-1.));
#2928= IFCAXIS2PLACEMENT3D(#2926,#7,#2927);
#2929= IFCLOCALPLACEMENT(#2632,#2928);
#2930= IFCBEAM('1skmOyHyPElg7jN_sI$OED',#45,'Konsol','RHS100X100X6',$,#2929,#2925,'ID76bb063c-47c6-4ebe-a1ed-5fed92fd838d');
#2931= IFCBEAMTYPE('21M183Rf51kfxI7fX3071A',#5,'RHS100X100X6',$,$,$,$,$,$,.NOTDEFINED.);
#2932= IFCPROPERTYSINGLEVALUE('Bottom elevation',$,IFCLABEL(' -0.392'),$);
#2933= IFCPROPERTYSINGLEVALUE('Top elevation',$,IFCLABEL(' -0.177'),$);
#2934= IFCPROPERTYSET('1cNCeTXZvAcwVJYze6wqct',#5,'Tekla Common','Common Properties to Shared building elements',(#217,#2932,#2933,#220,#221,#222,#665));
#2935= IFCPROPERTYSINGLEVALUE('Weight',$,IFCMASSMEASURE(3.64),$);
#2936= IFCPROPERTYSINGLEVALUE('Gross footprint area',$,IFCAREAMEASURE(0.002),$);
#2937= IFCPROPERTYSINGLEVALUE('Area per tons',$,IFCAREAMEASURE(23.285),$);
#2938= IFCPROPERTYSINGLEVALUE('Net surface area',$,IFCAREAMEASURE(0.085),$);
#2939= IFCPROPERTYSINGLEVALUE('Height',$,IFCLENGTHMEASURE(100.),$);
#2940= IFCPROPERTYSINGLEVALUE('Width',$,IFCLENGTHMEASURE(100.),$);
#2941= IFCPROPERTYSINGLEVALUE('Length',$,IFCLENGTHMEASURE(215.),$);
#2942= IFCPROPERTYSET('26AyoRDyzCI8m8RSFkQtz7',#5,'Tekla Quantity','Quantity Properties to Shared building elements',(#2935,#226,#2936,#2937,#2938,#2939,#2940,#2941));
#2943= IFCPROPERTYSINGLEVALUE('Reference',$,IFCIDENTIFIER('W1'),$);
#2944= IFCPROPERTYSET('0bdC1dBFzFB8jUpjbmF$64',#5,'Pset_BeamCommon','Common Properties to beam elements',(#234,#2943));
#2945= IFCQUANTITYLENGTH('Length',$,$,215.000004291527);
#2946= IFCQUANTITYAREA('OuterSurfaceArea',$,$,0.0846751412452675);
#2947= IFCQUANTITYVOLUME('NetVolume',$,$,0.000463247283643012);
#2948= IFCQUANTITYWEIGHT('NetWeight',$,$,3.63649117659765);
#2949= IFCELEMENTQUANTITY('0_Vcl9eP92fByQ5MuMk$jX',#5,'BaseQuantities',$,$,(#2945,#2946,#2947,#2948));
#2950= IFCMATERIAL('STEEL/S355J2H');
#2951= IFCPLANE(#2919);
#2952= IFCHALFSPACESOLID(#2951,.T.);
#2953= IFCBOOLEANCLIPPINGRESULT(.DIFFERENCE.,#2917,#2952);
#2954= IFCSHAPEREPRESENTATION(#12,'Body','Clipping',(#2953));
#2955= IFCPRODUCTDEFINITIONSHAPE($,$,(#2954));
#2956= IFCCARTESIANPOINT((-52250.5880011001,-94154.6320805708,-177.000007033319));
#2957= IFCAXIS2PLACEMENT3D(#2956,#7,#2927);
#2958= IFCLOCALPLACEMENT(#2632,#2957);
#2959= IFCBEAM('2LpvQ9X_D56RRZO$Idjiv9',#45,'Konsol','RHS100X100X6',$,#2958,#2955,'ID95cf9689-87e3-4519-b6e3-63f4a7b6ce49');
#2960= IFCQUANTITYAREA('OuterSurfaceArea',$,$,0.0846751412452661);
#2961= IFCQUANTITYVOLUME('NetVolume',$,$,0.000463247283642828);
#2962= IFCQUANTITYWEIGHT('NetWeight',$,$,3.6364911765962);
#2963= IFCELEMENTQUANTITY('3NAYFIPRj0fhzi5BFeA4X1',#5,'BaseQuantities',$,$,(#2945,#2960,#2961,#2962));
#2964= IFCISHAPEPROFILEDEF(.AREA.,'HEA120',#644,120.,114.,5.,8.,12.);
#2965= IFCCARTESIANPOINT((2150.,0.,0.));
#2966= IFCAXIS2PLACEMENT3D(#2965,#430,#620);
#2967= IFCEXTRUDEDAREASOLID(#2964,#2966,#9,2150.);
#2968= IFCDIRECTION((-0.915788208858489,0.,0.401661494937914));
#2969= IFCCARTESIANPOINT((49.9999999781576,60.,57.));
#2970= IFCAXIS2PLACEMENT3D(#2969,#2968,#620);
#2971= IFCPLANE(#2970);
#2972= IFCHALFSPACESOLID(#2971,.F.);
#2973= IFCBOOLEANCLIPPINGRESULT(.DIFFERENCE.,#2967,#2972);
#2974= IFCDIRECTION((0.915788208858491,0.,0.401661494937911));
#2975= IFCCARTESIANPOINT((2100.00000002184,60.,57.));
#2976= IFCDIRECTION((0.401661494937911,0.,-0.915788208858491));
#2977= IFCAXIS2PLACEMENT3D(#2975,#2974,#2976);
#2978= IFCPLANE(#2977);
#2979= IFCHALFSPACESOLID(#2978,.F.);
#2980= IFCBOOLEANCLIPPINGRESULT(.DIFFERENCE.,#2973,#2979);
#2981= IFCSHAPEREPRESENTATION(#12,'Body','Clipping',(#2980));
#2982= IFCSTYLEDITEM(#2967,(#641),$);
#2983= IFCPRODUCTDEFINITIONSHAPE($,$,(#2981));
#2984= IFCCARTESIANPOINT((-50425.5880011001,-94154.6320805708,-120.000007033319));
#2985= IFCAXIS2PLACEMENT3D(#2984,#2927,#430);
#2986= IFCLOCALPLACEMENT(#2632,#2985);
#2987= IFCBEAM('1x0H5khUX6bRAEbfQf$he8',#44,'Drager','HEA120',$,#2986,#2983,'d44');
#2988= IFCBEAMTYPE('1cC6zejuf80eLRTswBfVxH',#5,'HEA120',$,$,$,$,$,$,.NOTDEFINED.);
#2989= IFCPROPERTYSINGLEVALUE('Bottom elevation',$,IFCLABEL(' -0.177'),$);
#2990= IFCPROPERTYSINGLEVALUE('Top elevation',$,IFCLABEL(' -0.063'),$);
#2991= IFCPROPERTYSET('1gEOeR9ln9NRgjS9Z94XRl',#5,'Tekla Common','Common Properties to Shared building elements',(#217,#2989,#2990,#220,#221,#222,#665));
#2992= IFCPROPERTYSINGLEVALUE('Weight',$,IFCMASSMEASURE(42.77),$);
#2993= IFCPROPERTYSINGLEVALUE('Volume',$,IFCVOLUMEMEASURE(0.005),$);
#2994= IFCPROPERTYSINGLEVALUE('Gross footprint area',$,IFCAREAMEASURE(0.258),$);
#2995= IFCPROPERTYSINGLEVALUE('Area per tons',$,IFCAREAMEASURE(34.034),$);
#2996= IFCPROPERTYSINGLEVALUE('Net surface area',$,IFCAREAMEASURE(1.427),$);
#2997= IFCPROPERTYSINGLEVALUE('Height',$,IFCLENGTHMEASURE(114.),$);
#2998= IFCPROPERTYSINGLEVALUE('Width',$,IFCLENGTHMEASURE(120.),$);
#2999= IFCPROPERTYSINGLEVALUE('Length',$,IFCLENGTHMEASURE(2150.),$);
#3000= IFCPROPERTYSET('2H2J25r9j0CB8blSZA$WnP',#5,'Tekla Quantity','Quantity Properties to Shared building elements',(#2992,#2993,#2994,#2995,#2996,#2997,#2998,#2999));
#3001= IFCPROPERTYSINGLEVALUE('Reference',$,IFCIDENTIFIER('d44'),$);
#3002= IFCPROPERTYSET('2_qual0hP42wWZFnmyrn3M',#5,'Pset_BeamCommon','Common Properties to beam elements',(#234,#3001));
#3003= IFCQUANTITYLENGTH('Length',$,$,2150.);
#3004= IFCQUANTITYAREA('OuterSurfaceArea',$,$,1.45555);
#3005= IFCQUANTITYVOLUME('NetVolume',$,$,0.00534481224048224);
#3006= IFCQUANTITYWEIGHT('NetWeight',$,$,41.9567760877856);
#3007= IFCELEMENTQUANTITY('2bgPkKfqL4vfpzNPB1F5JV',#5,'BaseQuantities',$,$,(#3003,#3004,#3005,#3006));
#3008= IFCLOCALPLACEMENT(#42,#10);
#3009= IFCELEMENTASSEMBLY('09ulp71_r2nfYgLjtCSw0r',#45,'Drager',$,$,#3008,$,'d44',.NOTDEFINED.,.NOTDEFINED.);
#3010= IFCPROPERTYSINGLEVALUE('Assembly/Cast unit position code',$,IFCLABEL('205-204/I-H'),$);
#3011= IFCPROPERTYSET('2X9eQf6in5D9h28fBJwckO',#5,'Tekla Assembly','Assembly Properties',(#48,#49,#50,#2634,#2635,#2636,#3010,#2638));
#3012= IFCSHAPEREPRESENTATION(#12,'Body','MappedRepresentation',(#2659,#2662,#2665,#2668));
#3013= IFCPRODUCTDEFINITIONSHAPE($,$,(#3012));
#3014= IFCCARTESIANPOINT((-25830.5880011001,-65869.6320805708,-392.000011324835));
#3015= IFCAXIS2PLACEMENT3D(#3014,#7,#8);
#3016= IFCLOCALPLACEMENT(#3008,#3015);
#3017= IFCMECHANICALFASTENER('1OVq9jv8r4tOvmh0SnFayx',#45,'Bolt assembly',$,$,#3016,#3013,'ID587f426d-e48d-44dd-8e70-ac07313e4f3b',16.,8.);
#3018= IFCSHAPEREPRESENTATION(#12,'Body','MappedRepresentation',(#2659,#2662,#2665,#2668));
#3019= IFCPRODUCTDEFINITIONSHAPE($,$,(#3018));
#3020= IFCCARTESIANPOINT((-27330.5880011001,-65869.6320805708,-392.000011324835));
#3021= IFCAXIS2PLACEMENT3D(#3020,#7,#8);
#3022= IFCLOCALPLACEMENT(#3008,#3021);
#3023= IFCMECHANICALFASTENER('223nvXjXXAEPCYsmQ_cJh2',#45,'Bolt assembly',$,$,#3022,#3019,'ID820f1e61-b618-4a39-9322-db06be993ac2',16.,8.);
#3024= IFCSHAPEREPRESENTATION(#12,'Body','MappedRepresentation',(#2838,#2839,#2840,#2841));
#3025= IFCPRODUCTDEFINITIONSHAPE($,$,(#3024));
#3026= IFCCARTESIANPOINT((-25830.5880011001,-65869.6320805708,-177.000007033331));
#3027= IFCAXIS2PLACEMENT3D(#3026,#7,#8);
#3028= IFCLOCALPLACEMENT(#3008,#3027);
#3029= IFCMECHANICALFASTENER('0BgA6vF$bFWuLsOyLbQQC2',#44,'Bolt assembly',$,$,#3028,#3025,'ID0ba8a1b9-3ff9-4f83-8576-63c56569a302',16.,8.);
#3030= IFCSHAPEREPRESENTATION(#12,'Body','MappedRepresentation',(#2838,#2839,#2840,#2841));
#3031= IFCPRODUCTDEFINITIONSHAPE($,$,(#3030));
#3032= IFCCARTESIANPOINT((-27330.5880011001,-65869.6320805708,-177.000007033331));
#3033= IFCAXIS2PLACEMENT3D(#3032,#7,#8);
#3034= IFCLOCALPLACEMENT(#3008,#3033);
#3035= IFCMECHANICALFASTENER('0pI_EzM0HFluGPWXsnAIju',#44,'Bolt assembly',$,$,#3034,#3031,'ID334be3bd-5804-4fbf-8419-821db1292b78',16.,8.);
#3036= IFCSHAPEREPRESENTATION(#12,'Body','MappedRepresentation',(#2748,#2751));
#3037= IFCPRODUCTDEFINITIONSHAPE($,$,(#3036));
#3038= IFCCARTESIANPOINT((-25830.5880011001,-65834.6320805708,-392.000011324846));
#3039= IFCAXIS2PLACEMENT3D(#3038,#620,#430);
#3040= IFCLOCALPLACEMENT(#3008,#3039);
#3041= IFCMECHANICALFASTENER('3QLcI4xpbElPIyhXyQwYN2',#44,'Bolt assembly',$,$,#3040,#3037,'IDda566484-ef39-4ebd-94bc-ae1f1aea25c2',10.,80.);
#3042= IFCSHAPEREPRESENTATION(#12,'Body','SweptSolid',(#2784));
#3043= IFCPRODUCTDEFINITIONSHAPE($,$,(#3042));
#3044= IFCCARTESIANPOINT((-25885.5880011001,-65834.6320805708,-396.000011324846));
#3045= IFCAXIS2PLACEMENT3D(#3044,#9,#7);
#3046= IFCLOCALPLACEMENT(#3008,#3045);
#3047= IFCPLATE('1iRZEjF2v42wJGr4Jou9ai',#45,'Fladst\S\el','FL8*110',$,#3046,#3043,'ID6c6e33ad-3c2e-440b-a4d0-d444f2e0992c');
#3048= IFCSHAPEREPRESENTATION(#12,'Body','MappedRepresentation',(#2748,#2751));
#3049= IFCPRODUCTDEFINITIONSHAPE($,$,(#3048));
#3050= IFCCARTESIANPOINT((-27330.5880011001,-65834.6320805708,-392.000011324846));
#3051= IFCAXIS2PLACEMENT3D(#3050,#620,#430);
#3052= IFCLOCALPLACEMENT(#3008,#3051);
#3053= IFCMECHANICALFASTENER('3dTW14ucv4pfaP5f7kvmxg',#44,'Bolt assembly',$,$,#3052,#3049,'IDe7760044-e26e-44ce-9919-1691eee70eea',10.,80.);
#3054= IFCSHAPEREPRESENTATION(#12,'Body','SweptSolid',(#2784));
#3055= IFCPRODUCTDEFINITIONSHAPE($,$,(#3054));
#3056= IFCCARTESIANPOINT((-27385.5880011001,-65834.6320805708,-396.000011324846));
#3057= IFCAXIS2PLACEMENT3D(#3056,#9,#7);
#3058= IFCLOCALPLACEMENT(#3008,#3057);
#3059= IFCPLATE('1AZ3k940XEqAe3Eh_KhcHq',#45,'Fladst\S\el','FL8*110',$,#3058,#3055,'ID4a8c3b89-1008-4ed0-aa03-3abf94ae6474');
#3060= IFCSHAPEREPRESENTATION(#12,'Body','SweptSolid',(#2866));
#3061= IFCPRODUCTDEFINITIONSHAPE($,$,(#3060));
#3062= IFCCARTESIANPOINT((-25830.5880011001,-65832.1320805708,-71.000007033319));
#3063= IFCAXIS2PLACEMENT3D(#3062,#430,#8);
#3064= IFCLOCALPLACEMENT(#3008,#3063);
#3065= IFCPLATE('0TUCXTksLCavvy$pfp25Y3',#44,'Afstivning','FL8*50',$,#3064,#3061,'ID1d78c85d-bb65-4c93-9e7c-ff3a73085883');
#3066= IFCSHAPEREPRESENTATION(#12,'Body','SweptSolid',(#2866));
#3067= IFCPRODUCTDEFINITIONSHAPE($,$,(#3066));
#3068= IFCCARTESIANPOINT((-25830.5880011001,-65837.1320805708,-71.000007033319));
#3069= IFCAXIS2PLACEMENT3D(#3068,#7,#620);
#3070= IFCLOCALPLACEMENT(#3008,#3069);
#3071= IFCPLATE('3mpf9ghAz5o9lsoBASeHny',#44,'Afstivning','FL8*50',$,#3070,#3067,'IDf0ce926a-acaf-45c8-9bf6-c8b29ca11c7c');
#3072= IFCSHAPEREPRESENTATION(#12,'Body','SweptSolid',(#2866));
#3073= IFCPRODUCTDEFINITIONSHAPE($,$,(#3072));
#3074= IFCCARTESIANPOINT((-27330.5880011001,-65832.1320805708,-71.000007033319));
#3075= IFCAXIS2PLACEMENT3D(#3074,#430,#8);
#3076= IFCLOCALPLACEMENT(#3008,#3075);
#3077= IFCPLATE('32BqnksInCH8p7d9JJ4l7N',#44,'Afstivning','FL8*50',$,#3076,#3073,'IDc22f4c6e-d92c-4c44-8cc7-9c94d312f1d7');
#3078= IFCSHAPEREPRESENTATION(#12,'Body','SweptSolid',(#2866));
#3079= IFCPRODUCTDEFINITIONSHAPE($,$,(#3078));
#3080= IFCCARTESIANPOINT((-27330.5880011001,-65837.1320805708,-71.000007033319));
#3081= IFCAXIS2PLACEMENT3D(#3080,#7,#620);
#3082= IFCLOCALPLACEMENT(#3008,#3081);
#3083= IFCPLATE('3U9E8kiZf6NgFMvtSOIG0t',#44,'Afstivning','FL8*50',$,#3082,#3079,'IDde24e22e-b23a-465e-a3d6-e77718490037');
#3084= IFCPLANE(#2919);
#3085= IFCHALFSPACESOLID(#3084,.T.);
#3086= IFCBOOLEANCLIPPINGRESULT(.DIFFERENCE.,#2917,#3085);
#3087= IFCSHAPEREPRESENTATION(#12,'Body','Clipping',(#3086));
#3088= IFCPRODUCTDEFINITIONSHAPE($,$,(#3087));
#3089= IFCCARTESIANPOINT((-25830.5880011001,-65834.6320805708,-177.000007033319));
#3090= IFCAXIS2PLACEMENT3D(#3089,#7,#2927);
#3091= IFCLOCALPLACEMENT(#3008,#3090);
#3092= IFCBEAM('23dN0UlnfEahOMKeTxq8VA',#45,'Konsol','RHS100X100X6',$,#3091,#3088,'ID839d701e-bf1a-4e92-b616-52877bd087ca');
#3093= IFCPLANE(#2919);
#3094= IFCHALFSPACESOLID(#3093,.T.);
#3095= IFCBOOLEANCLIPPINGRESULT(.DIFFERENCE.,#2917,#3094);
#3096= IFCSHAPEREPRESENTATION(#12,'Body','Clipping',(#3095));
#3097= IFCPRODUCTDEFINITIONSHAPE($,$,(#3096));
#3098= IFCCARTESIANPOINT((-27330.5880011001,-65834.6320805708,-177.000007033319));
#3099= IFCAXIS2PLACEMENT3D(#3098,#7,#2927);
#3100= IFCLOCALPLACEMENT(#3008,#3099);
#3101= IFCBEAM('25ppfNTa9ElANPqp6q6CMU',#45,'Konsol','RHS100X100X6',$,#3100,#3097,'ID85cf3a57-7642-4ebc-a5d9-d331b418c59e');
#3102= IFCLOCALPLACEMENT(#42,#10);
#3103= IFCELEMENTASSEMBLY('2dKusg$uH1GRDpgWcRHiUi',#45,'Drager',$,$,#3102,$,'d54',.NOTDEFINED.,.NOTDEFINED.);
#3104= IFCPROPERTYSINGLEVALUE('Assembly/Cast unit position code',$,IFCLABEL('202/J-H'),$);
#3105= IFCPROPERTYSET('0$10O0EtzCiQURYryS_gxX',#5,'Tekla Assembly','Assembly Properties',(#48,#49,#50,#51,#52,#53,#3104,#55));
#3106= IFCQUANTITYLENGTH('Width',$,$,169.571376648142);
#3107= IFCELEMENTQUANTITY('3r1K8FUNDD1vFtbvRaRfUE',#5,'BaseQuantities',$,$,(#3106));
#3108= IFCSHAPEREPRESENTATION(#12,'Body','Brep',(#206));
#3109= IFCPRODUCTDEFINITIONSHAPE($,$,(#3108));
#3110= IFCCARTESIANPOINT((-14780.5967643401,-79834.0035406903,-74.0000070333356));
#3111= IFCAXIS2PLACEMENT3D(#3110,#9,#7);
#3112= IFCLOCALPLACEMENT(#3102,#3111);
#3113= IFCBEAM('1ubOGTos95RunHj_KdxVSC',#44,'Kamst\S\el','REBAR8',$,#3112,#3109,'ID7895841d-cb62-456f-8c51-b7e527edf70c');
#3114= IFCQUANTITYLENGTH('Length',$,$,149.94997636733);
#3115= IFCELEMENTQUANTITY('1vu_YvXN93kB$5PJfBD6ql',#5,'BaseQuantities',$,$,(#3114,#238,#239,#240));
#3116= IFCSHAPEREPRESENTATION(#12,'Body','Brep',(#206));
#3117= IFCPRODUCTDEFINITIONSHAPE($,$,(#3116));
#3118= IFCCARTESIANPOINT((-14780.5967643401,-79434.0035406903,-74.0000070333356));
#3119= IFCAXIS2PLACEMENT3D(#3118,#9,#7);
#3120= IFCLOCALPLACEMENT(#3102,#3119);
#3121= IFCBEAM('1rLRdSQiHDPuvohynIY1$H',#44,'Kamst\S\el','REBAR8',$,#3120,#3117,'ID7555b9dc-6ac4-4d67-8e72-afcc52881fd1');
#3122= IFCSHAPEREPRESENTATION(#12,'Body','Brep',(#206));
#3123= IFCPRODUCTDEFINITIONSHAPE($,$,(#3122));
#3124= IFCCARTESIANPOINT((-14780.5967643401,-79034.0035406903,-74.0000070333356));
#3125= IFCAXIS2PLACEMENT3D(#3124,#9,#7);
#3126= IFCLOCALPLACEMENT(#3102,#3125);
#3127= IFCBEAM('1QqDVs4fn6wgiQ8OD4Kj1J',#44,'Kamst\S\el','REBAR8',$,#3126,#3123,'ID5ad0d7f6-129c-46ea-ab1a-21834452d053');
#3128= IFCSHAPEREPRESENTATION(#12,'Body','Brep',(#206));
#3129= IFCPRODUCTDEFINITIONSHAPE($,$,(#3128));
#3130= IFCCARTESIANPOINT((-14780.5967643401,-78634.0035406903,-74.0000070333356));
#3131= IFCAXIS2PLACEMENT3D(#3130,#9,#7);
#3132= IFCLOCALPLACEMENT(#3102,#3131);
#3133= IFCBEAM('3FEXIvpx92PAT1tjEvvFnM',#44,'Kamst\S\el','REBAR8',$,#3132,#3129,'IDcf3a14b9-cfb2-4264-a741-ded3b9e4fc56');
#3134= IFCSHAPEREPRESENTATION(#12,'Body','Brep',(#206));
#3135= IFCPRODUCTDEFINITIONSHAPE($,$,(#3134));
#3136= IFCCARTESIANPOINT((-14780.5967643401,-78234.0035406903,-74.0000070333356));
#3137= IFCAXIS2PLACEMENT3D(#3136,#9,#7);
#3138= IFCLOCALPLACEMENT(#3102,#3137);
#3139= IFCBEAM('2wa$81qYLEj9rUlgvCtEIn',#44,'Kamst\S\el','REBAR8',$,#3138,#3135,'IDba93f201-d225-4eb4-9d5e-beae4cdce4b1');
#3140= IFCSHAPEREPRESENTATION(#12,'Body','Brep',(#206));
#3141= IFCPRODUCTDEFINITIONSHAPE($,$,(#3140));
#3142= IFCCARTESIANPOINT((-14780.5967643401,-77834.0035406903,-74.0000070333356));
#3143= IFCAXIS2PLACEMENT3D(#3142,#9,#7);
#3144= IFCLOCALPLACEMENT(#3102,#3143);
#3145= IFCBEAM('29tJP2waPAqA9SSf1zlaOu',#44,'Kamst\S\el','REBAR8',$,#3144,#3141,'ID89dd3642-ea46-4ad0-a25c-72907dbe4638');
#3146= IFCSHAPEREPRESENTATION(#12,'Body','Brep',(#206));
#3147= IFCPRODUCTDEFINITIONSHAPE($,$,(#3146));
#3148= IFCCARTESIANPOINT((-14780.5967643401,-77434.0035406903,-74.0000070333356));
#3149= IFCAXIS2PLACEMENT3D(#3148,#9,#7);
#3150= IFCLOCALPLACEMENT(#3102,#3149);
#3151= IFCBEAM('0F_hwK7kPB2fxWb_XMWPqB',#44,'Kamst\S\el','REBAR8',$,#3150,#3147,'ID0ffabe94-1ee6-4b0a-9ee0-97e856819d0b');
#3152= IFCSHAPEREPRESENTATION(#12,'Body','Brep',(#206));
#3153= IFCPRODUCTDEFINITIONSHAPE($,$,(#3152));
#3154= IFCCARTESIANPOINT((-14780.5967643401,-74234.0035406903,-74.0000070333356));
#3155= IFCAXIS2PLACEMENT3D(#3154,#9,#7);
#3156= IFCLOCALPLACEMENT(#3102,#3155);
#3157= IFCBEAM('0QUllz$0v8Vv0inqO9F_Ra',#44,'Kamst\S\el','REBAR8',$,#3156,#3153,'ID1a7afbfd-fc0e-487f-902c-c746093fe6e4');
#3158= IFCSHAPEREPRESENTATION(#12,'Body','Brep',(#206));
#3159= IFCPRODUCTDEFINITIONSHAPE($,$,(#3158));
#3160= IFCCARTESIANPOINT((-14780.5967643401,-74634.0035406903,-74.0000070333356));
#3161= IFCAXIS2PLACEMENT3D(#3160,#9,#7);
#3162= IFCLOCALPLACEMENT(#3102,#3161);
#3163= IFCBEAM('36JajwBM50ug6YUjXzX81V',#44,'Kamst\S\el','REBAR8',$,#3162,#3159,'IDc64e4b7a-2d61-40e2-a1a2-7ad87d84805f');
#3164= IFCSHAPEREPRESENTATION(#12,'Body','Brep',(#206));
#3165= IFCPRODUCTDEFINITIONSHAPE($,$,(#3164));
#3166= IFCCARTESIANPOINT((-14780.5967643401,-75034.0035406903,-74.0000070333356));
#3167= IFCAXIS2PLACEMENT3D(#3166,#9,#7);
#3168= IFCLOCALPLACEMENT(#3102,#3167);
#3169= IFCBEAM('1Ply2_E212QfFKuI0xTlmh',#44,'Kamst\S\el','REBAR8',$,#3168,#3165,'ID59bfc0be-3820-426a-93d4-e1203b76fc2b');
#3170= IFCSHAPEREPRESENTATION(#12,'Body','Brep',(#206));
#3171= IFCPRODUCTDEFINITIONSHAPE($,$,(#3170));
#3172= IFCCARTESIANPOINT((-14780.5967643401,-75434.0035406903,-74.0000070333356));
#3173= IFCAXIS2PLACEMENT3D(#3172,#9,#7);
#3174= IFCLOCALPLACEMENT(#3102,#3173);
#3175= IFCBEAM('3atDwAco91jhIBs4M$B8x$',#44,'Kamst\S\el','REBAR8',$,#3174,#3171,'IDe4dcde8a-9b22-41b6-b48b-d845bf2c8eff');
#3176= IFCSHAPEREPRESENTATION(#12,'Body','Brep',(#206));
#3177= IFCPRODUCTDEFINITIONSHAPE($,$,(#3176));
#3178= IFCCARTESIANPOINT((-14780.5967643401,-75834.0035406903,-74.0000070333356));
#3179= IFCAXIS2PLACEMENT3D(#3178,#9,#7);
#3180= IFCLOCALPLACEMENT(#3102,#3179);
#3181= IFCBEAM('1ibUzPwS17summ2Y07XDS8',#44,'Kamst\S\el','REBAR8',$,#3180,#3177,'ID6c95ef59-e9c0-47db-8c30-0a200784d708');
#3182= IFCSHAPEREPRESENTATION(#12,'Body','Brep',(#206));
#3183= IFCPRODUCTDEFINITIONSHAPE($,$,(#3182));
#3184= IFCCARTESIANPOINT((-14780.5967643401,-76234.0035406903,-74.0000070333356));
#3185= IFCAXIS2PLACEMENT3D(#3184,#9,#7);
#3186= IFCLOCALPLACEMENT(#3102,#3185);
#3187= IFCBEAM('2z8Z7vc1H0EBg7mjuURS0p',#44,'Kamst\S\el','REBAR8',$,#3186,#3183,'IDbd2231f9-9814-4038-ba87-c2de1e6dc033');
#3188= IFCSHAPEREPRESENTATION(#12,'Body','Brep',(#206));
#3189= IFCPRODUCTDEFINITIONSHAPE($,$,(#3188));
#3190= IFCCARTESIANPOINT((-14780.5967643401,-76634.0035406903,-74.0000070333356));
#3191= IFCAXIS2PLACEMENT3D(#3190,#9,#7);
#3192= IFCLOCALPLACEMENT(#3102,#3191);
#3193= IFCBEAM('1eKcSBo$1ArRcKZtmkjwGj',#44,'Kamst\S\el','REBAR8',$,#3192,#3189,'ID6852670b-cbf0-4ad5-b994-8f7c2eb7a42d');
#3194= IFCSHAPEREPRESENTATION(#12,'Body','Brep',(#206));
#3195= IFCPRODUCTDEFINITIONSHAPE($,$,(#3194));
#3196= IFCCARTESIANPOINT((-14780.5967643401,-77034.0035406903,-74.0000070333356));
#3197= IFCAXIS2PLACEMENT3D(#3196,#9,#7);
#3198= IFCLOCALPLACEMENT(#3102,#3197);
#3199= IFCBEAM('31IKmGsrz9fOdGN2AAE$DS',#44,'Kamst\S\el','REBAR8',$,#3198,#3195,'IDc1494c10-db5f-49a5-89d0-5c228a3bf35c');
#3200= IFCLOCALPLACEMENT(#42,#10);
#3201= IFCELEMENTASSEMBLY('0t14vVtG98$PxRpCbenDEN',#45,'Drager',$,$,#3200,$,'d53',.NOTDEFINED.,.NOTDEFINED.);
#3202= IFCPROPERTYSINGLEVALUE('Assembly/Cast unit position code',$,IFCLABEL('202/I-H'),$);
#3203= IFCPROPERTYSET('3W7mpeB4D7eR0BmJT3o2EF',#5,'Tekla Assembly','Assembly Properties',(#48,#49,#50,#329,#52,#53,#3202,#331));
#3204= IFCSHAPEREPRESENTATION(#12,'Body','Brep',(#206));
#3205= IFCPRODUCTDEFINITIONSHAPE($,$,(#3204));
#3206= IFCCARTESIANPOINT((-14780.5967643401,-68259.0035406903,-74.0000070333356));
#3207= IFCAXIS2PLACEMENT3D(#3206,#9,#7);
#3208= IFCLOCALPLACEMENT(#3200,#3207);
#3209= IFCBEAM('3cixlyUy1FsBQ4p1rJgPRp',#45,'Kamst\S\el','REBAR8',$,#3208,#3205,'IDe6b3bbfc-7bc0-4fd8-b684-cc1d53a996f3');
#3210= IFCSHAPEREPRESENTATION(#12,'Body','Brep',(#206));
#3211= IFCPRODUCTDEFINITIONSHAPE($,$,(#3210));
#3212= IFCCARTESIANPOINT((-14780.5967643401,-68659.0035406903,-74.0000070333356));
#3213= IFCAXIS2PLACEMENT3D(#3212,#9,#7);
#3214= IFCLOCALPLACEMENT(#3200,#3213);
#3215= IFCBEAM('2hbgsatMr0kgq0SfFlt59L',#45,'Kamst\S\el','REBAR8',$,#3214,#3211,'IDab96ada4-dd6d-40ba-ad00-7293efdc5255');
#3216= IFCSHAPEREPRESENTATION(#12,'Body','Brep',(#206));
#3217= IFCPRODUCTDEFINITIONSHAPE($,$,(#3216));
#3218= IFCCARTESIANPOINT((-14780.5967643401,-69059.0035406903,-74.0000070333356));
#3219= IFCAXIS2PLACEMENT3D(#3218,#9,#7);
#3220= IFCLOCALPLACEMENT(#3200,#3219);
#3221= IFCBEAM('0orTPrwkPAOA691Yhu9AB_',#45,'Kamst\S\el','REBAR8',$,#3220,#3217,'ID32d5d675-eae6-4a60-a189-062af824a2fe');
#3222= IFCSHAPEREPRESENTATION(#12,'Body','Brep',(#206));
#3223= IFCPRODUCTDEFINITIONSHAPE($,$,(#3222));
#3224= IFCCARTESIANPOINT((-14780.5967643401,-69459.0035406903,-74.0000070333356));
#3225= IFCAXIS2PLACEMENT3D(#3224,#9,#7);
#3226= IFCLOCALPLACEMENT(#3200,#3225);
#3227= IFCBEAM('3sHSxPtvP9RAfCu2sQNpby',#45,'Kamst\S\el','REBAR8',$,#3226,#3223,'IDf645ced9-df96-496c-aa4c-e02d9a5f397c');
#3228= IFCSHAPEREPRESENTATION(#12,'Body','Brep',(#206));
#3229= IFCPRODUCTDEFINITIONSHAPE($,$,(#3228));
#3230= IFCCARTESIANPOINT((-14780.5967643401,-69859.0035406903,-74.0000070333356));
#3231= IFCAXIS2PLACEMENT3D(#3230,#9,#7);
#3232= IFCLOCALPLACEMENT(#3200,#3231);
#3233= IFCBEAM('3q1Ka51HL0mOgdKKAMSfyp',#45,'Kamst\S\el','REBAR8',$,#3232,#3229,'IDf4054905-0515-40c1-8aa7-514296729f33');
#3234= IFCSHAPEREPRESENTATION(#12,'Body','Brep',(#206));
#3235= IFCPRODUCTDEFINITIONSHAPE($,$,(#3234));
#3236= IFCCARTESIANPOINT((-14780.5967643401,-70259.0035406903,-74.0000070333356));
#3237= IFCAXIS2PLACEMENT3D(#3236,#9,#7);
#3238= IFCLOCALPLACEMENT(#3200,#3237);
#3239= IFCBEAM('2HvQzTn3jEBOgQnrnuGFY6',#45,'Kamst\S\el','REBAR8',$,#3238,#3235,'ID91e5af5d-c43b-4e2d-8a9a-c75c7840f886');
#3240= IFCSHAPEREPRESENTATION(#12,'Body','Brep',(#206));
#3241= IFCPRODUCTDEFINITIONSHAPE($,$,(#3240));
#3242= IFCCARTESIANPOINT((-14780.5967643401,-70659.0035406903,-74.0000070333356));
#3243= IFCAXIS2PLACEMENT3D(#3242,#9,#7);
#3244= IFCLOCALPLACEMENT(#3200,#3243);
#3245= IFCBEAM('1EyInaav9AwPOBLRWKd2Y_',#45,'Kamst\S\el','REBAR8',$,#3244,#3241,'ID4ef12c64-9392-4ae9-960b-55b8149c28be');
#3246= IFCSHAPEREPRESENTATION(#12,'Body','Brep',(#206));
#3247= IFCPRODUCTDEFINITIONSHAPE($,$,(#3246));
#3248= IFCCARTESIANPOINT((-14780.5967643401,-71059.0035406903,-74.0000070333356));
#3249= IFCAXIS2PLACEMENT3D(#3248,#9,#7);
#3250= IFCLOCALPLACEMENT(#3200,#3249);
#3251= IFCBEAM('2H4P2wDYr0bgAemSfctpgq',#45,'Kamst\S\el','REBAR8',$,#3250,#3247,'ID911190ba-362d-4096-a2a8-c1ca66df3ab4');
#3252= IFCSHAPEREPRESENTATION(#12,'Body','Brep',(#206));
#3253= IFCPRODUCTDEFINITIONSHAPE($,$,(#3252));
#3254= IFCCARTESIANPOINT((-14780.5967643401,-71459.0035406903,-74.0000070333356));
#3255= IFCAXIS2PLACEMENT3D(#3254,#9,#7);
#3256= IFCLOCALPLACEMENT(#3200,#3255);
#3257= IFCBEAM('3O4bYANwL2FAWZGyBuTbTV',#45,'Kamst\S\el','REBAR8',$,#3256,#3253,'IDd812588a-5fa5-423c-a823-43c2f876575f');
#3258= IFCSHAPEREPRESENTATION(#12,'Body','Brep',(#206));
#3259= IFCPRODUCTDEFINITIONSHAPE($,$,(#3258));
#3260= IFCCARTESIANPOINT((-14780.5967643401,-71859.0035406903,-74.0000070333356));
#3261= IFCAXIS2PLACEMENT3D(#3260,#9,#7);
#3262= IFCLOCALPLACEMENT(#3200,#3261);
#3263= IFCBEAM('3ckvz2D21FexEnuIDWU5xa',#45,'Kamst\S\el','REBAR8',$,#3262,#3259,'IDe6bb9f42-3420-4fa3-b3b1-e12360785ee4');
#3264= IFCSHAPEREPRESENTATION(#12,'Body','Brep',(#206));
#3265= IFCPRODUCTDEFINITIONSHAPE($,$,(#3264));
#3266= IFCCARTESIANPOINT((-14780.5967643401,-72259.0035406903,-74.0000070333356));
#3267= IFCAXIS2PLACEMENT3D(#3266,#9,#7);
#3268= IFCLOCALPLACEMENT(#3200,#3267);
#3269= IFCBEAM('2kCrOuEivCywhYZZhFNbji',#45,'Kamst\S\el','REBAR8',$,#3268,#3265,'IDae335638-3ace-4cf3-aae2-8e3acf5e5b6c');
#3270= IFCSHAPEREPRESENTATION(#12,'Body','Brep',(#206));
#3271= IFCPRODUCTDEFINITIONSHAPE($,$,(#3270));
#3272= IFCCARTESIANPOINT((-14780.5967643401,-72659.0035406903,-74.0000070333356));
#3273= IFCAXIS2PLACEMENT3D(#3272,#9,#7);
#3274= IFCLOCALPLACEMENT(#3200,#3273);
#3275= IFCBEAM('2bUY7ZwFT9p9OFI3tFcYSB',#45,'Kamst\S\el','REBAR8',$,#3274,#3271,'IDa57a21e3-e8f7-49cc-960f-483dcf9a270b');
#3276= IFCSHAPEREPRESENTATION(#12,'Body','Brep',(#206));
#3277= IFCPRODUCTDEFINITIONSHAPE($,$,(#3276));
#3278= IFCCARTESIANPOINT((-14780.5967643401,-73059.0035406903,-74.0000070333356));
#3279= IFCAXIS2PLACEMENT3D(#3278,#9,#7);
#3280= IFCLOCALPLACEMENT(#3200,#3279);
#3281= IFCBEAM('1t0LBrbuf7i8UtSmZFZnBc',#45,'Kamst\S\el','REBAR8',$,#3280,#3277,'ID770152f5-978a-47b0-87b7-7308cf8f12e6');
#3282= IFCSHAPEREPRESENTATION(#12,'Body','Brep',(#206));
#3283= IFCPRODUCTDEFINITIONSHAPE($,$,(#3282));
#3284= IFCCARTESIANPOINT((-14780.5967643401,-73459.0035406903,-74.0000070333356));
#3285= IFCAXIS2PLACEMENT3D(#3284,#9,#7);
#3286= IFCLOCALPLACEMENT(#3200,#3285);
#3287= IFCBEAM('2Qoi2mBpz4peBLviTyxmfv',#45,'Kamst\S\el','REBAR8',$,#3286,#3283,'ID9acac0b0-2f3f-44ce-82d5-e6c77cef0a79');
#3288= IFCSHAPEREPRESENTATION(#12,'Body','Brep',(#206));
#3289= IFCPRODUCTDEFINITIONSHAPE($,$,(#3288));
#3290= IFCCARTESIANPOINT((-14780.5967643401,-73859.0035406903,-74.0000070333356));
#3291= IFCAXIS2PLACEMENT3D(#3290,#9,#7);
#3292= IFCLOCALPLACEMENT(#3200,#3291);
#3293= IFCBEAM('1HtadiEHHAFfsfAZT3C8WC',#45,'Kamst\S\el','REBAR8',$,#3292,#3289,'ID51de49ec-3914-4a3e-9da9-2a374330880c');
#3294= IFCLOCALPLACEMENT(#42,#10);
#3295= IFCELEMENTASSEMBLY('3IzGxZItLBjRiY1zQkekdS',#45,'Drager',$,$,#3294,$,'d53',.NOTDEFINED.,.NOTDEFINED.);
#3296= IFCSHAPEREPRESENTATION(#12,'Body','Brep',(#206));
#3297= IFCPRODUCTDEFINITIONSHAPE($,$,(#3296));
#3298= IFCCARTESIANPOINT((-15220.5832356599,-68259.0035406903,-74.0000070333356));
#3299= IFCAXIS2PLACEMENT3D(#3298,#9,#430);
#3300= IFCLOCALPLACEMENT(#3294,#3299);
#3301= IFCBEAM('1emXjkhFPAD8mEpLCGFphP',#45,'Kamst\S\el','REBAR8',$,#3300,#3297,'ID68c21b6e-acf6-4a34-8c0e-cd53103f3ad9');
#3302= IFCSHAPEREPRESENTATION(#12,'Body','Brep',(#206));
#3303= IFCPRODUCTDEFINITIONSHAPE($,$,(#3302));
#3304= IFCCARTESIANPOINT((-15220.5832356599,-68659.0035406903,-74.0000070333356));
#3305= IFCAXIS2PLACEMENT3D(#3304,#9,#430);
#3306= IFCLOCALPLACEMENT(#3294,#3305);
#3307= IFCBEAM('31MyoWp6XAZe_ZyjIcuoL5',#45,'Kamst\S\el','REBAR8',$,#3306,#3303,'IDc15bcca0-cc68-4a8e-8fa3-f2d4a6e32545');
#3308= IFCSHAPEREPRESENTATION(#12,'Body','Brep',(#206));
#3309= IFCPRODUCTDEFINITIONSHAPE($,$,(#3308));
#3310= IFCCARTESIANPOINT((-15220.5832356599,-69059.0035406903,-74.0000070333356));
#3311= IFCAXIS2PLACEMENT3D(#3310,#9,#430);
#3312= IFCLOCALPLACEMENT(#3294,#3311);
#3313= IFCBEAM('0IP3tOkW17c84zsAfXSmVR',#45,'Kamst\S\el','REBAR8',$,#3312,#3309,'ID12643dd8-ba00-4798-813d-d8aa617307db');
#3314= IFCSHAPEREPRESENTATION(#12,'Body','Brep',(#206));
#3315= IFCPRODUCTDEFINITIONSHAPE($,$,(#3314));
#3316= IFCCARTESIANPOINT((-15220.5832356599,-69459.0035406903,-74.0000070333356));
#3317= IFCAXIS2PLACEMENT3D(#3316,#9,#430);
#3318= IFCLOCALPLACEMENT(#3294,#3317);
#3319= IFCBEAM('2TzS3uUfj2SxQYvNhdCW8R',#45,'Kamst\S\el','REBAR8',$,#3318,#3315,'ID9df5c0f8-7a9b-4273-b6a2-e57ae732021b');
#3320= IFCSHAPEREPRESENTATION(#12,'Body','Brep',(#206));
#3321= IFCPRODUCTDEFINITIONSHAPE($,$,(#3320));
#3322= IFCCARTESIANPOINT((-15220.5832356599,-69859.0035406903,-74.0000070333356));
#3323= IFCAXIS2PLACEMENT3D(#3322,#9,#430);
#3324= IFCLOCALPLACEMENT(#3294,#3323);
#3325= IFCBEAM('3rL5f7vPL6Z9_msFfiilJL',#45,'Kamst\S\el','REBAR8',$,#3324,#3321,'IDf5545a47-e595-468c-9fb0-d8fa6cb2f4d5');
#3326= IFCSHAPEREPRESENTATION(#12,'Body','Brep',(#206));
#3327= IFCPRODUCTDEFINITIONSHAPE($,$,(#3326));
#3328= IFCCARTESIANPOINT((-15220.5832356599,-70259.0035406903,-74.0000070333356));
#3329= IFCAXIS2PLACEMENT3D(#3328,#9,#430);
#3330= IFCLOCALPLACEMENT(#3294,#3329);
#3331= IFCBEAM('1dEu4z$eH0TfO52kBjaZrw',#45,'Kamst\S\el','REBAR8',$,#3330,#3327,'ID673b813d-fe84-4076-9605-0ae2ed923d7a');
#3332= IFCSHAPEREPRESENTATION(#12,'Body','Brep',(#206));
#3333= IFCPRODUCTDEFINITIONSHAPE($,$,(#3332));
#3334= IFCCARTESIANPOINT((-15220.5832356599,-70659.0035406903,-74.0000070333356));
#3335= IFCAXIS2PLACEMENT3D(#3334,#9,#430);
#3336= IFCLOCALPLACEMENT(#3294,#3335);
#3337= IFCBEAM('06cvtmxff5eu$C8xOcKFk5',#45,'Kamst\S\el','REBAR8',$,#3336,#3333,'ID069b9df0-ee9a-45a3-8fcc-23b62650fb85');
#3338= IFCSHAPEREPRESENTATION(#12,'Body','Brep',(#206));
#3339= IFCPRODUCTDEFINITIONSHAPE($,$,(#3338));
#3340= IFCCARTESIANPOINT((-15220.5832356599,-71059.0035406903,-74.0000070333356));
#3341= IFCAXIS2PLACEMENT3D(#3340,#9,#430);
#3342= IFCLOCALPLACEMENT(#3294,#3341);
#3343= IFCBEAM('1x7jPZd4b5lwTy75lyPOqQ',#45,'Kamst\S\el','REBAR8',$,#3342,#3339,'ID7b1ed663-9c49-45bf-a77c-1c5bfc658d1a');
#3344= IFCSHAPEREPRESENTATION(#12,'Body','Brep',(#206));
#3345= IFCPRODUCTDEFINITIONSHAPE($,$,(#3344));
#3346= IFCCARTESIANPOINT((-15220.5832356599,-71459.0035406903,-74.0000070333356));
#3347= IFCAXIS2PLACEMENT3D(#3346,#9,#430);
#3348= IFCLOCALPLACEMENT(#3294,#3347);
#3349= IFCBEAM('3bLimiYhvAfvvHLClzwdIS',#45,'Kamst\S\el','REBAR8',$,#3348,#3345,'IDe556cc2c-8abe-4aa7-9e51-54cbfdea749c');
#3350= IFCSHAPEREPRESENTATION(#12,'Body','Brep',(#206));
#3351= IFCPRODUCTDEFINITIONSHAPE($,$,(#3350));
#3352= IFCCARTESIANPOINT((-15220.5832356599,-71859.0035406903,-74.0000070333356));
#3353= IFCAXIS2PLACEMENT3D(#3352,#9,#430);
#3354= IFCLOCALPLACEMENT(#3294,#3353);
#3355= IFCBEAM('0Dil_oALrC0uQ$2iwP76j9',#45,'Kamst\S\el','REBAR8',$,#3354,#3351,'ID0db2ffb2-295d-4c03-86bf-0ace991c6b49');
#3356= IFCSHAPEREPRESENTATION(#12,'Body','Brep',(#206));
#3357= IFCPRODUCTDEFINITIONSHAPE($,$,(#3356));
#3358= IFCCARTESIANPOINT((-15220.5832356599,-72259.0035406903,-74.0000070333356));
#3359= IFCAXIS2PLACEMENT3D(#3358,#9,#430);
#3360= IFCLOCALPLACEMENT(#3294,#3359);
#3361= IFCBEAM('1u6RnXDdTDD8Hl$li9UzY7',#45,'Kamst\S\el','REBAR8',$,#3360,#3357,'ID7819bc61-3677-4d34-846f-fefb097bd887');
#3362= IFCSHAPEREPRESENTATION(#12,'Body','Brep',(#206));
#3363= IFCPRODUCTDEFINITIONSHAPE($,$,(#3362));
#3364= IFCCARTESIANPOINT((-15220.5832356599,-72659.0035406903,-74.0000070333356));
#3365= IFCAXIS2PLACEMENT3D(#3364,#9,#430);
#3366= IFCLOCALPLACEMENT(#3294,#3365);
#3367= IFCBEAM('3gRNhuwGj44RhxrNVRi9dC',#45,'Kamst\S\el','REBAR8',$,#3366,#3363,'IDea6d7af8-e90b-4411-bafb-d577dbb099cc');
#3368= IFCSHAPEREPRESENTATION(#12,'Body','Brep',(#206));
#3369= IFCPRODUCTDEFINITIONSHAPE($,$,(#3368));
#3370= IFCCARTESIANPOINT((-15220.5832356599,-73059.0035406903,-74.0000070333356));
#3371= IFCAXIS2PLACEMENT3D(#3370,#9,#430);
#3372= IFCLOCALPLACEMENT(#3294,#3371);
#3373= IFCBEAM('34N58DdQj3Lv2bB4M$jgxi',#45,'Kamst\S\el','REBAR8',$,#3372,#3369,'IDc45c520d-9dab-4357-90a5-2c45bfb6aeec');
#3374= IFCSHAPEREPRESENTATION(#12,'Body','Brep',(#206));
#3375= IFCPRODUCTDEFINITIONSHAPE($,$,(#3374));
#3376= IFCCARTESIANPOINT((-15220.5832356599,-73459.0035406903,-74.0000070333356));
#3377= IFCAXIS2PLACEMENT3D(#3376,#9,#430);
#3378= IFCLOCALPLACEMENT(#3294,#3377);
#3379= IFCBEAM('3XOXUKOEX0Kv57rHMb_Bbb',#45,'Kamst\S\el','REBAR8',$,#3378,#3375,'IDe1621794-60e8-4053-9147-d515a5f8b965');
#3380= IFCSHAPEREPRESENTATION(#12,'Body','Brep',(#206));
#3381= IFCPRODUCTDEFINITIONSHAPE($,$,(#3380));
#3382= IFCCARTESIANPOINT((-15220.5832356599,-73859.0035406903,-74.0000070333356));
#3383= IFCAXIS2PLACEMENT3D(#3382,#9,#430);
#3384= IFCLOCALPLACEMENT(#3294,#3383);
#3385= IFCBEAM('2xL01E1l5AKBlC9qLrMYu8',#45,'Kamst\S\el','REBAR8',$,#3384,#3381,'IDbb54004e-06f1-4a50-bbcc-2745755a2e08');
#3386= IFCLOCALPLACEMENT(#42,#10);
#3387= IFCELEMENTASSEMBLY('2SEoBhAifDlQKGF6ciIK3l',#45,'Drager',$,$,#3386,$,'d54',.NOTDEFINED.,.NOTDEFINED.);
#3388= IFCSHAPEREPRESENTATION(#12,'Body','Brep',(#206));
#3389= IFCPRODUCTDEFINITIONSHAPE($,$,(#3388));
#3390= IFCCARTESIANPOINT((-15220.5832356599,-79834.0035406903,-74.0000070333356));
#3391= IFCAXIS2PLACEMENT3D(#3390,#9,#430);
#3392= IFCLOCALPLACEMENT(#3386,#3391);
#3393= IFCBEAM('1tFnl1Dk97bQPnVArGexjB',#44,'Kamst\S\el','REBAR8',$,#3392,#3389,'ID773f1bc1-36e2-4795-a671-7cad50a3bb4b');
#3394= IFCSHAPEREPRESENTATION(#12,'Body','Brep',(#206));
#3395= IFCPRODUCTDEFINITIONSHAPE($,$,(#3394));
#3396= IFCCARTESIANPOINT((-15220.5832356599,-79434.0035406903,-74.0000070333356));
#3397= IFCAXIS2PLACEMENT3D(#3396,#9,#430);
#3398= IFCLOCALPLACEMENT(#3386,#3397);
#3399= IFCBEAM('1vziybgCL1LAy80Bm$uUS7',#44,'Kamst\S\el','REBAR8',$,#3398,#3395,'ID79f6cf25-a8c5-4154-af08-00bc3fe1e707');
#3400= IFCSHAPEREPRESENTATION(#12,'Body','Brep',(#206));
#3401= IFCPRODUCTDEFINITIONSHAPE($,$,(#3400));
#3402= IFCCARTESIANPOINT((-15220.5832356599,-79034.0035406903,-74.0000070333356));
#3403= IFCAXIS2PLACEMENT3D(#3402,#9,#430);
#3404= IFCLOCALPLACEMENT(#3386,#3403);
#3405= IFCBEAM('1VQdIYyED9WRelgCXKpdlQ',#44,'Kamst\S\el','REBAR8',$,#3404,#3401,'ID5f6a74a2-f0e3-4981-ba2f-a8c854ce7bda');
#3406= IFCSHAPEREPRESENTATION(#12,'Body','Brep',(#206));
#3407= IFCPRODUCTDEFINITIONSHAPE($,$,(#3406));
#3408= IFCCARTESIANPOINT((-15220.5832356599,-78634.0035406903,-74.0000070333356));
#3409= IFCAXIS2PLACEMENT3D(#3408,#9,#430);
#3410= IFCLOCALPLACEMENT(#3386,#3409);
#3411= IFCBEAM('37tqfTNpbAgwrX1I7GlbBO',#44,'Kamst\S\el','REBAR8',$,#3410,#3407,'IDc7df4a5d-5f39-4aab-ad61-0521d0be52d8');
#3412= IFCSHAPEREPRESENTATION(#12,'Body','Brep',(#206));
#3413= IFCPRODUCTDEFINITIONSHAPE($,$,(#3412));
#3414= IFCCARTESIANPOINT((-15220.5832356599,-78234.0035406903,-74.0000070333356));
#3415= IFCAXIS2PLACEMENT3D(#3414,#9,#430);
#3416= IFCLOCALPLACEMENT(#3386,#3415);
#3417= IFCBEAM('2tZmCal9r60e1uYIHNqkNS',#44,'Kamst\S\el','REBAR8',$,#3416,#3413,'IDb78f0324-bc9d-4602-8078-892457d2e5dc');
#3418= IFCSHAPEREPRESENTATION(#12,'Body','Brep',(#206));
#3419= IFCPRODUCTDEFINITIONSHAPE($,$,(#3418));
#3420= IFCCARTESIANPOINT((-15220.5832356599,-77834.0035406903,-74.0000070333356));
#3421= IFCAXIS2PLACEMENT3D(#3420,#9,#430);
#3422= IFCLOCALPLACEMENT(#3386,#3421);
#3423= IFCBEAM('1u8MYrnb92987sUcTPNMZ7',#44,'Kamst\S\el','REBAR8',$,#3422,#3419,'ID782168b5-c652-4224-81f6-7a67595d68c7');
#3424= IFCSHAPEREPRESENTATION(#12,'Body','Brep',(#206));
#3425= IFCPRODUCTDEFINITIONSHAPE($,$,(#3424));
#3426= IFCCARTESIANPOINT((-15220.5832356599,-77434.0035406903,-74.0000070333356));
#3427= IFCAXIS2PLACEMENT3D(#3426,#9,#430);
#3428= IFCLOCALPLACEMENT(#3386,#3427);
#3429= IFCBEAM('1jkyAUMan4zPXw4REvFXf_',#44,'Kamst\S\el','REBAR8',$,#3428,#3425,'ID6dbbc29e-5a4c-44f5-987a-11b3b93e1a7e');
#3430= IFCSHAPEREPRESENTATION(#12,'Body','Brep',(#206));
#3431= IFCPRODUCTDEFINITIONSHAPE($,$,(#3430));
#3432= IFCCARTESIANPOINT((-15220.5832356599,-74234.0035406903,-74.0000070333356));
#3433= IFCAXIS2PLACEMENT3D(#3432,#9,#430);
#3434= IFCLOCALPLACEMENT(#3386,#3433);
#3435= IFCBEAM('1XltUkDnb4zRywyEjbgebN',#44,'Kamst\S\el','REBAR8',$,#3434,#3431,'ID61bf77ae-3719-44f5-bf3a-f0eb65aa8957');
#3436= IFCSHAPEREPRESENTATION(#12,'Body','Brep',(#206));
#3437= IFCPRODUCTDEFINITIONSHAPE($,$,(#3436));
#3438= IFCCARTESIANPOINT((-15220.5832356599,-74634.0035406903,-74.0000070333356));
#3439= IFCAXIS2PLACEMENT3D(#3438,#9,#430);
#3440= IFCLOCALPLACEMENT(#3386,#3439);
#3441= IFCBEAM('34bCk2MU95V8hz86YsD8XW',#44,'Kamst\S\el','REBAR8',$,#3440,#3437,'IDc494cb82-59e2-457c-8afd-2068b6348860');
#3442= IFCSHAPEREPRESENTATION(#12,'Body','Brep',(#206));
#3443= IFCPRODUCTDEFINITIONSHAPE($,$,(#3442));
#3444= IFCCARTESIANPOINT((-15220.5832356599,-75034.0035406903,-74.0000070333356));
#3445= IFCAXIS2PLACEMENT3D(#3444,#9,#430);
#3446= IFCLOCALPLACEMENT(#3386,#3445);
#3447= IFCBEAM('00d5XmZ0P8YuNyBfWiycgW',#44,'Kamst\S\el','REBAR8',$,#3446,#3443,'ID009c5870-8c06-488b-85fc-2e982cf26aa0');
#3448= IFCSHAPEREPRESENTATION(#12,'Body','Brep',(#206));
#3449= IFCPRODUCTDEFINITIONSHAPE($,$,(#3448));
#3450= IFCCARTESIANPOINT((-15220.5832356599,-75434.0035406903,-74.0000070333356));
#3451= IFCAXIS2PLACEMENT3D(#3450,#9,#430);
#3452= IFCLOCALPLACEMENT(#3386,#3451);
#3453= IFCBEAM('3$fc2dQk12ffGMy$hExGBL',#44,'Kamst\S\el','REBAR8',$,#3452,#3449,'IDffa660a7-6ae0-42a6-9416-f3faceed02d5');
#3454= IFCSHAPEREPRESENTATION(#12,'Body','Brep',(#206));
#3455= IFCPRODUCTDEFINITIONSHAPE($,$,(#3454));
#3456= IFCCARTESIANPOINT((-15220.5832356599,-75834.0035406903,-74.0000070333356));
#3457= IFCAXIS2PLACEMENT3D(#3456,#9,#430);
#3458= IFCLOCALPLACEMENT(#3386,#3457);
#3459= IFCBEAM('3jkF_JrKH0Nf3G_hstmYzL',#44,'Kamst\S\el','REBAR8',$,#3458,#3455,'IDedb8ff93-d544-405e-90d0-fabdb7c22f55');
#3460= IFCSHAPEREPRESENTATION(#12,'Body','Brep',(#206));
#3461= IFCPRODUCTDEFINITIONSHAPE($,$,(#3460));
#3462= IFCCARTESIANPOINT((-15220.5832356599,-76234.0035406903,-74.0000070333356));
#3463= IFCAXIS2PLACEMENT3D(#3462,#9,#430);
#3464= IFCLOCALPLACEMENT(#3386,#3463);
#3465= IFCBEAM('370icPyo9CJPHZqEaqTAAv',#44,'Kamst\S\el','REBAR8',$,#3464,#3461,'IDc702c999-f322-4c4d-9463-d0e93474a2b9');
#3466= IFCSHAPEREPRESENTATION(#12,'Body','Brep',(#206));
#3467= IFCPRODUCTDEFINITIONSHAPE($,$,(#3466));
#3468= IFCCARTESIANPOINT((-15220.5832356599,-76634.0035406903,-74.0000070333356));
#3469= IFCAXIS2PLACEMENT3D(#3468,#9,#430);
#3470= IFCLOCALPLACEMENT(#3386,#3469);
#3471= IFCBEAM('3ndQ1iHz11KQOIffoIaWAC',#44,'Kamst\S\el','REBAR8',$,#3470,#3467,'IDf19da06c-47d0-4151-a612-a69c9292028c');
#3472= IFCSHAPEREPRESENTATION(#12,'Body','Brep',(#206));
#3473= IFCPRODUCTDEFINITIONSHAPE($,$,(#3472));
#3474= IFCCARTESIANPOINT((-15220.5832356599,-77034.0035406903,-74.0000070333356));
#3475= IFCAXIS2PLACEMENT3D(#3474,#9,#430);
#3476= IFCLOCALPLACEMENT(#3386,#3475);
#3477= IFCBEAM('1C67MnZNv5q9SiJqAJWfks',#44,'Kamst\S\el','REBAR8',$,#3476,#3473,'ID4c1875b1-8d7e-45d0-972c-4f4293829bb6');
#3478= IFCLOCALPLACEMENT(#42,#10);
#3479= IFCELEMENTASSEMBLY('1dmeir6397w8WQzrOEZHJw',#44,'Drager',$,$,#3478,$,'d52',.NOTDEFINED.,.NOTDEFINED.);
#3480= IFCPROPERTYSET('1SuXlx98v63eDIjl3DU0Dz',#5,'Tekla Assembly','Assembly Properties',(#48,#49,#50,#612,#52,#53,#3202,#613));
#3481= IFCSHAPEREPRESENTATION(#12,'Body','Brep',(#206));
#3482= IFCPRODUCTDEFINITIONSHAPE($,$,(#3481));
#3483= IFCCARTESIANPOINT((-15150.5829551651,-68013.9966576478,-74.000007033332));
#3484= IFCAXIS2PLACEMENT3D(#3483,#9,#8);
#3485= IFCLOCALPLACEMENT(#3478,#3484);
#3486= IFCBEAM('1vBR0f8R56oQ0Z$QUpp7on',#44,'Kamst\S\el','REBAR8',$,#3485,#3482,'ID792db029-21b1-46c9-a023-fda7b3cc7cb1');
#3487= IFCSHAPEREPRESENTATION(#12,'Body','Brep',(#206));
#3488= IFCPRODUCTDEFINITIONSHAPE($,$,(#3487));
#3489= IFCCARTESIANPOINT((-14850.5829551651,-68013.9966576478,-74.000007033332));
#3490= IFCAXIS2PLACEMENT3D(#3489,#9,#8);
#3491= IFCLOCALPLACEMENT(#3478,#3490);
#3492= IFCBEAM('3v8Sez8Vn3I9bCRD17yVSi',#44,'Kamst\S\el','REBAR8',$,#3491,#3488,'IDf921ca3d-21fc-4348-994c-6cd047f1f72c');
#3493= IFCSHAPEREPRESENTATION(#12,'Body','Brep',(#206));
#3494= IFCPRODUCTDEFINITIONSHAPE($,$,(#3493));
#3495= IFCCARTESIANPOINT((-14780.5967643401,-68059.0035406903,-74.0000070333356));
#3496= IFCAXIS2PLACEMENT3D(#3495,#9,#7);
#3497= IFCLOCALPLACEMENT(#3478,#3496);
#3498= IFCBEAM('0cD5O0fKn5NRxCft6GlfNI',#44,'Kamst\S\el','REBAR8',$,#3497,#3494,'ID26345600-a54c-455d-becc-a77190be95d2');
#3499= IFCPLANE(#695);
#3500= IFCHALFSPACESOLID(#3499,.F.);
#3501= IFCBOOLEANCLIPPINGRESULT(.DIFFERENCE.,#691,#3500);
#3502= IFCSHAPEREPRESENTATION(#12,'Body','Clipping',(#3501));
#3503= IFCPRODUCTDEFINITIONSHAPE($,$,(#3502));
#3504= IFCCARTESIANPOINT((-14765.5949743637,-68034.0028435102,-35.0000070333117));
#3505= IFCAXIS2PLACEMENT3D(#3504,#9,#620);
#3506= IFCLOCALPLACEMENT(#3478,#3505);
#3507= IFCBEAM('38SOr3auf6e8A3MIFq7FM_',#44,'Drager','L70*7',$,#3506,#3503,'IDc8718d43-938a-46a0-8283-5923f41cf5be');
#3508= IFCSHAPEREPRESENTATION(#12,'Body','Brep',(#206));
#3509= IFCPRODUCTDEFINITIONSHAPE($,$,(#3508));
#3510= IFCCARTESIANPOINT((-15220.5832356599,-68059.0035406903,-74.0000070333356));
#3511= IFCAXIS2PLACEMENT3D(#3510,#9,#430);
#3512= IFCLOCALPLACEMENT(#3478,#3511);
#3513= IFCBEAM('3k1ItQPvvDiRO4SpttTSw8',#44,'Kamst\S\el','REBAR8',$,#3512,#3509,'IDee052dda-679e-4db1-b604-733df775ce88');
#3514= IFCPLANE(#651);
#3515= IFCHALFSPACESOLID(#3514,.F.);
#3516= IFCBOOLEANCLIPPINGRESULT(.DIFFERENCE.,#648,#3515);
#3517= IFCSHAPEREPRESENTATION(#12,'Body','Clipping',(#3516));
#3518= IFCPRODUCTDEFINITIONSHAPE($,$,(#3517));
#3519= IFCCARTESIANPOINT((-15235.5850256363,-68084.0013176313,-35.0000070333153));
#3520= IFCAXIS2PLACEMENT3D(#3519,#9,#8);
#3521= IFCLOCALPLACEMENT(#3478,#3520);
#3522= IFCBEAM('0sXyz6Hrn57e_gFspiwX2B',#44,'Drager','L70*7',$,#3521,#3518,'ID3687cf46-475c-451e-8faa-3f6cecea108b');
#3523= IFCSHAPEREPRESENTATION(#12,'Body','SweptSolid',(#1134));
#3524= IFCPRODUCTDEFINITIONSHAPE($,$,(#3523));
#3525= IFCCARTESIANPOINT((-14765.5949743637,-74034.0013176313,-35.0000070333153));
#3526= IFCAXIS2PLACEMENT3D(#3525,#9,#620);
#3527= IFCLOCALPLACEMENT(#3102,#3526);
#3528= IFCBEAM('3qLwPO4TL9UQxqKO8v0Dtc',#44,'Drager','L70*7',$,#3527,#3524,'d54');
#3529= IFCSHAPEREPRESENTATION(#12,'Body','SweptSolid',(#1157));
#3530= IFCPRODUCTDEFINITIONSHAPE($,$,(#3529));
#3531= IFCCARTESIANPOINT((-14765.5949743637,-68084.0013176313,-35.0000070333153));
#3532= IFCAXIS2PLACEMENT3D(#3531,#9,#620);
#3533= IFCLOCALPLACEMENT(#3200,#3532);
#3534= IFCBEAM('0TRoUNmrXFGeWJTmgvuwDd',#45,'Drager','L70*7',$,#3533,#3530,'d53');
#3535= IFCSHAPEREPRESENTATION(#12,'Body','SweptSolid',(#1134));
#3536= IFCPRODUCTDEFINITIONSHAPE($,$,(#3535));
#3537= IFCCARTESIANPOINT((-15235.5850256363,-80033.9997917524,-35.0000070333153));
#3538= IFCAXIS2PLACEMENT3D(#3537,#9,#8);
#3539= IFCLOCALPLACEMENT(#3386,#3538);
#3540= IFCBEAM('3Rv_fObdP0_AXsMz4cFQ2k',#44,'Drager','L70*7',$,#3539,#3536,'d54');
#3541= IFCSHAPEREPRESENTATION(#12,'Body','SweptSolid',(#1157));
#3542= IFCPRODUCTDEFINITIONSHAPE($,$,(#3541));
#3543= IFCCARTESIANPOINT((-15235.5850256363,-74033.9997917524,-35.0000070333153));
#3544= IFCAXIS2PLACEMENT3D(#3543,#9,#8);
#3545= IFCLOCALPLACEMENT(#3294,#3544);
#3546= IFCBEAM('2mNYc9HFzFIRbJzNO6WbK4',#45,'Drager','L70*7',$,#3545,#3542,'d53');
#3547= IFCQUANTITYVOLUME('NetVolume',$,$,0.00559598928467608);
#3548= IFCQUANTITYWEIGHT('NetWeight',$,$,43.9285158847072);
#3549= IFCELEMENTQUANTITY('2gGcV$fbzAwfFhS3pBXMnm',#5,'BaseQuantities',$,$,(#1171,#1172,#3547,#3548));
#3550= IFCPLANE(#1245);
#3551= IFCHALFSPACESOLID(#3550,.T.);
#3552= IFCBOOLEANCLIPPINGRESULT(.DIFFERENCE.,#1190,#3551);
#3553= IFCPLANE(#695);
#3554= IFCHALFSPACESOLID(#3553,.F.);
#3555= IFCBOOLEANCLIPPINGRESULT(.DIFFERENCE.,#3552,#3554);
#3556= IFCSHAPEREPRESENTATION(#12,'Body','Clipping',(#3555));
#3557= IFCPRODUCTDEFINITIONSHAPE($,$,(#3556));
#3558= IFCCARTESIANPOINT((-15200.5850256363,-67998.9948676714,-35.0000070333153));
#3559= IFCAXIS2PLACEMENT3D(#3558,#9,#7);
#3560= IFCLOCALPLACEMENT(#3478,#3559);
#3561= IFCBEAM('2NrD_MiFbFgfAjZDggpq4j',#44,'Drager','L70*7',$,#3560,#3557,'d52');
#3562= IFCLOCALPLACEMENT(#42,#10);
#3563= IFCELEMENTASSEMBLY('1$kJL3VC13Mh1ARIlpjsgS',#44,'Drager',$,$,#3562,$,'d51',.NOTDEFINED.,.NOTDEFINED.);
#3564= IFCPROPERTYSINGLEVALUE('Assembly/Cast unit weight',$,IFCMASSMEASURE(17.3),$);
#3565= IFCPROPERTYSINGLEVALUE('Assembly/Cast unit Mark',$,IFCLABEL('d51'),$);
#3566= IFCPROPERTYSET('0M8Y9DJOj92Ot67GkptKj5',#5,'Tekla Assembly','Assembly Properties',(#48,#49,#50,#3564,#52,#53,#2637,#3565));
#3567= IFCQUANTITYLENGTH('Width',$,$,169.571376648149);
#3568= IFCELEMENTQUANTITY('1R0LfXe8L8FwR0MfIpfLjD',#5,'BaseQuantities',$,$,(#3567));
#3569= IFCSHAPEREPRESENTATION(#12,'Body','Brep',(#206));
#3570= IFCPRODUCTDEFINITIONSHAPE($,$,(#3569));
#3571= IFCCARTESIANPOINT((-50450.5858543351,-93584.6285649965,-74.000007033332));
#3572= IFCAXIS2PLACEMENT3D(#3571,#9,#8);
#3573= IFCLOCALPLACEMENT(#3562,#3572);
#3574= IFCBEAM('0mPf$ndwLBgPldzEkmQ520',#44,'Kamst\S\el','REBAR8',$,#3573,#3570,'ID30669ff1-9fa5-4ba9-9be7-f4ebb0685080');
#3575= IFCQUANTITYLENGTH('Length',$,$,149.949976367367);
#3576= IFCELEMENTQUANTITY('2FJi0AfeL3sAKRJc0ufFkS',#5,'BaseQuantities',$,$,(#3575,#238,#239,#240));
#3577= IFCSHAPEREPRESENTATION(#12,'Body','Brep',(#206));
#3578= IFCPRODUCTDEFINITIONSHAPE($,$,(#3577));
#3579= IFCCARTESIANPOINT((-50800.5858543351,-93584.6285649965,-74.000007033332));
#3580= IFCAXIS2PLACEMENT3D(#3579,#9,#8);
#3581= IFCLOCALPLACEMENT(#3562,#3580);
#3582= IFCBEAM('3AHeM$sFL5nxr9X6kv_R3D',#44,'Kamst\S\el','REBAR8',$,#3581,#3578,'IDca4685bf-d8f5-45c7-bd49-846bb9f9b0cd');
#3583= IFCSHAPEREPRESENTATION(#12,'Body','Brep',(#206));
#3584= IFCPRODUCTDEFINITIONSHAPE($,$,(#3583));
#3585= IFCCARTESIANPOINT((-51150.5858543351,-93584.6285649965,-74.000007033332));
#3586= IFCAXIS2PLACEMENT3D(#3585,#9,#8);
#3587= IFCLOCALPLACEMENT(#3562,#3586);
#3588= IFCBEAM('2T0PD$OZ5F8v3VcHXVxSXD',#44,'Kamst\S\el','REBAR8',$,#3587,#3584,'ID9d01937f-6231-4f23-90df-99185fedc84d');
#3589= IFCSHAPEREPRESENTATION(#12,'Body','Brep',(#206));
#3590= IFCPRODUCTDEFINITIONSHAPE($,$,(#3589));
#3591= IFCCARTESIANPOINT((-52550.5858543351,-93584.6285649965,-74.000007033332));
#3592= IFCAXIS2PLACEMENT3D(#3591,#9,#8);
#3593= IFCLOCALPLACEMENT(#3562,#3592);
#3594= IFCBEAM('1E_dBxjx5BhQ1HmCGlq0lh',#44,'Kamst\S\el','REBAR8',$,#3593,#3590,'ID4efa72fb-b7b1-4bad-a051-c0c42fd00beb');
#3595= IFCSHAPEREPRESENTATION(#12,'Body','Brep',(#206));
#3596= IFCPRODUCTDEFINITIONSHAPE($,$,(#3595));
#3597= IFCCARTESIANPOINT((-52200.5858543351,-93584.6285649965,-74.000007033332));
#3598= IFCAXIS2PLACEMENT3D(#3597,#9,#8);
#3599= IFCLOCALPLACEMENT(#3562,#3598);
#3600= IFCBEAM('2qwMeFmqr2CAzClvbEIqTk',#44,'Kamst\S\el','REBAR8',$,#3599,#3596,'IDb4e96a0f-c34d-4230-af4c-bf994e4b476e');
#3601= IFCSHAPEREPRESENTATION(#12,'Body','Brep',(#206));
#3602= IFCPRODUCTDEFINITIONSHAPE($,$,(#3601));
#3603= IFCCARTESIANPOINT((-51850.5858543351,-93584.6285649965,-74.000007033332));
#3604= IFCAXIS2PLACEMENT3D(#3603,#9,#8);
#3605= IFCLOCALPLACEMENT(#3562,#3604);
#3606= IFCBEAM('13dimo4Dr0EAkDcaOYpFvw',#44,'Kamst\S\el','REBAR8',$,#3605,#3602,'ID439ecc32-10dd-4038-ab8d-9a4622ccfe7a');
#3607= IFCSHAPEREPRESENTATION(#12,'Body','Brep',(#206));
#3608= IFCPRODUCTDEFINITIONSHAPE($,$,(#3607));
#3609= IFCCARTESIANPOINT((-51500.5858543351,-93584.6285649965,-74.000007033332));
#3610= IFCAXIS2PLACEMENT3D(#3609,#9,#8);
#3611= IFCLOCALPLACEMENT(#3562,#3610);
#3612= IFCBEAM('1DmVi9qlrDVAvCuL4OwdZg',#44,'Kamst\S\el','REBAR8',$,#3611,#3608,'ID4dc1fb09-d2fd-4d7c-ae4c-e15118ea78ea');
#3613= IFCLOCALPLACEMENT(#42,#10);
#3614= IFCELEMENTASSEMBLY('2_38kJL3j9shfVthFYFr2t',#44,'Drager',$,$,#3613,$,'d51',.NOTDEFINED.,.NOTDEFINED.);
#3615= IFCPROPERTYSINGLEVALUE('Assembly/Cast unit position code',$,IFCLABEL('210-209/L'),$);
#3616= IFCPROPERTYSET('2OenINbuD4ARFIX8jQZRe8',#5,'Tekla Assembly','Assembly Properties',(#48,#49,#50,#3564,#52,#53,#3615,#3565));
#3617= IFCSHAPEREPRESENTATION(#12,'Body','Brep',(#206));
#3618= IFCPRODUCTDEFINITIONSHAPE($,$,(#3617));
#3619= IFCCARTESIANPOINT((-50450.5858543351,-94724.6314350035,-74.000007033332));
#3620= IFCAXIS2PLACEMENT3D(#3619,#9,#620);
#3621= IFCLOCALPLACEMENT(#3613,#3620);
#3622= IFCBEAM('2$3_OFsQbEEelAkpn683Os',#44,'Kamst\S\el','REBAR8',$,#3621,#3618,'IDbf0fe60f-d9a9-4e3a-8bca-bb3c46203636');
#3623= IFCSHAPEREPRESENTATION(#12,'Body','Brep',(#206));
#3624= IFCPRODUCTDEFINITIONSHAPE($,$,(#3623));
#3625= IFCCARTESIANPOINT((-50800.5858543351,-94724.6314350035,-74.000007033332));
#3626= IFCAXIS2PLACEMENT3D(#3625,#9,#620);
#3627= IFCLOCALPLACEMENT(#3613,#3626);
#3628= IFCBEAM('3RZeP4TUj2M8yeZnzpbDNV',#44,'Kamst\S\el','REBAR8',$,#3627,#3624,'IDdb8e8644-75eb-4258-8f28-8f1f7394d5df');
#3629= IFCSHAPEREPRESENTATION(#12,'Body','Brep',(#206));
#3630= IFCPRODUCTDEFINITIONSHAPE($,$,(#3629));
#3631= IFCCARTESIANPOINT((-51150.5858543351,-94724.6314350035,-74.000007033332));
#3632= IFCAXIS2PLACEMENT3D(#3631,#9,#620);
#3633= IFCLOCALPLACEMENT(#3613,#3632);
#3634= IFCBEAM('1pveI62950afJp0an_Yhjv',#44,'Kamst\S\el','REBAR8',$,#3633,#3630,'ID73e68486-0891-4092-94f3-024c7e8abb79');
#3635= IFCSHAPEREPRESENTATION(#12,'Body','Brep',(#206));
#3636= IFCPRODUCTDEFINITIONSHAPE($,$,(#3635));
#3637= IFCCARTESIANPOINT((-52550.5858543351,-94724.6314350035,-74.000007033332));
#3638= IFCAXIS2PLACEMENT3D(#3637,#9,#620);
#3639= IFCLOCALPLACEMENT(#3613,#3638);
#3640= IFCBEAM('3AK1oEDCnB9PBjDnchPrzi',#44,'Kamst\S\el','REBAR8',$,#3639,#3636,'IDca501c8e-34cc-4b25-92ed-3719ab675f6c');
#3641= IFCSHAPEREPRESENTATION(#12,'Body','Brep',(#206));
#3642= IFCPRODUCTDEFINITIONSHAPE($,$,(#3641));
#3643= IFCCARTESIANPOINT((-52200.5858543351,-94724.6314350035,-74.000007033332));
#3644= IFCAXIS2PLACEMENT3D(#3643,#9,#620);
#3645= IFCLOCALPLACEMENT(#3613,#3644);
#3646= IFCBEAM('0evWnvoOD6FfhDhovTWQoH',#44,'Kamst\S\el','REBAR8',$,#3645,#3642,'ID28e60c79-c983-463e-9acd-af2e5d81ac91');
#3647= IFCLOCALPLACEMENT(#42,#10);
#3648= IFCELEMENTASSEMBLY('28EEa66er0gBEICzhQuOUy',#44,'Drager',$,$,#3647,$,'d50',.NOTDEFINED.,.NOTDEFINED.);
#3649= IFCPROPERTYSINGLEVALUE('Assembly/Cast unit weight',$,IFCMASSMEASURE(9.4),$);
#3650= IFCPROPERTYSINGLEVALUE('Assembly/Cast unit position code',$,IFCLABEL('209/L-K'),$);
#3651= IFCPROPERTYSINGLEVALUE('Assembly/Cast unit Mark',$,IFCLABEL('d50'),$);
#3652= IFCPROPERTYSET('3hNWOMgfn1pAg3hVOeweF1',#5,'Tekla Assembly','Assembly Properties',(#48,#49,#50,#3649,#52,#53,#3650,#3651));
#3653= IFCQUANTITYLENGTH('Width',$,$,169.571376648164);
#3654= IFCELEMENTQUANTITY('14hhrEDp13aPtSCoNgDqBg',#5,'BaseQuantities',$,$,(#3653));
#3655= IFCSHAPEREPRESENTATION(#12,'Body','Brep',(#206));
#3656= IFCPRODUCTDEFINITIONSHAPE($,$,(#3655));
#3657= IFCCARTESIANPOINT((-50400.5938651702,-93629.6354480389,-74.0000070333356));
#3658= IFCAXIS2PLACEMENT3D(#3657,#9,#7);
#3659= IFCLOCALPLACEMENT(#3647,#3658);
#3660= IFCBEAM('0tpUwkHcHBKxDOX0$zqaSv',#44,'Kamst\S\el','REBAR8',$,#3659,#3656,'ID37cdeeae-4664-4b53-b358-840ffdd24739');
#3661= IFCSHAPEREPRESENTATION(#12,'Body','Brep',(#206));
#3662= IFCPRODUCTDEFINITIONSHAPE($,$,(#3661));
#3663= IFCCARTESIANPOINT((-50400.5938651702,-93979.6354480389,-74.0000070333356));
#3664= IFCAXIS2PLACEMENT3D(#3663,#9,#7);
#3665= IFCLOCALPLACEMENT(#3647,#3664);
#3666= IFCBEAM('0QbhdYm151tvrFMWFgjigr',#44,'Kamst\S\el','REBAR8',$,#3665,#3662,'ID1a96b9e2-c011-41df-9d4f-5a03eab6cab5');
#3667= IFCSHAPEREPRESENTATION(#12,'Body','Brep',(#206));
#3668= IFCPRODUCTDEFINITIONSHAPE($,$,(#3667));
#3669= IFCCARTESIANPOINT((-50400.5938651702,-94329.6354480389,-74.0000070333356));
#3670= IFCAXIS2PLACEMENT3D(#3669,#9,#7);
#3671= IFCLOCALPLACEMENT(#3647,#3670);
#3672= IFCBEAM('1kihJWiyT548519NdrLFVn',#44,'Kamst\S\el','REBAR8',$,#3671,#3668,'ID6eb2b4e0-b3c7-4510-8141-2579f554f7f1');
#3673= IFCSHAPEREPRESENTATION(#12,'Body','Brep',(#206));
#3674= IFCPRODUCTDEFINITIONSHAPE($,$,(#3673));
#3675= IFCCARTESIANPOINT((-50400.5938651702,-94679.6354480389,-74.0000070333356));
#3676= IFCAXIS2PLACEMENT3D(#3675,#9,#7);
#3677= IFCLOCALPLACEMENT(#3647,#3676);
#3678= IFCBEAM('1M3_NkdrDBPv3l3IJKViqA',#44,'Kamst\S\el','REBAR8',$,#3677,#3674,'ID560fe5ee-9f53-4b67-90ef-0d24d47ecd0a');
#3679= IFCLOCALPLACEMENT(#42,#10);
#3680= IFCELEMENTASSEMBLY('0p6T1eMhTAwwfS$b$zzqlC',#44,'Drager',$,$,#3679,$,'d50',.NOTDEFINED.,.NOTDEFINED.);
#3681= IFCPROPERTYSET('3L2ISkEKDDxepRmoHMbtfN',#5,'Tekla Assembly','Assembly Properties',(#48,#49,#50,#3649,#52,#53,#2637,#3651));
#3682= IFCSHAPEREPRESENTATION(#12,'Body','Brep',(#206));
#3683= IFCPRODUCTDEFINITIONSHAPE($,$,(#3682));
#3684= IFCCARTESIANPOINT((-52600.5861348298,-93629.6354480389,-74.0000070333356));
#3685= IFCAXIS2PLACEMENT3D(#3684,#9,#430);
#3686= IFCLOCALPLACEMENT(#3679,#3685);
#3687= IFCBEAM('1cNeNQdzbEFPquqHvwZWSf',#44,'Kamst\S\el','REBAR8',$,#3686,#3683,'ID665e85da-9fd9-4e3d-9d38-d11e7a8e0729');
#3688= IFCSHAPEREPRESENTATION(#12,'Body','Brep',(#206));
#3689= IFCPRODUCTDEFINITIONSHAPE($,$,(#3688));
#3690= IFCCARTESIANPOINT((-52600.5861348298,-93979.6354480389,-74.0000070333356));
#3691= IFCAXIS2PLACEMENT3D(#3690,#9,#430);
#3692= IFCLOCALPLACEMENT(#3679,#3691);
#3693= IFCBEAM('3Xlcws0bfAgQOe1q5KFjox',#44,'Kamst\S\el','REBAR8',$,#3692,#3689,'IDe1be6eb6-025a-4aa9-a628-0741543edcbb');
#3694= IFCSHAPEREPRESENTATION(#12,'Body','Brep',(#206));
#3695= IFCPRODUCTDEFINITIONSHAPE($,$,(#3694));
#3696= IFCCARTESIANPOINT((-52600.5861348298,-94329.6354480389,-74.0000070333356));
#3697= IFCAXIS2PLACEMENT3D(#3696,#9,#430);
#3698= IFCLOCALPLACEMENT(#3679,#3697);
#3699= IFCBEAM('0tgE5ijFPBpOk7m76_8YP$',#44,'Kamst\S\el','REBAR8',$,#3698,#3695,'ID37a8e16c-b4f6-4bcd-8b87-c071be22267f');
#3700= IFCSHAPEREPRESENTATION(#12,'Body','Brep',(#206));
#3701= IFCPRODUCTDEFINITIONSHAPE($,$,(#3700));
#3702= IFCCARTESIANPOINT((-52600.5861348298,-94679.6354480389,-74.0000070333356));
#3703= IFCAXIS2PLACEMENT3D(#3702,#9,#430);
#3704= IFCLOCALPLACEMENT(#3679,#3703);
#3705= IFCBEAM('0nf2XkRUn2AOhrAp1bYag2',#44,'Kamst\S\el','REBAR8',$,#3704,#3701,'ID31a4286e-6dec-4229-8af5-2b30658a4a82');
#3706= IFCSHAPEREPRESENTATION(#12,'Body','Brep',(#206));
#3707= IFCPRODUCTDEFINITIONSHAPE($,$,(#3706));
#3708= IFCCARTESIANPOINT((-51850.5858543351,-94724.6314350035,-74.000007033332));
#3709= IFCAXIS2PLACEMENT3D(#3708,#9,#620);
#3710= IFCLOCALPLACEMENT(#3613,#3709);
#3711= IFCBEAM('0YC$qVF$D5xBvozsos_VVH',#44,'Kamst\S\el','REBAR8',$,#3710,#3707,'ID2233fd1f-3ff3-45ec-be72-f76cb6f9f7d1');
#3712= IFCSHAPEREPRESENTATION(#12,'Body','Brep',(#206));
#3713= IFCPRODUCTDEFINITIONSHAPE($,$,(#3712));
#3714= IFCCARTESIANPOINT((-51500.5858543351,-94724.6314350035,-74.000007033332));
#3715= IFCAXIS2PLACEMENT3D(#3714,#9,#620);
#3716= IFCLOCALPLACEMENT(#3613,#3715);
#3717= IFCBEAM('2oqLeHw3j3iBzIXjIBZxks',#44,'Kamst\S\el','REBAR8',$,#3716,#3713,'IDb2d15a11-e83b-43b0-bf52-86d48b8fbbb6');
#3718= IFCCARTESIANPOINT((2265.69984741211,0.,0.));
#3719= IFCAXIS2PLACEMENT3D(#3718,#430,#620);
#3720= IFCEXTRUDEDAREASOLID(#645,#3719,#9,2371.4);
#3721= IFCCARTESIANPOINT((2159.99984741211,-35.,35.0000070333263));
#3722= IFCAXIS2PLACEMENT3D(#3721,#694,#1196);
#3723= IFCPLANE(#3722);
#3724= IFCHALFSPACESOLID(#3723,.T.);
#3725= IFCBOOLEANCLIPPINGRESULT(.DIFFERENCE.,#3720,#3724);
#3726= IFCPLANE(#695);
#3727= IFCHALFSPACESOLID(#3726,.F.);
#3728= IFCBOOLEANCLIPPINGRESULT(.DIFFERENCE.,#3725,#3727);
#3729= IFCSHAPEREPRESENTATION(#12,'Body','Clipping',(#3728));
#3730= IFCSTYLEDITEM(#3720,(#641),$);
#3731= IFCPRODUCTDEFINITIONSHAPE($,$,(#3729));
#3732= IFCCARTESIANPOINT((-52580.5879248062,-93569.6267750201,-35.0000070333153));
#3733= IFCAXIS2PLACEMENT3D(#3732,#9,#7);
#3734= IFCLOCALPLACEMENT(#3562,#3733);
#3735= IFCBEAM('3MWEFp3_PBavJI3iKEa79g',#44,'Drager','L70*7',$,#3734,#3731,'d51');
#3736= IFCPROPERTYSINGLEVALUE('Weight',$,IFCMASSMEASURE(16.97),$);
#3737= IFCPROPERTYSINGLEVALUE('Volume',$,IFCVOLUMEMEASURE(0.002),$);
#3738= IFCPROPERTYSINGLEVALUE('Gross footprint area',$,IFCAREAMEASURE(0.016),$);
#3739= IFCPROPERTYSINGLEVALUE('Net surface area',$,IFCAREAMEASURE(0.617),$);
#3740= IFCPROPERTYSINGLEVALUE('Length',$,IFCLENGTHMEASURE(2300.),$);
#3741= IFCPROPERTYSET('3lh0fRy0LC0A3Afnx1w8$o',#5,'Tekla Quantity','Quantity Properties to Shared building elements',(#3736,#3737,#3738,#669,#3739,#671,#672,#3740));
#3742= IFCPROPERTYSINGLEVALUE('Reference',$,IFCIDENTIFIER('d51'),$);
#3743= IFCPROPERTYSET('0svoXKQ7j8vBykxn6NzBqd',#5,'Pset_BeamCommon','Common Properties to beam elements',(#234,#3742));
#3744= IFCQUANTITYLENGTH('Length',$,$,2299.99984741211);
#3745= IFCQUANTITYAREA('OuterSurfaceArea',$,$,0.625599992536092);
#3746= IFCQUANTITYVOLUME('NetVolume',$,$,0.00212613381520098);
#3747= IFCQUANTITYWEIGHT('NetWeight',$,$,16.6901504493277);
#3748= IFCELEMENTQUANTITY('3AcK3GTYr6Nhd_w41Wvla0',#5,'BaseQuantities',$,$,(#3744,#3745,#3746,#3747));
#3749= IFCCARTESIANPOINT((1205.69849031865,0.,0.));
#3750= IFCAXIS2PLACEMENT3D(#3749,#430,#620);
#3751= IFCEXTRUDEDAREASOLID(#645,#3750,#9,1311.4);
#3752= IFCCARTESIANPOINT((1099.99847412109,-35.,35.0000070333226));
#3753= IFCAXIS2PLACEMENT3D(#3752,#694,#1196);
#3754= IFCPLANE(#3753);
#3755= IFCHALFSPACESOLID(#3754,.T.);
#3756= IFCBOOLEANCLIPPINGRESULT(.DIFFERENCE.,#3751,#3755);
#3757= IFCPLANE(#695);
#3758= IFCHALFSPACESOLID(#3757,.F.);
#3759= IFCBOOLEANCLIPPINGRESULT(.DIFFERENCE.,#3756,#3758);
#3760= IFCSHAPEREPRESENTATION(#12,'Body','Clipping',(#3759));
#3761= IFCSTYLEDITEM(#3751,(#641),$);
#3762= IFCPRODUCTDEFINITIONSHAPE($,$,(#3760));
#3763= IFCCARTESIANPOINT((-50385.5920751938,-93604.6347508588,-35.0000070333117));
#3764= IFCAXIS2PLACEMENT3D(#3763,#9,#620);
#3765= IFCLOCALPLACEMENT(#3647,#3764);
#3766= IFCBEAM('3gsSSq4czFSREUn536cRp4',#44,'Drager','L70*7',$,#3765,#3762,'d50');
#3767= IFCPROPERTYSINGLEVALUE('Weight',$,IFCMASSMEASURE(9.15),$);
#3768= IFCPROPERTYSINGLEVALUE('Gross footprint area',$,IFCAREAMEASURE(0.009),$);
#3769= IFCPROPERTYSINGLEVALUE('Net surface area',$,IFCAREAMEASURE(0.329),$);
#3770= IFCPROPERTYSINGLEVALUE('Length',$,IFCLENGTHMEASURE(1240.),$);
#3771= IFCPROPERTYSET('3j9bswHuL2w87cmyeipm2Q',#5,'Tekla Quantity','Quantity Properties to Shared building elements',(#3767,#1209,#3768,#669,#3769,#671,#672,#3770));
#3772= IFCPROPERTYSINGLEVALUE('Reference',$,IFCIDENTIFIER('d50'),$);
#3773= IFCPROPERTYSET('2M3_HBcSbA3OCJKdGZFb18',#5,'Pset_BeamCommon','Common Properties to beam elements',(#234,#3772));
#3774= IFCQUANTITYLENGTH('Length',$,$,1239.99850620664);
#3775= IFCQUANTITYAREA('OuterSurfaceArea',$,$,0.337279612040184);
#3776= IFCQUANTITYVOLUME('NetVolume',$,$,0.0011291997448147);
#3777= IFCQUANTITYWEIGHT('NetWeight',$,$,8.86421799679543);
#3778= IFCELEMENTQUANTITY('1CmW9PQv93YxwYlJGMwg71',#5,'BaseQuantities',$,$,(#3774,#3775,#3776,#3777));
#3779= IFCAXIS2PLACEMENT3D(#3721,#649,#9);
#3780= IFCPLANE(#3779);
#3781= IFCHALFSPACESOLID(#3780,.F.);
#3782= IFCBOOLEANCLIPPINGRESULT(.DIFFERENCE.,#3720,#3781);
#3783= IFCPLANE(#1197);
#3784= IFCHALFSPACESOLID(#3783,.T.);
#3785= IFCBOOLEANCLIPPINGRESULT(.DIFFERENCE.,#3782,#3784);
#3786= IFCSHAPEREPRESENTATION(#12,'Body','Clipping',(#3785));
#3787= IFCPRODUCTDEFINITIONSHAPE($,$,(#3786));
#3788= IFCCARTESIANPOINT((-50420.5880773941,-94739.6332249799,-35.0000070333117));
#3789= IFCAXIS2PLACEMENT3D(#3788,#9,#430);
#3790= IFCLOCALPLACEMENT(#3613,#3789);
#3791= IFCBEAM('0D0htuumX1hOPrfjloGP_2',#44,'Drager','L70*7',$,#3790,#3787,'d51');
#3792= IFCQUANTITYVOLUME('NetVolume',$,$,0.00212613381520098);
#3793= IFCQUANTITYWEIGHT('NetWeight',$,$,16.6901504493277);
#3794= IFCELEMENTQUANTITY('3Uadja36r9fhuaC8iKOrep',#5,'BaseQuantities',$,$,(#3744,#3745,#3792,#3793));
#3795= IFCAXIS2PLACEMENT3D(#3752,#649,#9);
#3796= IFCPLANE(#3795);
#3797= IFCHALFSPACESOLID(#3796,.F.);
#3798= IFCBOOLEANCLIPPINGRESULT(.DIFFERENCE.,#3751,#3797);
#3799= IFCPLANE(#1197);
#3800= IFCHALFSPACESOLID(#3799,.T.);
#3801= IFCBOOLEANCLIPPINGRESULT(.DIFFERENCE.,#3798,#3800);
#3802= IFCSHAPEREPRESENTATION(#12,'Body','Clipping',(#3801));
#3803= IFCPRODUCTDEFINITIONSHAPE($,$,(#3802));
#3804= IFCCARTESIANPOINT((-52615.5879248062,-94704.6332249799,-35.0000070333153));
#3805= IFCAXIS2PLACEMENT3D(#3804,#9,#8);
#3806= IFCLOCALPLACEMENT(#3679,#3805);
#3807= IFCBEAM('29wBoZ5mPEruRaQTBAkYXX',#44,'Drager','L70*7',$,#3806,#3803,'d50');
#3808= IFCQUANTITYLENGTH('Length',$,$,1239.99850620665);
#3809= IFCQUANTITYAREA('OuterSurfaceArea',$,$,0.337279612040186);
#3810= IFCQUANTITYVOLUME('NetVolume',$,$,0.0011291997448147);
#3811= IFCQUANTITYWEIGHT('NetWeight',$,$,8.86421799679543);
#3812= IFCELEMENTQUANTITY('05rieo0Ab0nB_ULFy7iodu',#5,'BaseQuantities',$,$,(#3808,#3809,#3810,#3811));
#3813= IFCLOCALPLACEMENT(#42,#10);
#3814= IFCELEMENTASSEMBLY('0CU_zz5zP0pOWxSfm1YlfA',#44,'Drager',$,$,#3813,$,'d51',.NOTDEFINED.,.NOTDEFINED.);
#3815= IFCPROPERTYSINGLEVALUE('Assembly/Cast unit position code',$,IFCLABEL('205-204/H'),$);
#3816= IFCPROPERTYSET('3bOxIGhWb449KRd4iAHWBV',#5,'Tekla Assembly','Assembly Properties',(#48,#49,#50,#3564,#52,#53,#3815,#3565));
#3817= IFCSHAPEREPRESENTATION(#12,'Body','Brep',(#206));
#3818= IFCPRODUCTDEFINITIONSHAPE($,$,(#3817));
#3819= IFCCARTESIANPOINT((-25530.5858543351,-65264.6285649965,-74.000007033332));
#3820= IFCAXIS2PLACEMENT3D(#3819,#9,#8);
#3821= IFCLOCALPLACEMENT(#3813,#3820);
#3822= IFCBEAM('2YmXcmwzX1Heir2YgW2Tfo',#44,'Kamst\S\el','REBAR8',$,#3821,#3818,'IDa2c219b0-ebd8-4146-8b35-0a2aa009da72');
#3823= IFCQUANTITYLENGTH('Length',$,$,149.949976367257);
#3824= IFCELEMENTQUANTITY('173dhGXav74h_RYZdls1Iu',#5,'BaseQuantities',$,$,(#3823,#238,#239,#240));
#3825= IFCSHAPEREPRESENTATION(#12,'Body','Brep',(#206));
#3826= IFCPRODUCTDEFINITIONSHAPE($,$,(#3825));
#3827= IFCCARTESIANPOINT((-25880.5858543351,-65264.6285649965,-74.000007033332));
#3828= IFCAXIS2PLACEMENT3D(#3827,#9,#8);
#3829= IFCLOCALPLACEMENT(#3813,#3828);
#3830= IFCBEAM('22LGp5uSz3$84$9JRJb5LC',#44,'Kamst\S\el','REBAR8',$,#3829,#3826,'ID82550cc5-e1cf-43fc-813f-2536d394554c');
#3831= IFCSHAPEREPRESENTATION(#12,'Body','Brep',(#206));
#3832= IFCPRODUCTDEFINITIONSHAPE($,$,(#3831));
#3833= IFCCARTESIANPOINT((-26230.5858543351,-65264.6285649965,-74.000007033332));
#3834= IFCAXIS2PLACEMENT3D(#3833,#9,#8);
#3835= IFCLOCALPLACEMENT(#3813,#3834);
#3836= IFCBEAM('03yt0myNP04guHBX3oQyUE',#44,'Kamst\S\el','REBAR8',$,#3835,#3832,'ID03f37030-f176-4012-ae11-2e10f26bc78e');
#3837= IFCSHAPEREPRESENTATION(#12,'Body','Brep',(#206));
#3838= IFCPRODUCTDEFINITIONSHAPE($,$,(#3837));
#3839= IFCCARTESIANPOINT((-27630.5858543351,-65264.6285649965,-74.000007033332));
#3840= IFCAXIS2PLACEMENT3D(#3839,#9,#8);
#3841= IFCLOCALPLACEMENT(#3813,#3840);
#3842= IFCBEAM('3VpO_gEpDEnfGDNzFhpuZh',#44,'Kamst\S\el','REBAR8',$,#3841,#3838,'IDdfcd8faa-3b33-4ec6-940d-5fd3ebcf88eb');
#3843= IFCSHAPEREPRESENTATION(#12,'Body','Brep',(#206));
#3844= IFCPRODUCTDEFINITIONSHAPE($,$,(#3843));
#3845= IFCCARTESIANPOINT((-27280.5858543351,-65264.6285649965,-74.000007033332));
#3846= IFCAXIS2PLACEMENT3D(#3845,#9,#8);
#3847= IFCLOCALPLACEMENT(#3813,#3846);
#3848= IFCBEAM('3jKKW5p4nAoOSAAbolzNNN',#44,'Kamst\S\el','REBAR8',$,#3847,#3844,'IDed514805-cc4c-4ac9-870a-2a5caff575d7');
#3849= IFCSHAPEREPRESENTATION(#12,'Body','Brep',(#206));
#3850= IFCPRODUCTDEFINITIONSHAPE($,$,(#3849));
#3851= IFCCARTESIANPOINT((-26930.5858543351,-65264.6285649965,-74.000007033332));
#3852= IFCAXIS2PLACEMENT3D(#3851,#9,#8);
#3853= IFCLOCALPLACEMENT(#3813,#3852);
#3854= IFCBEAM('0lTzNQ7MbFuwq8M$4BIdDM',#44,'Kamst\S\el','REBAR8',$,#3853,#3850,'ID2f77d5da-1d69-4fe3-ad08-5bf10b4a7356');
#3855= IFCSHAPEREPRESENTATION(#12,'Body','Brep',(#206));
#3856= IFCPRODUCTDEFINITIONSHAPE($,$,(#3855));
#3857= IFCCARTESIANPOINT((-26580.5858543351,-65264.6285649965,-74.000007033332));
#3858= IFCAXIS2PLACEMENT3D(#3857,#9,#8);
#3859= IFCLOCALPLACEMENT(#3813,#3858);
#3860= IFCBEAM('2PXRd3Tsj9kg8mTZstCayV',#44,'Kamst\S\el','REBAR8',$,#3859,#3856,'ID9985b9c3-776b-49ba-a230-763db7324f1f');
#3861= IFCPLANE(#3722);
#3862= IFCHALFSPACESOLID(#3861,.T.);
#3863= IFCBOOLEANCLIPPINGRESULT(.DIFFERENCE.,#3720,#3862);
#3864= IFCPLANE(#695);
#3865= IFCHALFSPACESOLID(#3864,.F.);
#3866= IFCBOOLEANCLIPPINGRESULT(.DIFFERENCE.,#3863,#3865);
#3867= IFCSHAPEREPRESENTATION(#12,'Body','Clipping',(#3866));
#3868= IFCPRODUCTDEFINITIONSHAPE($,$,(#3867));
#3869= IFCCARTESIANPOINT((-27660.5879248062,-65249.6267750201,-35.0000070333153));
#3870= IFCAXIS2PLACEMENT3D(#3869,#9,#7);
#3871= IFCLOCALPLACEMENT(#3813,#3870);
#3872= IFCBEAM('1P0Y$UxTTCXu3GzyF2J5JK',#44,'Drager','L70*7',$,#3871,#3868,'d51');
#3873= IFCQUANTITYLENGTH('Length',$,$,2299.99984741211);
#3874= IFCQUANTITYAREA('OuterSurfaceArea',$,$,0.625599992536091);
#3875= IFCELEMENTQUANTITY('246y9TLlTEGfJCeXnPR6SQ',#5,'BaseQuantities',$,$,(#3873,#3874,#3746,#3747));
#3876= IFCLOCALPLACEMENT(#42,#10);
#3877= IFCELEMENTASSEMBLY('3yEFf5DCz9PPiwBkVOvdt6',#44,'Drager',$,$,#3876,$,'d51',.NOTDEFINED.,.NOTDEFINED.);
#3878= IFCPROPERTYSET('2B5QLIcYL1F8gyalJjV_Se',#5,'Tekla Assembly','Assembly Properties',(#48,#49,#50,#3564,#52,#53,#3010,#3565));
#3879= IFCSHAPEREPRESENTATION(#12,'Body','Brep',(#206));
#3880= IFCPRODUCTDEFINITIONSHAPE($,$,(#3879));
#3881= IFCCARTESIANPOINT((-25530.5858543351,-66404.6314350035,-74.000007033332));
#3882= IFCAXIS2PLACEMENT3D(#3881,#9,#620);
#3883= IFCLOCALPLACEMENT(#3876,#3882);
#3884= IFCBEAM('16DX8G7t1A3wWsIFGzG$PA',#44,'Kamst\S\el','REBAR8',$,#3883,#3880,'ID46361210-1f70-4a0f-a836-48f43d43f64a');
#3885= IFCQUANTITYLENGTH('Length',$,$,149.949976367308);
#3886= IFCELEMENTQUANTITY('3MLMwOHyj6y8myuVnOx5Ge',#5,'BaseQuantities',$,$,(#3885,#238,#239,#240));
#3887= IFCSHAPEREPRESENTATION(#12,'Body','Brep',(#206));
#3888= IFCPRODUCTDEFINITIONSHAPE($,$,(#3887));
#3889= IFCCARTESIANPOINT((-25880.5858543351,-66404.6314350035,-74.000007033332));
#3890= IFCAXIS2PLACEMENT3D(#3889,#9,#620);
#3891= IFCLOCALPLACEMENT(#3876,#3890);
#3892= IFCBEAM('3SHs_AF_j6Axrx8DpyuX5C',#44,'Kamst\S\el','REBAR8',$,#3891,#3888,'IDdc476f8a-3feb-462b-bd7b-20dcfce2114c');
#3893= IFCQUANTITYLENGTH('Length',$,$,149.949976367279);
#3894= IFCELEMENTQUANTITY('3S1$gVxsX1I9$g$W2BtpwA',#5,'BaseQuantities',$,$,(#3893,#238,#239,#240));
#3895= IFCSHAPEREPRESENTATION(#12,'Body','Brep',(#206));
#3896= IFCPRODUCTDEFINITIONSHAPE($,$,(#3895));
#3897= IFCCARTESIANPOINT((-26230.5858543351,-66404.6314350035,-74.000007033332));
#3898= IFCAXIS2PLACEMENT3D(#3897,#9,#620);
#3899= IFCLOCALPLACEMENT(#3876,#3898);
#3900= IFCBEAM('1uJNNhubT1jAIwU9VhnNnZ',#44,'Kamst\S\el','REBAR8',$,#3899,#3896,'ID784d75eb-e257-41b4-a4ba-7897ebc57c63');
#3901= IFCSHAPEREPRESENTATION(#12,'Body','Brep',(#206));
#3902= IFCPRODUCTDEFINITIONSHAPE($,$,(#3901));
#3903= IFCCARTESIANPOINT((-27630.5858543351,-66404.6314350035,-74.000007033332));
#3904= IFCAXIS2PLACEMENT3D(#3903,#9,#620);
#3905= IFCLOCALPLACEMENT(#3876,#3904);
#3906= IFCBEAM('20M_rj321EdudixFGDeMNM',#44,'Kamst\S\el','REBAR8',$,#3905,#3902,'ID805bed6d-0c20-4e9f-89ec-ecf40da165d6');
#3907= IFCSHAPEREPRESENTATION(#12,'Body','Brep',(#206));
#3908= IFCPRODUCTDEFINITIONSHAPE($,$,(#3907));
#3909= IFCCARTESIANPOINT((-27280.5858543351,-66404.6314350035,-74.000007033332));
#3910= IFCAXIS2PLACEMENT3D(#3909,#9,#620);
#3911= IFCLOCALPLACEMENT(#3876,#3910);
#3912= IFCBEAM('1VoKWgKPr9kfJfh8Djuv30',#44,'Kamst\S\el','REBAR8',$,#3911,#3908,'ID5fc9482a-519d-49ba-94e9-ac836de390c0');
#3913= IFCLOCALPLACEMENT(#42,#10);
#3914= IFCELEMENTASSEMBLY('0YYMhQYMb0a9wMa1ldsMlB',#44,'Drager',$,$,#3913,$,'d50',.NOTDEFINED.,.NOTDEFINED.);
#3915= IFCPROPERTYSET('3Mcr6958D1TPYDi_JZ_lv3',#5,'Tekla Assembly','Assembly Properties',(#48,#49,#50,#3649,#52,#53,#3010,#3651));
#3916= IFCSHAPEREPRESENTATION(#12,'Body','Brep',(#206));
#3917= IFCPRODUCTDEFINITIONSHAPE($,$,(#3916));
#3918= IFCCARTESIANPOINT((-25480.5938651702,-65309.6354480389,-74.0000070333356));
#3919= IFCAXIS2PLACEMENT3D(#3918,#9,#7);
#3920= IFCLOCALPLACEMENT(#3913,#3919);
#3921= IFCBEAM('3i6O$AOWL53wX1W1stp97z',#44,'Kamst\S\el','REBAR8',$,#3920,#3917,'IDec198fca-6205-450f-a841-801db7cc91fd');
#3922= IFCQUANTITYLENGTH('Length',$,$,149.949976367232);
#3923= IFCELEMENTQUANTITY('0OLcRLFgH61uQyx0pGwLwz',#5,'BaseQuantities',$,$,(#3922,#238,#239,#240));
#3924= IFCSHAPEREPRESENTATION(#12,'Body','Brep',(#206));
#3925= IFCPRODUCTDEFINITIONSHAPE($,$,(#3924));
#3926= IFCCARTESIANPOINT((-25480.5938651702,-65659.6354480389,-74.0000070333356));
#3927= IFCAXIS2PLACEMENT3D(#3926,#9,#7);
#3928= IFCLOCALPLACEMENT(#3913,#3927);
#3929= IFCBEAM('0NeR5gomj9uB9xERZVc0vT',#44,'Kamst\S\el','REBAR8',$,#3928,#3925,'ID17a1b16a-cb0b-49e0-b27b-39b8df980e5d');
#3930= IFCQUANTITYLENGTH('Length',$,$,149.949976367287);
#3931= IFCELEMENTQUANTITY('2XB0KkQwf5Mufn5X07rm0E',#5,'BaseQuantities',$,$,(#3930,#238,#239,#240));
#3932= IFCSHAPEREPRESENTATION(#12,'Body','Brep',(#206));
#3933= IFCPRODUCTDEFINITIONSHAPE($,$,(#3932));
#3934= IFCCARTESIANPOINT((-25480.5938651702,-66009.6354480389,-74.0000070333356));
#3935= IFCAXIS2PLACEMENT3D(#3934,#9,#7);
#3936= IFCLOCALPLACEMENT(#3913,#3935);
#3937= IFCBEAM('2r9J47j21AU8dS66bMta8F',#44,'Kamst\S\el','REBAR8',$,#3936,#3933,'IDb5253107-b420-4a78-89dc-186956de420f');
#3938= IFCSHAPEREPRESENTATION(#12,'Body','Brep',(#206));
#3939= IFCPRODUCTDEFINITIONSHAPE($,$,(#3938));
#3940= IFCCARTESIANPOINT((-25480.5938651702,-66359.6354480389,-74.0000070333356));
#3941= IFCAXIS2PLACEMENT3D(#3940,#9,#7);
#3942= IFCLOCALPLACEMENT(#3913,#3941);
#3943= IFCBEAM('0JrkYm0gf8AeMU7ZYtJ8Sl',#44,'Kamst\S\el','REBAR8',$,#3942,#3939,'ID13d6e8b0-02aa-482a-859e-1e38b74c872f');
#3944= IFCPLANE(#3753);
#3945= IFCHALFSPACESOLID(#3944,.T.);
#3946= IFCBOOLEANCLIPPINGRESULT(.DIFFERENCE.,#3751,#3945);
#3947= IFCPLANE(#695);
#3948= IFCHALFSPACESOLID(#3947,.F.);
#3949= IFCBOOLEANCLIPPINGRESULT(.DIFFERENCE.,#3946,#3948);
#3950= IFCSHAPEREPRESENTATION(#12,'Body','Clipping',(#3949));
#3951= IFCPRODUCTDEFINITIONSHAPE($,$,(#3950));
#3952= IFCCARTESIANPOINT((-25465.5920751938,-65284.6347508588,-35.0000070333117));
#3953= IFCAXIS2PLACEMENT3D(#3952,#9,#620);
#3954= IFCLOCALPLACEMENT(#3913,#3953);
#3955= IFCBEAM('3Tc6v3xwL72OE0qlNLtgiW',#44,'Drager','L70*7',$,#3954,#3951,'d50');
#3956= IFCQUANTITYLENGTH('Length',$,$,1239.99850620665);
#3957= IFCQUANTITYAREA('OuterSurfaceArea',$,$,0.337279612040186);
#3958= IFCELEMENTQUANTITY('3A02q6M8HD7PVtDdJ3XyPH',#5,'BaseQuantities',$,$,(#3956,#3957,#3776,#3777));
#3959= IFCLOCALPLACEMENT(#42,#10);
#3960= IFCELEMENTASSEMBLY('3E4L7QMu51GRgd$LM9jsM1',#44,'Drager',$,$,#3959,$,'d49',.NOTDEFINED.,.NOTDEFINED.);
#3961= IFCPROPERTYSINGLEVALUE('Assembly/Cast unit weight',$,IFCMASSMEASURE(19.3),$);
#3962= IFCPROPERTYSINGLEVALUE('Assembly/Cast unit position code',$,IFCLABEL('217-216/I-H'),$);
#3963= IFCPROPERTYSINGLEVALUE('Assembly/Cast unit Mark',$,IFCLABEL('d49'),$);
#3964= IFCPROPERTYSET('1Qq7HA9dn5reVOD6kuc32G',#5,'Tekla Assembly','Assembly Properties',(#48,#49,#50,#3961,#52,#53,#3962,#3963));
#3965= IFCQUANTITYLENGTH('Width',$,$,839.135506574815);
#3966= IFCELEMENTQUANTITY('1IuLyz_UvFawUOG1_WjbrC',#5,'BaseQuantities',$,$,(#3965));
#3967= IFCSHAPEREPRESENTATION(#12,'Body','Brep',(#206));
#3968= IFCPRODUCTDEFINITIONSHAPE($,$,(#3967));
#3969= IFCCARTESIANPOINT((-89620.569907335,-66909.6040717302,-74.0000070333356));
#3970= IFCAXIS2PLACEMENT3D(#3969,#9,#430);
#3971= IFCLOCALPLACEMENT(#3959,#3970);
#3972= IFCBEAM('3MDqUN0_L6CBDFJfKL6Ce3',#44,'Kamst\S\el','REBAR8',$,#3971,#3968,'IDd6374797-03e5-4630-b34f-4e951518ca03');
#3973= IFCQUANTITYLENGTH('Length',$,$,149.94997636725);
#3974= IFCELEMENTQUANTITY('1wRs1C3knCV8x_vkRP4OMI',#5,'BaseQuantities',$,$,(#3973,#238,#239,#240));
#3975= IFCSHAPEREPRESENTATION(#12,'Body','Brep',(#206));
#3976= IFCPRODUCTDEFINITIONSHAPE($,$,(#3975));
#3977= IFCCARTESIANPOINT((-89620.569907335,-67259.6040717302,-74.0000070333356));
#3978= IFCAXIS2PLACEMENT3D(#3977,#9,#430);
#3979= IFCLOCALPLACEMENT(#3959,#3978);
#3980= IFCBEAM('3g2HE$20D4tPaTzeqwZZck',#44,'Kamst\S\el','REBAR8',$,#3979,#3976,'IDea0913bf-0803-44dd-991d-f68d3a8e39ae');
#3981= IFCSHAPEREPRESENTATION(#12,'Body','Brep',(#206));
#3982= IFCPRODUCTDEFINITIONSHAPE($,$,(#3981));
#3983= IFCCARTESIANPOINT((-89175.5805730423,-66814.61088538,-74.0000070333356));
#3984= IFCDIRECTION((-2.55199993261459E-06,0.999999999996744,0.));
#3985= IFCAXIS2PLACEMENT3D(#3983,#9,#3984);
#3986= IFCLOCALPLACEMENT(#3959,#3985);
#3987= IFCBEAM('0jmziXmUTDOhWOQHUeKraa',#44,'Kamst\S\el','REBAR8',$,#3986,#3982,'ID2dc3db21-c1e7-4d62-b818-6917a8535924');
#3988= IFCQUANTITYLENGTH('Length',$,$,149.949976369928);
#3989= IFCELEMENTQUANTITY('3BUtTuYU92AfNiwtwUiexv',#5,'BaseQuantities',$,$,(#3988,#238,#239,#240));
#3990= IFCSHAPEREPRESENTATION(#12,'Body','Brep',(#206));
#3991= IFCPRODUCTDEFINITIONSHAPE($,$,(#3990));
#3992= IFCCARTESIANPOINT((-89525.580573041,-66814.6116182821,-74.0000070333356));
#3993= IFCAXIS2PLACEMENT3D(#3992,#9,#3984);
#3994= IFCLOCALPLACEMENT(#3959,#3993);
#3995= IFCBEAM('3KBjK1sgb2QB6vRiLXUzm$',#44,'Kamst\S\el','REBAR8',$,#3994,#3991,'IDd42ed501-daa9-4268-b1b9-6ec5617bdc3f');
#3996= IFCSHAPEREPRESENTATION(#12,'Body','Brep',(#206));
#3997= IFCPRODUCTDEFINITIONSHAPE($,$,(#3996));
#3998= IFCCARTESIANPOINT((-89080.5807340072,-67259.6066732066,-74.000007033332));
#3999= IFCDIRECTION((0.999999999996744,2.55199993262425E-06,0.));
#4000= IFCAXIS2PLACEMENT3D(#3998,#9,#3999);
#4001= IFCLOCALPLACEMENT(#3959,#4000);
#4002= IFCBEAM('3jPtpm4jL8IeqtlK07bx8O',#44,'Kamst\S\el','REBAR8',$,#4001,#3997,'IDed677cf0-12d5-484a-8d37-bd400797b218');
#4003= IFCQUANTITYLENGTH('Length',$,$,149.949976369375);
#4004= IFCELEMENTQUANTITY('0yamLI0aj60Bxhtp7NZxeV',#5,'BaseQuantities',$,$,(#4003,#238,#239,#240));
#4005= IFCSHAPEREPRESENTATION(#12,'Body','Brep',(#206));
#4006= IFCPRODUCTDEFINITIONSHAPE($,$,(#4005));
#4007= IFCCARTESIANPOINT((-89080.5814669068,-66909.6066732066,-74.000007033332));
#4008= IFCAXIS2PLACEMENT3D(#4007,#9,#3999);
#4009= IFCLOCALPLACEMENT(#3959,#4008);
#4010= IFCBEAM('0WpPKDjkPD8OXdQ9Mg2l5w',#44,'Kamst\S\el','REBAR8',$,#4009,#4006,'ID20cd950d-b6e6-4d21-8867-6895aa0af17a');
#4011= IFCSHAPEREPRESENTATION(#12,'Body','Brep',(#206));
#4012= IFCPRODUCTDEFINITIONSHAPE($,$,(#4011));
#4013= IFCCARTESIANPOINT((-89525.5696268403,-67354.6000586948,-74.000007033332));
#4014= IFCAXIS2PLACEMENT3D(#4013,#9,#620);
#4015= IFCLOCALPLACEMENT(#3959,#4014);
#4016= IFCBEAM('3zakmTPVr1HggpscK8yvZA',#44,'Kamst\S\el','REBAR8',$,#4015,#4012,'IDfd92ec1d-65fd-4146-aab3-da6508f398ca');
#4017= IFCSHAPEREPRESENTATION(#12,'Body','Brep',(#206));
#4018= IFCPRODUCTDEFINITIONSHAPE($,$,(#4017));
#4019= IFCCARTESIANPOINT((-89175.5696268403,-67354.6000586948,-74.000007033332));
#4020= IFCAXIS2PLACEMENT3D(#4019,#9,#620);
#4021= IFCLOCALPLACEMENT(#3959,#4020);
#4022= IFCBEAM('3sT_0LIjn7wxm$VtkiZ1yJ',#44,'Kamst\S\el','REBAR8',$,#4021,#4018,'IDf677e015-4adc-47eb-bc3f-7f7bac8c1f13');
#4023= IFCCARTESIANPOINT((605.69863814623,0.,0.));
#4024= IFCAXIS2PLACEMENT3D(#4023,#430,#620);
#4025= IFCEXTRUDEDAREASOLID(#645,#4024,#9,711.4);
#4026= IFCCARTESIANPOINT((499.998474134278,-34.9999998010608,35.0000070333226));
#4027= IFCAXIS2PLACEMENT3D(#4026,#694,#1196);
#4028= IFCPLANE(#4027);
#4029= IFCHALFSPACESOLID(#4028,.T.);
#4030= IFCBOOLEANCLIPPINGRESULT(.DIFFERENCE.,#4025,#4029);
#4031= IFCPLANE(#695);
#4032= IFCHALFSPACESOLID(#4031,.F.);
#4033= IFCBOOLEANCLIPPINGRESULT(.DIFFERENCE.,#4030,#4032);
#4034= IFCSHAPEREPRESENTATION(#12,'Body','Clipping',(#4033));
#4035= IFCSTYLEDITEM(#4025,(#641),$);
#4036= IFCPRODUCTDEFINITIONSHAPE($,$,(#4034));
#4037= IFCCARTESIANPOINT((-89600.5783813991,-66799.6099853522,-35.0000070333117));
#4038= IFCAXIS2PLACEMENT3D(#4037,#9,#3999);
#4039= IFCLOCALPLACEMENT(#3959,#4038);
#4040= IFCBEAM('19cesC1lXCv93QvKQ9jg32',#44,'Drager','L70*7',$,#4039,#4036,'ID499a8d8c-06f8-4ce4-90da-e54689b6a0c2');
#4041= IFCPROPERTYSINGLEVALUE('Weight',$,IFCMASSMEASURE(4.72),$);
#4042= IFCPROPERTYSINGLEVALUE('Net surface area',$,IFCAREAMEASURE(0.165),$);
#4043= IFCPROPERTYSINGLEVALUE('Length',$,IFCLENGTHMEASURE(640.),$);
#4044= IFCPROPERTYSET('1XgywbteTDRf1E64KhHSVV',#5,'Tekla Quantity','Quantity Properties to Shared building elements',(#4041,#1209,#1210,#669,#4042,#671,#672,#4043));
#4045= IFCPROPERTYSINGLEVALUE('Reference',$,IFCIDENTIFIER('D59'),$);
#4046= IFCPROPERTYSET('3by_ZeAL171BbyLu4HSM9w',#5,'Pset_BeamCommon','Common Properties to beam elements',(#234,#4045));
#4047= IFCQUANTITYLENGTH('Length',$,$,639.998506005441);
#4048= IFCQUANTITYAREA('OuterSurfaceArea',$,$,0.174079603105458);
#4049= IFCQUANTITYVOLUME('NetVolume',$,$,0.000564898159438547);
#4050= IFCQUANTITYWEIGHT('NetWeight',$,$,4.4344505515926);
#4051= IFCELEMENTQUANTITY('0w3z3iZVPAgfmz9ajJ2B3v',#5,'BaseQuantities',$,$,(#4047,#4048,#4049,#4050));
#4052= IFCCARTESIANPOINT((605.699847412124,0.,0.));
#4053= IFCAXIS2PLACEMENT3D(#4052,#430,#620);
#4054= IFCEXTRUDEDAREASOLID(#645,#4053,#9,711.4);
#4055= IFCCARTESIANPOINT((499.999847412124,-35.,35.0000070333226));
#4056= IFCAXIS2PLACEMENT3D(#4055,#649,#9);
#4057= IFCPLANE(#4056);
#4058= IFCHALFSPACESOLID(#4057,.F.);
#4059= IFCBOOLEANCLIPPINGRESULT(.DIFFERENCE.,#4054,#4058);
#4060= IFCPLANE(#1197);
#4061= IFCHALFSPACESOLID(#4060,.T.);
#4062= IFCBOOLEANCLIPPINGRESULT(.DIFFERENCE.,#4059,#4061);
#4063= IFCSHAPEREPRESENTATION(#12,'Body','Clipping',(#4062));
#4064= IFCSTYLEDITEM(#4054,(#641),$);
#4065= IFCPRODUCTDEFINITIONSHAPE($,$,(#4063));
#4066= IFCCARTESIANPOINT((-89100.5718498993,-67369.6018486712,-35.0000070333117));
#4067= IFCAXIS2PLACEMENT3D(#4066,#9,#430);
#4068= IFCLOCALPLACEMENT(#3959,#4067);
#4069= IFCBEAM('3ejU4YjNrAWBHFSlLdhwL9',#44,'Drager','L70*7',$,#4068,#4065,'IDe8b5e122-b57d-4a80-b44f-72f567afa549');
#4070= IFCQUANTITYLENGTH('Length',$,$,639.999847412109);
#4071= IFCQUANTITYAREA('OuterSurfaceArea',$,$,0.174079967968091);
#4072= IFCQUANTITYVOLUME('NetVolume',$,$,0.000564899429516793);
#4073= IFCQUANTITYWEIGHT('NetWeight',$,$,4.43446052170683);
#4074= IFCELEMENTQUANTITY('1QNaKpuX56$hWp7jthiXno',#5,'BaseQuantities',$,$,(#4070,#4071,#4072,#4073));
#4075= IFCCARTESIANPOINT((605.698506367012,0.,0.));
#4076= IFCAXIS2PLACEMENT3D(#4075,#430,#620);
#4077= IFCEXTRUDEDAREASOLID(#645,#4076,#9,711.4);
#4078= IFCAXIS2PLACEMENT3D(#4026,#649,#9);
#4079= IFCPLANE(#4078);
#4080= IFCHALFSPACESOLID(#4079,.F.);
#4081= IFCBOOLEANCLIPPINGRESULT(.DIFFERENCE.,#4077,#4080);
#4082= IFCPLANE(#1197);
#4083= IFCHALFSPACESOLID(#4082,.T.);
#4084= IFCBOOLEANCLIPPINGRESULT(.DIFFERENCE.,#4081,#4083);
#4085= IFCSHAPEREPRESENTATION(#12,'Body','Clipping',(#4084));
#4086= IFCSTYLEDITEM(#4077,(#641),$);
#4087= IFCPRODUCTDEFINITIONSHAPE($,$,(#4085));
#4088= IFCCARTESIANPOINT((-89635.5716973114,-67334.6018486712,-35.0000070333153));
#4089= IFCAXIS2PLACEMENT3D(#4088,#9,#8);
#4090= IFCLOCALPLACEMENT(#3959,#4089);
#4091= IFCBEAM('1JS0eyCibEwxCzsv72$ctZ',#44,'Drager','L70*7',$,#4090,#4087,'ID53700a3c-32c9-4eeb-b33d-db91c2fe6de3');
#4092= IFCQUANTITYLENGTH('Length',$,$,639.998506206647);
#4093= IFCQUANTITYAREA('OuterSurfaceArea',$,$,0.174079603160186);
#4094= IFCQUANTITYVOLUME('NetVolume',$,$,0.000564898159627647);
#4095= IFCQUANTITYWEIGHT('NetWeight',$,$,4.43445055307703);
#4096= IFCELEMENTQUANTITY('32OxpnyZzAKQOUHC3Ea6qX',#5,'BaseQuantities',$,$,(#4092,#4093,#4094,#4095));
#4097= IFCCARTESIANPOINT((605.699995247519,1.45519149718429E-11,0.));
#4098= IFCAXIS2PLACEMENT3D(#4097,#430,#620);
#4099= IFCEXTRUDEDAREASOLID(#645,#4098,#9,711.4);
#4100= IFCAXIS2PLACEMENT3D(#4055,#694,#1196);
#4101= IFCPLANE(#4100);
#4102= IFCHALFSPACESOLID(#4101,.T.);
#4103= IFCBOOLEANCLIPPINGRESULT(.DIFFERENCE.,#4099,#4102);
#4104= IFCPLANE(#695);
#4105= IFCHALFSPACESOLID(#4104,.F.);
#4106= IFCBOOLEANCLIPPINGRESULT(.DIFFERENCE.,#4103,#4105);
#4107= IFCSHAPEREPRESENTATION(#12,'Body','Clipping',(#4106));
#4108= IFCSTYLEDITEM(#4099,(#641),$);
#4109= IFCPRODUCTDEFINITIONSHAPE($,$,(#4107));
#4110= IFCCARTESIANPOINT((-89065.5798339747,-66834.608864855,-35.0000070333153));
#4111= IFCDIRECTION((2.09399999461583E-06,-0.999999999997808,0.));
#4112= IFCAXIS2PLACEMENT3D(#4110,#9,#4111);
#4113= IFCLOCALPLACEMENT(#3959,#4112);
#4114= IFCBEAM('1o_8KPcGn9jfYuj89WDTDA',#44,'Drager','L70*7',$,#4113,#4109,'d49');
#4115= IFCPROPERTYSINGLEVALUE('Reference',$,IFCIDENTIFIER('d49'),$);
#4116= IFCPROPERTYSET('0ZAbcdk8jEsRV2MNsWdjrV',#5,'Pset_BeamCommon','Common Properties to beam elements',(#234,#4115));
#4117= IFCQUANTITYLENGTH('Length',$,$,639.99984722242);
#4118= IFCQUANTITYAREA('OuterSurfaceArea',$,$,0.174079967916496);
#4119= IFCQUANTITYVOLUME('NetVolume',$,$,0.000564899429338254);
#4120= IFCQUANTITYWEIGHT('NetWeight',$,$,4.4344605203053);
#4121= IFCELEMENTQUANTITY('3kddifkrT2HRE3xWCCrn9L',#5,'BaseQuantities',$,$,(#4117,#4118,#4119,#4120));
#4122= IFCLOCALPLACEMENT(#42,#10);
#4123= IFCELEMENTASSEMBLY('36Vvz6PKnDHBU0dX7mdRBG',#44,'Drager',$,$,#4122,$,'d49',.NOTDEFINED.,.NOTDEFINED.);
#4124= IFCPROPERTYSINGLEVALUE('Assembly/Cast unit position code',$,IFCLABEL('212-211/I-H'),$);
#4125= IFCPROPERTYSET('2ViPYr7lrDuvRhwHNEDBBn',#5,'Tekla Assembly','Assembly Properties',(#48,#49,#50,#3961,#52,#53,#4124,#3963));
#4126= IFCQUANTITYLENGTH('Width',$,$,839.135506574829);
#4127= IFCELEMENTQUANTITY('2EtzkDHSP1MfipaueTg4UL',#5,'BaseQuantities',$,$,(#4126));
#4128= IFCSHAPEREPRESENTATION(#12,'Body','Brep',(#206));
#4129= IFCPRODUCTDEFINITIONSHAPE($,$,(#4128));
#4130= IFCCARTESIANPOINT((-64620.5781507447,-66889.4923756527,-74.0000070333356));
#4131= IFCAXIS2PLACEMENT3D(#4130,#9,#430);
#4132= IFCLOCALPLACEMENT(#4122,#4131);
#4133= IFCBEAM('04U4EQHw17jugseaNfxuEa',#44,'Kamst\S\el','REBAR8',$,#4132,#4129,'ID0478439a-47a0-47b7-8ab6-a245e9ef83a4');
#4134= IFCQUANTITYLENGTH('Length',$,$,149.949976367345);
#4135= IFCELEMENTQUANTITY('0InLxxMQv9kwcvZ9GyMXmp',#5,'BaseQuantities',$,$,(#4134,#238,#239,#240));
#4136= IFCSHAPEREPRESENTATION(#12,'Body','Brep',(#206));
#4137= IFCPRODUCTDEFINITIONSHAPE($,$,(#4136));
#4138= IFCCARTESIANPOINT((-64620.5781507447,-67239.4923756527,-74.0000070333356));
#4139= IFCAXIS2PLACEMENT3D(#4138,#9,#430);
#4140= IFCLOCALPLACEMENT(#4122,#4139);
#4141= IFCBEAM('0drQ$b2gX4FRcgqcn2Suiv',#44,'Kamst\S\el','REBAR8',$,#4140,#4137,'ID27d5afe5-0aa8-443d-b9aa-d26c42738b39');
#4142= IFCSHAPEREPRESENTATION(#12,'Body','Brep',(#206));
#4143= IFCPRODUCTDEFINITIONSHAPE($,$,(#4142));
#4144= IFCCARTESIANPOINT((-64175.588816452,-66794.4991893026,-74.0000070333356));
#4145= IFCAXIS2PLACEMENT3D(#4144,#9,#3984);
#4146= IFCLOCALPLACEMENT(#4122,#4145);
#4147= IFCBEAM('0RCrAXDbf9jevFSwz4b8Kx',#44,'Kamst\S\el','REBAR8',$,#4146,#4143,'ID1b3352a1-365a-49b6-8e4f-73af4494853b');
#4148= IFCSHAPEREPRESENTATION(#12,'Body','Brep',(#206));
#4149= IFCPRODUCTDEFINITIONSHAPE($,$,(#4148));
#4150= IFCCARTESIANPOINT((-64525.5888164507,-66794.4999222047,-74.0000070333356));
#4151= IFCAXIS2PLACEMENT3D(#4150,#9,#3984);
#4152= IFCLOCALPLACEMENT(#4122,#4151);
#4153= IFCBEAM('311W2IG3jCQubYPpMTIG$k',#44,'Kamst\S\el','REBAR8',$,#4152,#4149,'IDc1060092-403b-4c6b-8962-67359d490fee');
#4154= IFCSHAPEREPRESENTATION(#12,'Body','Brep',(#206));
#4155= IFCPRODUCTDEFINITIONSHAPE($,$,(#4154));
#4156= IFCCARTESIANPOINT((-64080.5889774169,-67239.4949771292,-74.000007033332));
#4157= IFCAXIS2PLACEMENT3D(#4156,#9,#3999);
#4158= IFCLOCALPLACEMENT(#4122,#4157);
#4159= IFCBEAM('2A24D2gPf1Neyr5aZtnp30',#44,'Kamst\S\el','REBAR8',$,#4158,#4155,'ID8a084342-a99a-415e-8f35-1648f7c730c0');
#4160= IFCSHAPEREPRESENTATION(#12,'Body','Brep',(#206));
#4161= IFCPRODUCTDEFINITIONSHAPE($,$,(#4160));
#4162= IFCCARTESIANPOINT((-64080.5897103165,-66889.4949771292,-74.000007033332));
#4163= IFCAXIS2PLACEMENT3D(#4162,#9,#3999);
#4164= IFCLOCALPLACEMENT(#4122,#4163);
#4165= IFCBEAM('2momu$z9j3ggasu9rnTVBN',#44,'Kamst\S\el','REBAR8',$,#4164,#4161,'IDb0cb0e3f-f49b-43aa-a936-e09d7175f2d7');
#4166= IFCSHAPEREPRESENTATION(#12,'Body','Brep',(#206));
#4167= IFCPRODUCTDEFINITIONSHAPE($,$,(#4166));
#4168= IFCCARTESIANPOINT((-64525.57787025,-67334.4883626174,-74.000007033332));
#4169= IFCAXIS2PLACEMENT3D(#4168,#9,#620);
#4170= IFCLOCALPLACEMENT(#4122,#4169);
#4171= IFCBEAM('24hluzWhjFJBzY2Lx8lZmm',#44,'Kamst\S\el','REBAR8',$,#4170,#4167,'ID84aefe3d-82bb-4f4c-bf62-095ec8be3c30');
#4172= IFCSHAPEREPRESENTATION(#12,'Body','Brep',(#206));
#4173= IFCPRODUCTDEFINITIONSHAPE($,$,(#4172));
#4174= IFCCARTESIANPOINT((-64175.57787025,-67334.4883626174,-74.000007033332));
#4175= IFCAXIS2PLACEMENT3D(#4174,#9,#620);
#4176= IFCLOCALPLACEMENT(#4122,#4175);
#4177= IFCBEAM('3NNerWAm9C_Q7orZH$R5Ml',#44,'Kamst\S\el','REBAR8',$,#4176,#4173,'IDd75e8d60-2b02-4cf9-a1f2-d6347f6c55af');
#4178= IFCPLANE(#4027);
#4179= IFCHALFSPACESOLID(#4178,.T.);
#4180= IFCBOOLEANCLIPPINGRESULT(.DIFFERENCE.,#4025,#4179);
#4181= IFCPLANE(#695);
#4182= IFCHALFSPACESOLID(#4181,.F.);
#4183= IFCBOOLEANCLIPPINGRESULT(.DIFFERENCE.,#4180,#4182);
#4184= IFCSHAPEREPRESENTATION(#12,'Body','Clipping',(#4183));
#4185= IFCPRODUCTDEFINITIONSHAPE($,$,(#4184));
#4186= IFCCARTESIANPOINT((-64600.5866248088,-66779.4982892748,-35.0000070333117));
#4187= IFCAXIS2PLACEMENT3D(#4186,#9,#3999);
#4188= IFCLOCALPLACEMENT(#4122,#4187);
#4189= IFCBEAM('0L7Jy8E7XAIx8QpoRPMocz',#44,'Drager','L70*7',$,#4188,#4185,'ID151d3f08-3878-4a4b-b21a-cf26d95b29bd');
#4190= IFCPLANE(#4056);
#4191= IFCHALFSPACESOLID(#4190,.F.);
#4192= IFCBOOLEANCLIPPINGRESULT(.DIFFERENCE.,#4054,#4191);
#4193= IFCPLANE(#1197);
#4194= IFCHALFSPACESOLID(#4193,.T.);
#4195= IFCBOOLEANCLIPPINGRESULT(.DIFFERENCE.,#4192,#4194);
#4196= IFCSHAPEREPRESENTATION(#12,'Body','Clipping',(#4195));
#4197= IFCPRODUCTDEFINITIONSHAPE($,$,(#4196));
#4198= IFCCARTESIANPOINT((-64100.580093309,-67349.4901525937,-35.0000070333117));
#4199= IFCAXIS2PLACEMENT3D(#4198,#9,#430);
#4200= IFCLOCALPLACEMENT(#4122,#4199);
#4201= IFCBEAM('1zTQBNG0X00wG8IkzTY1qo',#44,'Drager','L70*7',$,#4200,#4197,'ID7d75a2d7-4008-4003-a408-4aef5d881d32');
#4202= IFCPLANE(#4078);
#4203= IFCHALFSPACESOLID(#4202,.F.);
#4204= IFCBOOLEANCLIPPINGRESULT(.DIFFERENCE.,#4077,#4203);
#4205= IFCPLANE(#1197);
#4206= IFCHALFSPACESOLID(#4205,.T.);
#4207= IFCBOOLEANCLIPPINGRESULT(.DIFFERENCE.,#4204,#4206);
#4208= IFCSHAPEREPRESENTATION(#12,'Body','Clipping',(#4207));
#4209= IFCPRODUCTDEFINITIONSHAPE($,$,(#4208));
#4210= IFCCARTESIANPOINT((-64635.5799407211,-67314.4901525937,-35.0000070333153));
#4211= IFCAXIS2PLACEMENT3D(#4210,#9,#8);
#4212= IFCLOCALPLACEMENT(#4122,#4211);
#4213= IFCBEAM('3lBWH57tr1fQvVv$9vrU5g',#44,'Drager','L70*7',$,#4212,#4209,'IDef2e0445-1f7d-41a5-ae5f-e7f279d5e16a');
#4214= IFCPLANE(#4100);
#4215= IFCHALFSPACESOLID(#4214,.T.);
#4216= IFCBOOLEANCLIPPINGRESULT(.DIFFERENCE.,#4099,#4215);
#4217= IFCPLANE(#695);
#4218= IFCHALFSPACESOLID(#4217,.F.);
#4219= IFCBOOLEANCLIPPINGRESULT(.DIFFERENCE.,#4216,#4218);
#4220= IFCSHAPEREPRESENTATION(#12,'Body','Clipping',(#4219));
#4221= IFCPRODUCTDEFINITIONSHAPE($,$,(#4220));
#4222= IFCCARTESIANPOINT((-64065.5880773844,-66814.4971687776,-35.0000070333153));
#4223= IFCAXIS2PLACEMENT3D(#4222,#9,#4111);
#4224= IFCLOCALPLACEMENT(#4122,#4223);
#4225= IFCBEAM('31bWxAuTnBlukuPAspSNKW',#44,'Drager','L70*7',$,#4224,#4221,'d49');
#4226= IFCLOCALPLACEMENT(#42,#10);
#4227= IFCELEMENTASSEMBLY('308wyeHEP0LOqAeZa3I$Db',#44,'Drager',$,$,#4226,$,'d49',.NOTDEFINED.,.NOTDEFINED.);
#4228= IFCPROPERTYSET('21bU9dd4XCJRQPBI3kAU2c',#5,'Tekla Assembly','Assembly Properties',(#48,#49,#50,#3961,#52,#53,#2637,#3963));
#4229= IFCQUANTITYLENGTH('Width',$,$,839.135506574822);
#4230= IFCELEMENTQUANTITY('12OgI80qz1XfRiVfRd5RoC',#5,'BaseQuantities',$,$,(#4229));
#4231= IFCSHAPEREPRESENTATION(#12,'Body','Brep',(#206));
#4232= IFCPRODUCTDEFINITIONSHAPE($,$,(#4231));
#4233= IFCCARTESIANPOINT((-53350.577692981,-93679.5466955188,-74.0000070333356));
#4234= IFCAXIS2PLACEMENT3D(#4233,#9,#430);
#4235= IFCLOCALPLACEMENT(#4226,#4234);
#4236= IFCBEAM('1AeSp_jLX3Xg_wIp3TUJsT',#44,'Kamst\S\el','REBAR8',$,#4235,#4232,'ID4aa1ccfe-b558-4386-afba-4b30dd793d9d');
#4237= IFCQUANTITYLENGTH('Length',$,$,149.949976367359);
#4238= IFCELEMENTQUANTITY('2vh2UteZr1PhLA7GeEo9Y0',#5,'BaseQuantities',$,$,(#4237,#238,#239,#240));
#4239= IFCSHAPEREPRESENTATION(#12,'Body','Brep',(#206));
#4240= IFCPRODUCTDEFINITIONSHAPE($,$,(#4239));
#4241= IFCCARTESIANPOINT((-53350.577692981,-94029.5466955188,-74.0000070333356));
#4242= IFCAXIS2PLACEMENT3D(#4241,#9,#430);
#4243= IFCLOCALPLACEMENT(#4226,#4242);
#4244= IFCBEAM('0yKWEYM_v1$8$u_mNWs11r',#44,'Kamst\S\el','REBAR8',$,#4243,#4240,'ID3c5203a2-5bee-41fc-8ff8-fb05e0d81075');
#4245= IFCSHAPEREPRESENTATION(#12,'Body','Brep',(#206));
#4246= IFCPRODUCTDEFINITIONSHAPE($,$,(#4245));
#4247= IFCCARTESIANPOINT((-52905.5883586883,-93584.5535091687,-74.0000070333356));
#4248= IFCAXIS2PLACEMENT3D(#4247,#9,#3984);
#4249= IFCLOCALPLACEMENT(#4226,#4248);
#4250= IFCBEAM('2tTvvErGP6RxlYFok7b5v5',#44,'Kamst\S\el','REBAR8',$,#4249,#4246,'IDb7779e4e-d506-466f-bbe2-3f2b87945e45');
#4251= IFCQUANTITYLENGTH('Length',$,$,149.949976369899);
#4252= IFCELEMENTQUANTITY('0WsOgsC1DBlAlf8QPvNS1N',#5,'BaseQuantities',$,$,(#4251,#238,#239,#240));
#4253= IFCSHAPEREPRESENTATION(#12,'Body','Brep',(#206));
#4254= IFCPRODUCTDEFINITIONSHAPE($,$,(#4253));
#4255= IFCCARTESIANPOINT((-53255.588358687,-93584.5542420708,-74.0000070333356));
#4256= IFCAXIS2PLACEMENT3D(#4255,#9,#3984);
#4257= IFCLOCALPLACEMENT(#4226,#4256);
#4258= IFCBEAM('2X9mj3$5P2he_kx9ZP2lNM',#44,'Kamst\S\el','REBAR8',$,#4257,#4254,'IDa1270b43-fc56-42ae-8fae-ec98d90af5d6');
#4259= IFCSHAPEREPRESENTATION(#12,'Body','Brep',(#206));
#4260= IFCPRODUCTDEFINITIONSHAPE($,$,(#4259));
#4261= IFCCARTESIANPOINT((-52810.5885196533,-94029.5492969952,-74.000007033332));
#4262= IFCAXIS2PLACEMENT3D(#4261,#9,#3999);
#4263= IFCLOCALPLACEMENT(#4226,#4262);
#4264= IFCBEAM('2$Ssiihdj0dhBQsJmZGrmD',#44,'Kamst\S\el','REBAR8',$,#4263,#4260,'IDbf736b2c-ae7b-409e-b2da-d93c23435c0d');
#4265= IFCQUANTITYLENGTH('Length',$,$,149.949976369397);
#4266= IFCELEMENTQUANTITY('2_c7bJh5D7ION93$OadJ39',#5,'BaseQuantities',$,$,(#4265,#238,#239,#240));
#4267= IFCSHAPEREPRESENTATION(#12,'Body','Brep',(#206));
#4268= IFCPRODUCTDEFINITIONSHAPE($,$,(#4267));
#4269= IFCCARTESIANPOINT((-52810.5892525528,-93679.5492969952,-74.000007033332));
#4270= IFCAXIS2PLACEMENT3D(#4269,#9,#3999);
#4271= IFCLOCALPLACEMENT(#4226,#4270);
#4272= IFCBEAM('1$JM35GzzD4gnXh6jv$6nh',#44,'Kamst\S\el','REBAR8',$,#4271,#4268,'ID7f4d60c5-43df-4d12-ac61-ac6b79fc6c6b');
#4273= IFCSHAPEREPRESENTATION(#12,'Body','Brep',(#206));
#4274= IFCPRODUCTDEFINITIONSHAPE($,$,(#4273));
#4275= IFCCARTESIANPOINT((-53255.5774124863,-94124.5426824834,-74.000007033332));
#4276= IFCAXIS2PLACEMENT3D(#4275,#9,#620);
#4277= IFCLOCALPLACEMENT(#4226,#4276);
#4278= IFCBEAM('1wKtme76rCJwTg4E9oAzyu',#44,'Kamst\S\el','REBAR8',$,#4277,#4274,'ID7a537c28-1c6d-4c4f-a76a-10e2722bdf38');
#4279= IFCSHAPEREPRESENTATION(#12,'Body','Brep',(#206));
#4280= IFCPRODUCTDEFINITIONSHAPE($,$,(#4279));
#4281= IFCCARTESIANPOINT((-52905.5774124863,-94124.5426824834,-74.000007033332));
#4282= IFCAXIS2PLACEMENT3D(#4281,#9,#620);
#4283= IFCLOCALPLACEMENT(#4226,#4282);
#4284= IFCBEAM('2SQEESSL1Fl9ByshhaL7If',#44,'Kamst\S\el','REBAR8',$,#4283,#4280,'ID9c68e39c-7150-4fbc-92fc-dabae45474a9');
#4285= IFCPLANE(#4027);
#4286= IFCHALFSPACESOLID(#4285,.T.);
#4287= IFCBOOLEANCLIPPINGRESULT(.DIFFERENCE.,#4025,#4286);
#4288= IFCPLANE(#695);
#4289= IFCHALFSPACESOLID(#4288,.F.);
#4290= IFCBOOLEANCLIPPINGRESULT(.DIFFERENCE.,#4287,#4289);
#4291= IFCSHAPEREPRESENTATION(#12,'Body','Clipping',(#4290));
#4292= IFCPRODUCTDEFINITIONSHAPE($,$,(#4291));
#4293= IFCCARTESIANPOINT((-53330.5861670452,-93569.5526091409,-35.0000070333117));
#4294= IFCAXIS2PLACEMENT3D(#4293,#9,#3999);
#4295= IFCLOCALPLACEMENT(#4226,#4294);
#4296= IFCBEAM('3XacVKJjz2$fDTTunRHO5U',#44,'Drager','L70*7',$,#4295,#4292,'IDe19267d4-4edf-42fe-935d-778c5b45815e');
#4297= IFCPLANE(#4056);
#4298= IFCHALFSPACESOLID(#4297,.F.);
#4299= IFCBOOLEANCLIPPINGRESULT(.DIFFERENCE.,#4054,#4298);
#4300= IFCPLANE(#1197);
#4301= IFCHALFSPACESOLID(#4300,.T.);
#4302= IFCBOOLEANCLIPPINGRESULT(.DIFFERENCE.,#4299,#4301);
#4303= IFCSHAPEREPRESENTATION(#12,'Body','Clipping',(#4302));
#4304= IFCPRODUCTDEFINITIONSHAPE($,$,(#4303));
#4305= IFCCARTESIANPOINT((-52830.5796355453,-94139.5444724598,-35.0000070333117));
#4306= IFCAXIS2PLACEMENT3D(#4305,#9,#430);
#4307= IFCLOCALPLACEMENT(#4226,#4306);
#4308= IFCBEAM('20PDBFChj5Fv$7kfiH3XKS',#44,'Drager','L70*7',$,#4307,#4304,'ID8064d2cf-32bb-453f-9fc7-ba9b110e151c');
#4309= IFCPLANE(#4078);
#4310= IFCHALFSPACESOLID(#4309,.F.);
#4311= IFCBOOLEANCLIPPINGRESULT(.DIFFERENCE.,#4077,#4310);
#4312= IFCPLANE(#1197);
#4313= IFCHALFSPACESOLID(#4312,.T.);
#4314= IFCBOOLEANCLIPPINGRESULT(.DIFFERENCE.,#4311,#4313);
#4315= IFCSHAPEREPRESENTATION(#12,'Body','Clipping',(#4314));
#4316= IFCPRODUCTDEFINITIONSHAPE($,$,(#4315));
#4317= IFCCARTESIANPOINT((-53365.5794829574,-94104.5444724598,-35.0000070333153));
#4318= IFCAXIS2PLACEMENT3D(#4317,#9,#8);
#4319= IFCLOCALPLACEMENT(#4226,#4318);
#4320= IFCBEAM('3F5SrZ2Uv4hA9912nTlJFg',#44,'Drager','L70*7',$,#4319,#4316,'IDcf15cd63-09ee-44ac-a249-042c5dbd33ea');
#4321= IFCPLANE(#4100);
#4322= IFCHALFSPACESOLID(#4321,.T.);
#4323= IFCBOOLEANCLIPPINGRESULT(.DIFFERENCE.,#4099,#4322);
#4324= IFCPLANE(#695);
#4325= IFCHALFSPACESOLID(#4324,.F.);
#4326= IFCBOOLEANCLIPPINGRESULT(.DIFFERENCE.,#4323,#4325);
#4327= IFCSHAPEREPRESENTATION(#12,'Body','Clipping',(#4326));
#4328= IFCPRODUCTDEFINITIONSHAPE($,$,(#4327));
#4329= IFCCARTESIANPOINT((-52795.5876196207,-93604.5514886437,-35.0000070333153));
#4330= IFCAXIS2PLACEMENT3D(#4329,#9,#4111);
#4331= IFCLOCALPLACEMENT(#4226,#4330);
#4332= IFCBEAM('3bwdZ7qc18RfHSlZoJZHHW',#44,'Drager','L70*7',$,#4331,#4328,'d49');
#4333= IFCLOCALPLACEMENT(#42,#10);
#4334= IFCELEMENTASSEMBLY('1v6jTwZ9H0BOOTYbt9WR24',#44,'Drager',$,$,#4333,$,'d50',.NOTDEFINED.,.NOTDEFINED.);
#4335= IFCSHAPEREPRESENTATION(#12,'Body','Brep',(#206));
#4336= IFCPRODUCTDEFINITIONSHAPE($,$,(#4335));
#4337= IFCCARTESIANPOINT((-27680.5861348298,-65309.6354480389,-74.0000070333356));
#4338= IFCAXIS2PLACEMENT3D(#4337,#9,#430);
#4339= IFCLOCALPLACEMENT(#4333,#4338);
#4340= IFCBEAM('3J6vGPrz5BMQB024MSaM_3',#44,'Kamst\S\el','REBAR8',$,#4339,#4336,'IDd31b9419-d7d1-4b59-a2c0-08459c916f83');
#4341= IFCSHAPEREPRESENTATION(#12,'Body','Brep',(#206));
#4342= IFCPRODUCTDEFINITIONSHAPE($,$,(#4341));
#4343= IFCCARTESIANPOINT((-27680.5861348298,-65659.6354480389,-74.0000070333356));
#4344= IFCAXIS2PLACEMENT3D(#4343,#9,#430);
#4345= IFCLOCALPLACEMENT(#4333,#4344);
#4346= IFCBEAM('2xfSOb9wz7eQJKfDbtw3SP',#44,'Kamst\S\el','REBAR8',$,#4345,#4342,'IDbba5c625-27af-47a1-a4d4-a4d977e83719');
#4347= IFCQUANTITYLENGTH('Length',$,$,149.949976367294);
#4348= IFCELEMENTQUANTITY('0bA_rzj29APukbgdc6PEKa',#5,'BaseQuantities',$,$,(#4347,#238,#239,#240));
#4349= IFCSHAPEREPRESENTATION(#12,'Body','Brep',(#206));
#4350= IFCPRODUCTDEFINITIONSHAPE($,$,(#4349));
#4351= IFCCARTESIANPOINT((-27680.5861348298,-66009.6354480389,-74.0000070333356));
#4352= IFCAXIS2PLACEMENT3D(#4351,#9,#430);
#4353= IFCLOCALPLACEMENT(#4333,#4352);
#4354= IFCBEAM('0WCUabGjrCuuNf3GAHLGS9',#44,'Kamst\S\el','REBAR8',$,#4353,#4350,'ID2031e925-42dd-4ce3-85e9-0d0291550709');
#4355= IFCSHAPEREPRESENTATION(#12,'Body','Brep',(#206));
#4356= IFCPRODUCTDEFINITIONSHAPE($,$,(#4355));
#4357= IFCCARTESIANPOINT((-27680.5861348298,-66359.6354480389,-74.0000070333356));
#4358= IFCAXIS2PLACEMENT3D(#4357,#9,#430);
#4359= IFCLOCALPLACEMENT(#4333,#4358);
#4360= IFCBEAM('1_im1Pmgz5cfnyBvkVkPqj',#44,'Kamst\S\el','REBAR8',$,#4359,#4356,'ID7eb30059-c2af-459a-9c7c-2f9b9fb99d2d');
#4361= IFCSHAPEREPRESENTATION(#12,'Body','Brep',(#206));
#4362= IFCPRODUCTDEFINITIONSHAPE($,$,(#4361));
#4363= IFCCARTESIANPOINT((-26930.5858543351,-66404.6314350035,-74.000007033332));
#4364= IFCAXIS2PLACEMENT3D(#4363,#9,#620);
#4365= IFCLOCALPLACEMENT(#3876,#4364);
#4366= IFCBEAM('2MNN7z1PD7TAaqKx7UADVT',#44,'Kamst\S\el','REBAR8',$,#4365,#4362,'ID965d71fd-0593-4774-a934-53b1de28d7dd');
#4367= IFCSHAPEREPRESENTATION(#12,'Body','Brep',(#206));
#4368= IFCPRODUCTDEFINITIONSHAPE($,$,(#4367));
#4369= IFCCARTESIANPOINT((-26580.5858543351,-66404.6314350035,-74.000007033332));
#4370= IFCAXIS2PLACEMENT3D(#4369,#9,#620);
#4371= IFCLOCALPLACEMENT(#3876,#4370);
#4372= IFCBEAM('0WeVXENkr8Bx6qyqZ7Wgn1',#44,'Kamst\S\el','REBAR8',$,#4371,#4368,'ID20a1f84e-5eed-482f-b1b4-f348c782ac41');
#4373= IFCPLANE(#3779);
#4374= IFCHALFSPACESOLID(#4373,.F.);
#4375= IFCBOOLEANCLIPPINGRESULT(.DIFFERENCE.,#3720,#4374);
#4376= IFCPLANE(#1197);
#4377= IFCHALFSPACESOLID(#4376,.T.);
#4378= IFCBOOLEANCLIPPINGRESULT(.DIFFERENCE.,#4375,#4377);
#4379= IFCSHAPEREPRESENTATION(#12,'Body','Clipping',(#4378));
#4380= IFCPRODUCTDEFINITIONSHAPE($,$,(#4379));
#4381= IFCCARTESIANPOINT((-25500.5880773941,-66419.6332249799,-35.0000070333117));
#4382= IFCAXIS2PLACEMENT3D(#4381,#9,#430);
#4383= IFCLOCALPLACEMENT(#3876,#4382);
#4384= IFCBEAM('18LutFUo5449gIr73qID9g',#44,'Drager','L70*7',$,#4383,#4380,'d51');
#4385= IFCPLANE(#3795);
#4386= IFCHALFSPACESOLID(#4385,.F.);
#4387= IFCBOOLEANCLIPPINGRESULT(.DIFFERENCE.,#3751,#4386);
#4388= IFCPLANE(#1197);
#4389= IFCHALFSPACESOLID(#4388,.T.);
#4390= IFCBOOLEANCLIPPINGRESULT(.DIFFERENCE.,#4387,#4389);
#4391= IFCSHAPEREPRESENTATION(#12,'Body','Clipping',(#4390));
#4392= IFCPRODUCTDEFINITIONSHAPE($,$,(#4391));
#4393= IFCCARTESIANPOINT((-27695.5879248062,-66384.6332249799,-35.0000070333153));
#4394= IFCAXIS2PLACEMENT3D(#4393,#9,#8);
#4395= IFCLOCALPLACEMENT(#4333,#4394);
#4396= IFCBEAM('0_kZbKnXzAZfvw17uSi6co',#44,'Drager','L70*7',$,#4395,#4392,'d50');
#4397= IFCLOCALPLACEMENT(#42,#10);
#4398= IFCELEMENTASSEMBLY('3YezbZmHX3$vBTrCJFApDU',#44,'Drager',$,$,#4397,$,'d49',.NOTDEFINED.,.NOTDEFINED.);
#4399= IFCPROPERTYSET('0jnzV34$52rgq31tb2k6ie',#5,'Tekla Assembly','Assembly Properties',(#48,#49,#50,#3961,#52,#53,#3010,#3963));
#4400= IFCQUANTITYLENGTH('Width',$,$,839.135506571225);
#4401= IFCELEMENTQUANTITY('1LtsjlZinESPJDS2h3DacV',#5,'BaseQuantities',$,$,(#4400));
#4402= IFCSHAPEREPRESENTATION(#12,'Body','Brep',(#206));
#4403= IFCPRODUCTDEFINITIONSHAPE($,$,(#4402));
#4404= IFCCARTESIANPOINT((-28430.5861348298,-65959.6373553875,-74.0000070333356));
#4405= IFCAXIS2PLACEMENT3D(#4404,#9,#430);
#4406= IFCLOCALPLACEMENT(#4397,#4405);
#4407= IFCBEAM('2UAXPxIyH4jv4N8hoTGmOg',#44,'Kamst\S\el','REBAR8',$,#4406,#4403,'ID9e2a167b-4bc4-44b7-9117-22bc9d43062a');
#4408= IFCSHAPEREPRESENTATION(#12,'Body','Brep',(#206));
#4409= IFCPRODUCTDEFINITIONSHAPE($,$,(#4408));
#4410= IFCCARTESIANPOINT((-28430.5861348298,-66309.6373553875,-74.0000070333356));
#4411= IFCAXIS2PLACEMENT3D(#4410,#9,#430);
#4412= IFCLOCALPLACEMENT(#4397,#4411);
#4413= IFCBEAM('1I0Y9saRXB6ugNdN$$q2_U',#44,'Kamst\S\el','REBAR8',$,#4412,#4409,'ID52022276-91b8-4b1b-8a97-9d7fffd02f9e');
#4414= IFCSHAPEREPRESENTATION(#12,'Body','Brep',(#206));
#4415= IFCPRODUCTDEFINITIONSHAPE($,$,(#4414));
#4416= IFCCARTESIANPOINT((-27985.5968005371,-65864.6441690374,-74.0000070333356));
#4417= IFCAXIS2PLACEMENT3D(#4416,#9,#3984);
#4418= IFCLOCALPLACEMENT(#4397,#4417);
#4419= IFCBEAM('3m_T9xRv9EaQ76Dpdma1Sg',#44,'Kamst\S\el','REBAR8',$,#4418,#4415,'IDf0f9d27b-6f92-4e91-a1c6-3739f090172a');
#4420= IFCSHAPEREPRESENTATION(#12,'Body','Brep',(#206));
#4421= IFCPRODUCTDEFINITIONSHAPE($,$,(#4420));
#4422= IFCCARTESIANPOINT((-28335.5968005358,-65864.6449019395,-74.0000070333356));
#4423= IFCAXIS2PLACEMENT3D(#4422,#9,#3984);
#4424= IFCLOCALPLACEMENT(#4397,#4423);
#4425= IFCBEAM('2jiLiFCLr7qfrcspCLi$SM',#44,'Kamst\S\el','REBAR8',$,#4424,#4421,'IDadb15b0f-315d-47d2-9d66-db3315b3f716');
#4426= IFCSHAPEREPRESENTATION(#12,'Body','Brep',(#206));
#4427= IFCPRODUCTDEFINITIONSHAPE($,$,(#4426));
#4428= IFCCARTESIANPOINT((-27890.596961502,-66309.639956864,-74.000007033332));
#4429= IFCAXIS2PLACEMENT3D(#4428,#9,#3999);
#4430= IFCLOCALPLACEMENT(#4397,#4429);
#4431= IFCBEAM('0Fydg0dhXDawSUjgMjVeBP',#44,'Kamst\S\el','REBAR8',$,#4430,#4427,'ID0ff27a80-9eb8-4d93-a71e-b6a5ad7e82d9');
#4432= IFCQUANTITYLENGTH('Length',$,$,149.949976366686);
#4433= IFCELEMENTQUANTITY('1wozKh1pn1Ae3kOGLoHcQI',#5,'BaseQuantities',$,$,(#4432,#238,#239,#240));
#4434= IFCSHAPEREPRESENTATION(#12,'Body','Brep',(#206));
#4435= IFCPRODUCTDEFINITIONSHAPE($,$,(#4434));
#4436= IFCCARTESIANPOINT((-27890.5976944016,-65959.639956864,-74.000007033332));
#4437= IFCAXIS2PLACEMENT3D(#4436,#9,#3999);
#4438= IFCLOCALPLACEMENT(#4397,#4437);
#4439= IFCBEAM('05S1RiVzz7FvyUfyHRw$Rz',#44,'Kamst\S\el','REBAR8',$,#4438,#4435,'ID057016ec-7fdf-473f-9f1e-a7c45bebf6fd');
#4440= IFCQUANTITYLENGTH('Length',$,$,149.94997636669);
#4441= IFCELEMENTQUANTITY('0GCJ$THJf2eB4c334T47aq',#5,'BaseQuantities',$,$,(#4440,#238,#239,#240));
#4442= IFCSHAPEREPRESENTATION(#12,'Body','Brep',(#206));
#4443= IFCPRODUCTDEFINITIONSHAPE($,$,(#4442));
#4444= IFCCARTESIANPOINT((-28335.5858543351,-66404.6333423522,-74.000007033332));
#4445= IFCAXIS2PLACEMENT3D(#4444,#9,#620);
#4446= IFCLOCALPLACEMENT(#4397,#4445);
#4447= IFCBEAM('1M0_pm0cP539fweOokz_TD',#44,'Kamst\S\el','REBAR8',$,#4446,#4443,'ID5603ecf0-0266-450c-9a7a-a18caef7e74d');
#4448= IFCSHAPEREPRESENTATION(#12,'Body','Brep',(#206));
#4449= IFCPRODUCTDEFINITIONSHAPE($,$,(#4448));
#4450= IFCCARTESIANPOINT((-27985.5858543351,-66404.6333423522,-74.000007033332));
#4451= IFCAXIS2PLACEMENT3D(#4450,#9,#620);
#4452= IFCLOCALPLACEMENT(#4397,#4451);
#4453= IFCBEAM('2BUhLvXCzCbP54EFUR_evy',#44,'Kamst\S\el','REBAR8',$,#4452,#4449,'ID8b7ab579-84cf-4c95-9144-38f79bfa8e7c');
#4454= IFCLOCALPLACEMENT(#42,#10);
#4455= IFCELEMENTASSEMBLY('1djUOXvaf7AOml4kJPxX98',#44,'Drager',$,$,#4454,$,'d45',.NOTDEFINED.,.NOTDEFINED.);
#4456= IFCPROPERTYSINGLEVALUE('Assembly/Cast unit weight',$,IFCMASSMEASURE(4.2),$);
#4457= IFCPROPERTYSINGLEVALUE('Assembly/Cast unit bottom elevation',$,IFCLABEL(' -0.066'),$);
#4458= IFCPROPERTYSINGLEVALUE('Assembly/Cast unit position code',$,IFCLABEL('216/I-H'),$);
#4459= IFCPROPERTYSINGLEVALUE('Assembly/Cast unit Mark',$,IFCLABEL('d45'),$);
#4460= IFCPROPERTYSET('2CHnGSpuHDvxud$Um2BfVR',#5,'Tekla Assembly','Assembly Properties',(#48,#49,#50,#4456,#4457,#53,#4458,#4459));
#4461= IFCQUANTITYLENGTH('Width',$,$,164.585332737974);
#4462= IFCELEMENTQUANTITY('3UCBKvn3L5su1_UuIXYpiH',#5,'BaseQuantities',$,$,(#4461));
#4463= IFCSHAPEREPRESENTATION(#12,'Body','Brep',(#206));
#4464= IFCPRODUCTDEFINITIONSHAPE($,$,(#4463));
#4465= IFCCARTESIANPOINT((-85425.572630641,-65584.6307836089,-49.0000070333338));
#4466= IFCAXIS2PLACEMENT3D(#4465,#9,#7);
#4467= IFCLOCALPLACEMENT(#4454,#4466);
#4468= IFCBEAM('0sYs9c_1fCeviAbmPrjTNr',#44,'Kamst\S\el','REBAR8',$,#4467,#4464,'ID368b6266-f81a-4ca3-9b0a-970675b5d5f5');
#4469= IFCPROPERTYSINGLEVALUE('Bottom elevation',$,IFCLABEL(' -0.066'),$);
#4470= IFCPROPERTYSINGLEVALUE('Top elevation',$,IFCLABEL(' -0.045'),$);
#4471= IFCPROPERTYSET('1W5KHtujb1KQJWKPlk1aid',#5,'Tekla Common','Common Properties to Shared building elements',(#217,#4469,#4470,#220,#221,#222,#223));
#4472= IFCQUANTITYLENGTH('Length',$,$,149.949976367177);
#4473= IFCELEMENTQUANTITY('2F$cWRGzb7extnmiKYfDA4',#5,'BaseQuantities',$,$,(#4472,#238,#239,#240));
#4474= IFCSHAPEREPRESENTATION(#12,'Body','Brep',(#206));
#4475= IFCPRODUCTDEFINITIONSHAPE($,$,(#4474));
#4476= IFCCARTESIANPOINT((-85425.5727353624,-65884.6307836089,-49.0000070333338));
#4477= IFCAXIS2PLACEMENT3D(#4476,#9,#7);
#4478= IFCLOCALPLACEMENT(#4454,#4477);
#4479= IFCBEAM('1315UoyrHCCfTFkbrNjC_J',#44,'Kamst\S\el','REBAR8',$,#4478,#4475,'ID430457b2-f354-4c32-974f-ba5d57b4cf93');
#4480= IFCSHAPEREPRESENTATION(#12,'Body','Brep',(#206));
#4481= IFCPRODUCTDEFINITIONSHAPE($,$,(#4480));
#4482= IFCCARTESIANPOINT((-85425.5728400838,-66184.6307836089,-49.0000070333338));
#4483= IFCAXIS2PLACEMENT3D(#4482,#9,#7);
#4484= IFCLOCALPLACEMENT(#4454,#4483);
#4485= IFCBEAM('3YUZno83j8cBv9vkqVmXIB',#44,'Kamst\S\el','REBAR8',$,#4484,#4481,'IDe27a3c72-203b-4898-be49-e6ed1fc2148b');
#4486= IFCSHAPEREPRESENTATION(#12,'Body','Brep',(#206));
#4487= IFCPRODUCTDEFINITIONSHAPE($,$,(#4486));
#4488= IFCCARTESIANPOINT((-85425.5729448052,-66484.6307836089,-49.0000070333338));
#4489= IFCAXIS2PLACEMENT3D(#4488,#9,#7);
#4490= IFCLOCALPLACEMENT(#4454,#4489);
#4491= IFCBEAM('3WEnFFfCv0GeYm7wsaAJCG',#44,'Kamst\S\el','REBAR8',$,#4490,#4487,'IDe03b13cf-a4ce-4042-88b0-1fada4293310');
#4492= IFCLOCALPLACEMENT(#42,#10);
#4493= IFCELEMENTASSEMBLY('36jks2RZPAB94u3HdckDA9',#44,'Drager',$,$,#4492,$,'d45',.NOTDEFINED.,.NOTDEFINED.);
#4494= IFCPROPERTYSINGLEVALUE('Assembly/Cast unit position code',$,IFCLABEL('217/I-H'),$);
#4495= IFCPROPERTYSET('2cjHOzYprDb9RODI4tLRAG',#5,'Tekla Assembly','Assembly Properties',(#48,#49,#50,#4456,#4457,#53,#4494,#4459));
#4496= IFCQUANTITYLENGTH('Width',$,$,164.575984170819);
#4497= IFCELEMENTQUANTITY('1inFrPL9f3Mw6XAWC9YD2l',#5,'BaseQuantities',$,$,(#4496));
#4498= IFCSHAPEREPRESENTATION(#12,'Body','Brep',(#206));
#4499= IFCPRODUCTDEFINITIONSHAPE($,$,(#4498));
#4500= IFCCARTESIANPOINT((-89615.5874617129,-65584.6300523018,-49.0000070333338));
#4501= IFCAXIS2PLACEMENT3D(#4500,#9,#430);
#4502= IFCLOCALPLACEMENT(#4492,#4501);
#4503= IFCBEAM('3gnabLcHnDp8uH$but2Ry_',#44,'Kamst\S\el','REBAR8',$,#4502,#4499,'IDeac64955-991c-4dcc-8e11-fe5e3709bf3e');
#4504= IFCSHAPEREPRESENTATION(#12,'Body','Brep',(#206));
#4505= IFCPRODUCTDEFINITIONSHAPE($,$,(#4504));
#4506= IFCCARTESIANPOINT((-89615.5874617129,-65884.6300523018,-49.0000070333338));
#4507= IFCAXIS2PLACEMENT3D(#4506,#9,#430);
#4508= IFCLOCALPLACEMENT(#4492,#4507);
#4509= IFCBEAM('0wapxvhlf4WO0DpnxiHYkk',#44,'Kamst\S\el','REBAR8',$,#4508,#4505,'ID3a933ef9-aefa-4481-800d-cf1eec462bae');
#4510= IFCSHAPEREPRESENTATION(#12,'Body','Brep',(#206));
#4511= IFCPRODUCTDEFINITIONSHAPE($,$,(#4510));
#4512= IFCCARTESIANPOINT((-89615.5874617129,-66184.6300523018,-49.0000070333338));
#4513= IFCAXIS2PLACEMENT3D(#4512,#9,#430);
#4514= IFCLOCALPLACEMENT(#4492,#4513);
#4515= IFCBEAM('3BrPxFmyfD3eLMWqVQu0yS',#44,'Kamst\S\el','REBAR8',$,#4514,#4511,'IDcbd59ecf-c3ca-4d0e-8556-8347dae00f1c');
#4516= IFCSHAPEREPRESENTATION(#12,'Body','Brep',(#206));
#4517= IFCPRODUCTDEFINITIONSHAPE($,$,(#4516));
#4518= IFCCARTESIANPOINT((-89615.5874617129,-66484.6300523018,-49.0000070333338));
#4519= IFCAXIS2PLACEMENT3D(#4518,#9,#430);
#4520= IFCLOCALPLACEMENT(#4492,#4519);
#4521= IFCBEAM('0rwJusu3n96fziKk$d$Z6R',#44,'Kamst\S\el','REBAR8',$,#4520,#4517,'ID35e93e36-e03c-491a-9f6c-52efe7fe319b');
#4522= IFCLOCALPLACEMENT(#42,#10);
#4523= IFCELEMENTASSEMBLY('1_M9tAnPD4rwL7hsdPURwp',#44,'Drager',$,$,#4522,$,'d46',.NOTDEFINED.,.NOTDEFINED.);
#4524= IFCPROPERTYSINGLEVALUE('Assembly/Cast unit weight',$,IFCMASSMEASURE(14.9),$);
#4525= IFCPROPERTYSINGLEVALUE('Assembly/Cast unit position code',$,IFCLABEL('217-216/H'),$);
#4526= IFCPROPERTYSINGLEVALUE('Assembly/Cast unit Mark',$,IFCLABEL('d46'),$);
#4527= IFCPROPERTYSET('0udrjf$fX0s8vWjq2ZcUUd',#5,'Tekla Assembly','Assembly Properties',(#48,#49,#50,#4524,#4457,#53,#4525,#4526));
#4528= IFCQUANTITYLENGTH('Width',$,$,164.576419914028);
#4529= IFCELEMENTQUANTITY('221FDE1xP5YfAdUjQt2xX2',#5,'BaseQuantities',$,$,(#4528));
#4530= IFCSHAPEREPRESENTATION(#12,'Body','Brep',(#206));
#4531= IFCPRODUCTDEFINITIONSHAPE($,$,(#4530));
#4532= IFCCARTESIANPOINT((-89520.5845163638,-65469.6289181947,-49.000007033332));
#4533= IFCAXIS2PLACEMENT3D(#4532,#9,#8);
#4534= IFCLOCALPLACEMENT(#4522,#4533);
#4535= IFCBEAM('1S6q8p_xbBeQkfcDhlv_ni',#44,'Kamst\S\el','REBAR8',$,#4534,#4531,'ID5c1b4233-fbb9-4ba1-aba9-98daefe7ec6c');
#4536= IFCQUANTITYLENGTH('Length',$,$,149.94997636749);
#4537= IFCELEMENTQUANTITY('28eXpM$hz3dBh4j19HL65r',#5,'BaseQuantities',$,$,(#4536,#238,#239,#240));
#4538= IFCSHAPEREPRESENTATION(#12,'Body','Brep',(#206));
#4539= IFCPRODUCTDEFINITIONSHAPE($,$,(#4538));
#4540= IFCCARTESIANPOINT((-89120.5845163638,-65469.6290578233,-49.000007033332));
#4541= IFCAXIS2PLACEMENT3D(#4540,#9,#8);
#4542= IFCLOCALPLACEMENT(#4522,#4541);
#4543= IFCBEAM('38JjOdKOfEYe$kfPVVtF1i',#44,'Kamst\S\el','REBAR8',$,#4542,#4539,'IDc84ed627-518a-4e8a-8fee-a597dfdcf06c');
#4544= IFCSHAPEREPRESENTATION(#12,'Body','Brep',(#206));
#4545= IFCPRODUCTDEFINITIONSHAPE($,$,(#4544));
#4546= IFCCARTESIANPOINT((-88720.5845163638,-65469.6291974518,-49.000007033332));
#4547= IFCAXIS2PLACEMENT3D(#4546,#9,#8);
#4548= IFCLOCALPLACEMENT(#4522,#4547);
#4549= IFCBEAM('2E5fj8tknEPAjEYKB8h6zA',#44,'Kamst\S\el','REBAR8',$,#4548,#4545,'ID8e169b48-deec-4e64-ab4e-8942c8ac6f4a');
#4550= IFCSHAPEREPRESENTATION(#12,'Body','Brep',(#206));
#4551= IFCPRODUCTDEFINITIONSHAPE($,$,(#4550));
#4552= IFCCARTESIANPOINT((-88320.5845163638,-65469.6293370803,-49.000007033332));
#4553= IFCAXIS2PLACEMENT3D(#4552,#9,#8);
#4554= IFCLOCALPLACEMENT(#4522,#4553);
#4555= IFCBEAM('39AkoHW6zAiOwv361nvIqu',#44,'Kamst\S\el','REBAR8',$,#4554,#4551,'IDc92aec91-806f-4ab1-8eb9-0c6071e52d38');
#4556= IFCSHAPEREPRESENTATION(#12,'Body','Brep',(#206));
#4557= IFCPRODUCTDEFINITIONSHAPE($,$,(#4556));
#4558= IFCCARTESIANPOINT((-87920.5845163638,-65469.6294767089,-49.000007033332));
#4559= IFCAXIS2PLACEMENT3D(#4558,#9,#8);
#4560= IFCLOCALPLACEMENT(#4522,#4559);
#4561= IFCBEAM('0Xm9h6LSPAbRaVz8qjF_vn',#44,'Kamst\S\el','REBAR8',$,#4560,#4557,'ID21c09ac6-55c6-4a95-b91f-f48d2d3fee71');
#4562= IFCSHAPEREPRESENTATION(#12,'Body','Brep',(#206));
#4563= IFCPRODUCTDEFINITIONSHAPE($,$,(#4562));
#4564= IFCCARTESIANPOINT((-85520.5845163638,-65469.6303144801,-49.000007033332));
#4565= IFCAXIS2PLACEMENT3D(#4564,#9,#8);
#4566= IFCLOCALPLACEMENT(#4522,#4565);
#4567= IFCBEAM('2zcqAz8IT1z9qdjZPDPXXW',#44,'Kamst\S\el','REBAR8',$,#4566,#4563,'IDbd9b42bd-2127-41f4-9d27-b6364d661860');
#4568= IFCSHAPEREPRESENTATION(#12,'Body','Brep',(#206));
#4569= IFCPRODUCTDEFINITIONSHAPE($,$,(#4568));
#4570= IFCCARTESIANPOINT((-85920.5845163638,-65469.6301748516,-49.000007033332));
#4571= IFCAXIS2PLACEMENT3D(#4570,#9,#8);
#4572= IFCLOCALPLACEMENT(#4522,#4571);
#4573= IFCBEAM('1co_Zgw_1DwO62QdUTCNVe',#44,'Kamst\S\el','REBAR8',$,#4572,#4569,'ID66cbe8ea-ebe0-4de9-8182-6a779d3177e8');
#4574= IFCSHAPEREPRESENTATION(#12,'Body','Brep',(#206));
#4575= IFCPRODUCTDEFINITIONSHAPE($,$,(#4574));
#4576= IFCCARTESIANPOINT((-86320.5845163638,-65469.630035223,-49.000007033332));
#4577= IFCAXIS2PLACEMENT3D(#4576,#9,#8);
#4578= IFCLOCALPLACEMENT(#4522,#4577);
#4579= IFCBEAM('0jkoX4XlH1refdkh4Q_ZDp',#44,'Kamst\S\el','REBAR8',$,#4578,#4575,'ID2dbb2844-86f4-41d6-8a67-bab11afa3373');
#4580= IFCSHAPEREPRESENTATION(#12,'Body','Brep',(#206));
#4581= IFCPRODUCTDEFINITIONSHAPE($,$,(#4580));
#4582= IFCCARTESIANPOINT((-86720.5845163638,-65469.6298955945,-49.000007033332));
#4583= IFCAXIS2PLACEMENT3D(#4582,#9,#8);
#4584= IFCLOCALPLACEMENT(#4522,#4583);
#4585= IFCBEAM('1DeX9vkFXEifLtYdFjWPP6',#44,'Kamst\S\el','REBAR8',$,#4584,#4581,'ID4da21279-b8f8-4eb2-9577-8a73ed819646');
#4586= IFCSHAPEREPRESENTATION(#12,'Body','Brep',(#206));
#4587= IFCPRODUCTDEFINITIONSHAPE($,$,(#4586));
#4588= IFCCARTESIANPOINT((-87120.5845163638,-65469.629755966,-49.000007033332));
#4589= IFCAXIS2PLACEMENT3D(#4588,#9,#8);
#4590= IFCLOCALPLACEMENT(#4522,#4589);
#4591= IFCBEAM('0BWLx3H7jCuPXxIlBzOrj1',#44,'Kamst\S\el','REBAR8',$,#4590,#4587,'ID0b815ec3-447b-4ce1-987b-4af2fd635b41');
#4592= IFCSHAPEREPRESENTATION(#12,'Body','Brep',(#206));
#4593= IFCPRODUCTDEFINITIONSHAPE($,$,(#4592));
#4594= IFCCARTESIANPOINT((-87520.5845163638,-65469.6296163374,-49.000007033332));
#4595= IFCAXIS2PLACEMENT3D(#4594,#9,#8);
#4596= IFCLOCALPLACEMENT(#4522,#4595);
#4597= IFCBEAM('0ilOpBS2DCvQz4r1dbAZSP',#44,'Kamst\S\el','REBAR8',$,#4596,#4593,'ID2cbd8ccb-7023-4ce5-af44-d419e52a3719');
#4598= IFCLOCALPLACEMENT(#42,#10);
#4599= IFCELEMENTASSEMBLY('2i69iKGXrA8QjyTa2NWs56',#44,'Drager',$,$,#4598,$,'d46',.NOTDEFINED.,.NOTDEFINED.);
#4600= IFCPROPERTYSET('1g4ju2Cwr2KhZDo5noi6KY',#5,'Tekla Assembly','Assembly Properties',(#48,#49,#50,#4524,#4457,#53,#3962,#4526));
#4601= IFCQUANTITYLENGTH('Width',$,$,164.57411883997);
#4602= IFCELEMENTQUANTITY('0eaGWnccT4_gp$lNDBX3K6',#5,'BaseQuantities',$,$,(#4601));
#4603= IFCSHAPEREPRESENTATION(#12,'Body','Brep',(#206));
#4604= IFCPRODUCTDEFINITIONSHAPE($,$,(#4603));
#4605= IFCCARTESIANPOINT((-89520.5847135895,-66599.6311254376,-49.000007033332));
#4606= IFCAXIS2PLACEMENT3D(#4605,#9,#620);
#4607= IFCLOCALPLACEMENT(#4598,#4606);
#4608= IFCBEAM('1jyYg5pTb15Bei5HYkW0d3',#44,'Kamst\S\el','REBAR8',$,#4607,#4604,'ID6df22a85-cdd9-4114-ba2c-1518ae8009c3');
#4609= IFCQUANTITYLENGTH('Length',$,$,149.949976367221);
#4610= IFCELEMENTQUANTITY('3$zH9ET9X3RADWoVpCOCo$',#5,'BaseQuantities',$,$,(#4609,#238,#239,#240));
#4611= IFCSHAPEREPRESENTATION(#12,'Body','Brep',(#206));
#4612= IFCPRODUCTDEFINITIONSHAPE($,$,(#4611));
#4613= IFCCARTESIANPOINT((-89120.5847135895,-66599.6311254376,-49.000007033332));
#4614= IFCAXIS2PLACEMENT3D(#4613,#9,#620);
#4615= IFCLOCALPLACEMENT(#4598,#4614);
#4616= IFCBEAM('3N8r6gh$XCyOn14gY$aQ4v',#44,'Kamst\S\el','REBAR8',$,#4615,#4612,'IDd72351aa-aff8-4cf1-8c41-12a8bf91a139');
#4617= IFCSHAPEREPRESENTATION(#12,'Body','Brep',(#206));
#4618= IFCPRODUCTDEFINITIONSHAPE($,$,(#4617));
#4619= IFCCARTESIANPOINT((-88720.5847135895,-66599.6311254376,-49.000007033332));
#4620= IFCAXIS2PLACEMENT3D(#4619,#9,#620);
#4621= IFCLOCALPLACEMENT(#4598,#4620);
#4622= IFCBEAM('1uLp9trLn9Vh3221RSYgZA',#44,'Kamst\S\el','REBAR8',$,#4621,#4618,'ID78573277-d55c-497e-b0c2-0816dc8aa8ca');
#4623= IFCSHAPEREPRESENTATION(#12,'Body','Brep',(#206));
#4624= IFCPRODUCTDEFINITIONSHAPE($,$,(#4623));
#4625= IFCCARTESIANPOINT((-88320.5847135895,-66599.6311254376,-49.000007033332));
#4626= IFCAXIS2PLACEMENT3D(#4625,#9,#620);
#4627= IFCLOCALPLACEMENT(#4598,#4626);
#4628= IFCBEAM('2pHPyUGrnF4Rz$IldDPAVn',#44,'Kamst\S\el','REBAR8',$,#4627,#4624,'IDb3459f1e-435c-4f11-bf7f-4af9cd64a7f1');
#4629= IFCSHAPEREPRESENTATION(#12,'Body','Brep',(#206));
#4630= IFCPRODUCTDEFINITIONSHAPE($,$,(#4629));
#4631= IFCCARTESIANPOINT((-87920.5847135895,-66599.6311254376,-49.000007033332));
#4632= IFCAXIS2PLACEMENT3D(#4631,#9,#620);
#4633= IFCLOCALPLACEMENT(#4598,#4632);
#4634= IFCBEAM('1K$xdlfC93wvD2MW9_kO1E',#44,'Kamst\S\el','REBAR8',$,#4633,#4630,'ID54ffb9ef-a4c2-43eb-9342-5a027eb9804e');
#4635= IFCSHAPEREPRESENTATION(#12,'Body','Brep',(#206));
#4636= IFCPRODUCTDEFINITIONSHAPE($,$,(#4635));
#4637= IFCCARTESIANPOINT((-85520.5847135895,-66599.6311254376,-49.000007033332));
#4638= IFCAXIS2PLACEMENT3D(#4637,#9,#620);
#4639= IFCLOCALPLACEMENT(#4598,#4638);
#4640= IFCBEAM('3VrejX1cPFpgDO8KIOu0yM',#44,'Kamst\S\el','REBAR8',$,#4639,#4636,'IDdfd68b61-0666-4fce-a358-214498e00f16');
#4641= IFCSHAPEREPRESENTATION(#12,'Body','Brep',(#206));
#4642= IFCPRODUCTDEFINITIONSHAPE($,$,(#4641));
#4643= IFCCARTESIANPOINT((-85920.5847135895,-66599.6311254376,-49.000007033332));
#4644= IFCAXIS2PLACEMENT3D(#4643,#9,#620);
#4645= IFCLOCALPLACEMENT(#4598,#4644);
#4646= IFCBEAM('0cjhbYeID2hBKPJ23f10s$',#44,'Kamst\S\el','REBAR8',$,#4645,#4642,'ID26b6b962-a123-42ac-b519-4c20e9040dbf');
#4647= IFCSHAPEREPRESENTATION(#12,'Body','Brep',(#206));
#4648= IFCPRODUCTDEFINITIONSHAPE($,$,(#4647));
#4649= IFCCARTESIANPOINT((-86320.5847135895,-66599.6311254376,-49.000007033332));
#4650= IFCAXIS2PLACEMENT3D(#4649,#9,#620);
#4651= IFCLOCALPLACEMENT(#4598,#4650);
#4652= IFCBEAM('2Fxra0vwn8$h7wiwMMYHUA',#44,'Kamst\S\el','REBAR8',$,#4651,#4648,'ID8fef5900-e7ac-48fe-b1fa-b3a59689178a');
#4653= IFCSHAPEREPRESENTATION(#12,'Body','Brep',(#206));
#4654= IFCPRODUCTDEFINITIONSHAPE($,$,(#4653));
#4655= IFCCARTESIANPOINT((-86720.5847135895,-66599.6311254376,-49.000007033332));
#4656= IFCAXIS2PLACEMENT3D(#4655,#9,#620);
#4657= IFCLOCALPLACEMENT(#4598,#4656);
#4658= IFCBEAM('1ghyKTd212dhyrsgHtzRYi',#44,'Kamst\S\el','REBAR8',$,#4657,#4654,'ID6aafc51d-9c20-429e-bf35-daa477f5b8ac');
#4659= IFCSHAPEREPRESENTATION(#12,'Body','Brep',(#206));
#4660= IFCPRODUCTDEFINITIONSHAPE($,$,(#4659));
#4661= IFCCARTESIANPOINT((-87120.5847135895,-66599.6311254376,-49.000007033332));
#4662= IFCAXIS2PLACEMENT3D(#4661,#9,#620);
#4663= IFCLOCALPLACEMENT(#4598,#4662);
#4664= IFCBEAM('2zb2mdyJzDZgYpRuCuL4R2',#44,'Kamst\S\el','REBAR8',$,#4663,#4660,'IDbd942c27-f13f-4d8e-a8b3-6f83385446c2');
#4665= IFCSHAPEREPRESENTATION(#12,'Body','Brep',(#206));
#4666= IFCPRODUCTDEFINITIONSHAPE($,$,(#4665));
#4667= IFCCARTESIANPOINT((-87520.5847135895,-66599.6311254376,-49.000007033332));
#4668= IFCAXIS2PLACEMENT3D(#4667,#9,#620);
#4669= IFCLOCALPLACEMENT(#4598,#4668);
#4670= IFCBEAM('2ZCiLqtLnAkei4W7R8KQbH',#44,'Kamst\S\el','REBAR8',$,#4669,#4666,'IDa332c574-dd5c-4aba-8b04-8076c851a951');
#4671= IFCLSHAPEPROFILEDEF(.AREA.,'L45*5',#644,45.,45.,5.,7.,3.5,$,$,$);
#4672= IFCCARTESIANPOINT((4227.94984741212,0.,0.));
#4673= IFCAXIS2PLACEMENT3D(#4672,#430,#620);
#4674= IFCEXTRUDEDAREASOLID(#4671,#4673,#9,4295.9);
#4675= IFCCARTESIANPOINT((4159.99984741212,-22.5,22.5000070333226));
#4676= IFCAXIS2PLACEMENT3D(#4675,#649,#9);
#4677= IFCPLANE(#4676);
#4678= IFCHALFSPACESOLID(#4677,.F.);
#4679= IFCBOOLEANCLIPPINGRESULT(.DIFFERENCE.,#4674,#4678);
#4680= IFCCARTESIANPOINT((1.45519152283669E-11,-22.5,22.5000070333226));
#4681= IFCAXIS2PLACEMENT3D(#4680,#1196,#9);
#4682= IFCPLANE(#4681);
#4683= IFCHALFSPACESOLID(#4682,.T.);
#4684= IFCBOOLEANCLIPPINGRESULT(.DIFFERENCE.,#4679,#4683);
#4685= IFCSHAPEREPRESENTATION(#12,'Body','Clipping',(#4684));
#4686= IFCSTYLEDITEM(#4674,(#641),$);
#4687= IFCPRODUCTDEFINITIONSHAPE($,$,(#4685));
#4688= IFCCARTESIANPOINT((-85440.5847967544,-66607.1301732221,-22.5000070333226));
#4689= IFCAXIS2PLACEMENT3D(#4688,#9,#430);
#4690= IFCLOCALPLACEMENT(#4598,#4689);
#4691= IFCBEAM('3ls48A9IT2IQwsGSnetTv2',#44,'Drager','L45*5',$,#4690,#4687,'d46');
#4692= IFCBEAMTYPE('08gTGSPAL0RenrasRd1QVJ',#5,'L45*5',$,$,$,$,$,$,.NOTDEFINED.);
#4693= IFCPROPERTYSINGLEVALUE('Bottom elevation',$,IFCLABEL(' -0.045'),$);
#4694= IFCPROPERTYSET('3UvL7Dw8bErOe1$nQl1jBy',#5,'Tekla Common','Common Properties to Shared building elements',(#217,#4693,#664,#220,#221,#222,#665));
#4695= IFCPROPERTYSINGLEVALUE('Weight',$,IFCMASSMEASURE(14.35),$);
#4696= IFCPROPERTYSINGLEVALUE('Gross footprint area',$,IFCAREAMEASURE(0.021),$);
#4697= IFCPROPERTYSINGLEVALUE('Area per tons',$,IFCAREAMEASURE(51.548),$);
#4698= IFCPROPERTYSINGLEVALUE('Net surface area',$,IFCAREAMEASURE(0.735),$);
#4699= IFCPROPERTYSINGLEVALUE('Height',$,IFCLENGTHMEASURE(45.),$);
#4700= IFCPROPERTYSINGLEVALUE('Width',$,IFCLENGTHMEASURE(45.),$);
#4701= IFCPROPERTYSINGLEVALUE('Length',$,IFCLENGTHMEASURE(4250.),$);
#4702= IFCPROPERTYSET('0BbVtFiyPFpB7q_tW9CxQF',#5,'Tekla Quantity','Quantity Properties to Shared building elements',(#4695,#3737,#4696,#4697,#4698,#4699,#4700,#4701));
#4703= IFCPROPERTYSINGLEVALUE('Reference',$,IFCIDENTIFIER('d46'),$);
#4704= IFCPROPERTYSET('3MUP$IH5b68PdyWxeJqdHw',#5,'Pset_BeamCommon','Common Properties to beam elements',(#234,#4703));
#4705= IFCQUANTITYLENGTH('Length',$,$,4249.99984741211);
#4706= IFCQUANTITYAREA('OuterSurfaceArea',$,$,0.739499952199708);
#4707= IFCQUANTITYVOLUME('NetVolume',$,$,0.00181968116247404);
#4708= IFCQUANTITYWEIGHT('NetWeight',$,$,14.2844971254212);
#4709= IFCELEMENTQUANTITY('3olV4uDO5EiQE6CX3SbtQd',#5,'BaseQuantities',$,$,(#4705,#4706,#4707,#4708));
#4710= IFCCARTESIANPOINT((1167.94655635972,0.,0.));
#4711= IFCAXIS2PLACEMENT3D(#4710,#430,#620);
#4712= IFCEXTRUDEDAREASOLID(#4671,#4711,#9,1235.9);
#4713= IFCCARTESIANPOINT((1099.99656677245,-22.4999999999854,22.5000070333244));
#4714= IFCAXIS2PLACEMENT3D(#4713,#649,#9);
#4715= IFCPLANE(#4714);
#4716= IFCHALFSPACESOLID(#4715,.F.);
#4717= IFCBOOLEANCLIPPINGRESULT(.DIFFERENCE.,#4712,#4716);
#4718= IFCPLANE(#4681);
#4719= IFCHALFSPACESOLID(#4718,.T.);
#4720= IFCBOOLEANCLIPPINGRESULT(.DIFFERENCE.,#4717,#4719);
#4721= IFCSHAPEREPRESENTATION(#12,'Body','Clipping',(#4720));
#4722= IFCSTYLEDITEM(#4712,(#641),$);
#4723= IFCPRODUCTDEFINITIONSHAPE($,$,(#4721));
#4724= IFCCARTESIANPOINT((-85418.0847967544,-65484.6336064497,-22.5000070333244));
#4725= IFCAXIS2PLACEMENT3D(#4724,#9,#620);
#4726= IFCLOCALPLACEMENT(#4454,#4725);
#4727= IFCBEAM('1FlxSDO$98jPC5vtampWmN',#44,'Drager','L45*5',$,#4726,#4723,'d45');
#4728= IFCPROPERTYSINGLEVALUE('Weight',$,IFCMASSMEASURE(4.02),$);
#4729= IFCPROPERTYSINGLEVALUE('Gross footprint area',$,IFCAREAMEASURE(0.006),$);
#4730= IFCPROPERTYSINGLEVALUE('Net surface area',$,IFCAREAMEASURE(0.203),$);
#4731= IFCPROPERTYSINGLEVALUE('Length',$,IFCLENGTHMEASURE(1190.),$);
#4732= IFCPROPERTYSET('2GByUuzsTA39rkUwCuL0ss',#5,'Tekla Quantity','Quantity Properties to Shared building elements',(#4728,#1209,#4729,#4697,#4730,#4699,#4700,#4731));
#4733= IFCPROPERTYSINGLEVALUE('Reference',$,IFCIDENTIFIER('d45'),$);
#4734= IFCPROPERTYSET('3x2UtNEnD3wAGtxXR$O9_8',#5,'Pset_BeamCommon','Common Properties to beam elements',(#234,#4733));
#4735= IFCQUANTITYLENGTH('Length',$,$,1189.99654820895);
#4736= IFCQUANTITYAREA('OuterSurfaceArea',$,$,0.207059393438375);
#4737= IFCQUANTITYVOLUME('NetVolume',$,$,0.000501589297716132);
#4738= IFCQUANTITYWEIGHT('NetWeight',$,$,3.93747598707164);
#4739= IFCELEMENTQUANTITY('2j_ikqw7r1LR0OGWybNepF',#5,'BaseQuantities',$,$,(#4735,#4736,#4737,#4738));
#4740= IFCPLANE(#4676);
#4741= IFCHALFSPACESOLID(#4740,.F.);
#4742= IFCBOOLEANCLIPPINGRESULT(.DIFFERENCE.,#4674,#4741);
#4743= IFCPLANE(#4681);
#4744= IFCHALFSPACESOLID(#4743,.T.);
#4745= IFCBOOLEANCLIPPINGRESULT(.DIFFERENCE.,#4742,#4744);
#4746= IFCSHAPEREPRESENTATION(#12,'Body','Clipping',(#4745));
#4747= IFCPRODUCTDEFINITIONSHAPE($,$,(#4746));
#4748= IFCCARTESIANPOINT((-89600.5846338504,-65462.131699101,-22.5000070333244));
#4749= IFCAXIS2PLACEMENT3D(#4748,#9,#7);
#4750= IFCLOCALPLACEMENT(#4522,#4749);
#4751= IFCBEAM('2UlgzJUpDEV8jZmK7gbiiw',#44,'Drager','L45*5',$,#4750,#4747,'d46');
#4752= IFCCARTESIANPOINT((1167.9484948546,0.,0.));
#4753= IFCAXIS2PLACEMENT3D(#4752,#430,#620);
#4754= IFCEXTRUDEDAREASOLID(#4671,#4753,#9,1235.9);
#4755= IFCCARTESIANPOINT((1099.99847412108,-22.5000000111904,22.5000070333263));
#4756= IFCAXIS2PLACEMENT3D(#4755,#649,#9);
#4757= IFCPLANE(#4756);
#4758= IFCHALFSPACESOLID(#4757,.F.);
#4759= IFCBOOLEANCLIPPINGRESULT(.DIFFERENCE.,#4754,#4758);
#4760= IFCPLANE(#4681);
#4761= IFCHALFSPACESOLID(#4760,.T.);
#4762= IFCBOOLEANCLIPPINGRESULT(.DIFFERENCE.,#4759,#4761);
#4763= IFCSHAPEREPRESENTATION(#12,'Body','Clipping',(#4762));
#4764= IFCSTYLEDITEM(#4754,(#641),$);
#4765= IFCPRODUCTDEFINITIONSHAPE($,$,(#4763));
#4766= IFCCARTESIANPOINT((-89623.0846441665,-66584.6301732221,-22.5000070333263));
#4767= IFCAXIS2PLACEMENT3D(#4766,#9,#8);
#4768= IFCLOCALPLACEMENT(#4492,#4767);
#4769= IFCBEAM('2h0jJ12Nv99PIENkaAQGR3',#44,'Drager','L45*5',$,#4768,#4765,'d45');
#4770= IFCQUANTITYLENGTH('Length',$,$,1189.9984947515);
#4771= IFCQUANTITYAREA('OuterSurfaceArea',$,$,0.207059732136769);
#4772= IFCQUANTITYVOLUME('NetVolume',$,$,0.000501590131146199);
#4773= IFCQUANTITYWEIGHT('NetWeight',$,$,3.93748252949767);
#4774= IFCELEMENTQUANTITY('0TFdQTFlb2rAuXIMmI5vnw',#5,'BaseQuantities',$,$,(#4770,#4771,#4772,#4773));
#4775= IFCLOCALPLACEMENT(#42,#10);
#4776= IFCELEMENTASSEMBLY('2h9Bgrn4jDEfVSLioEjttr',#44,'Drager',$,$,#4775,$,'d45',.NOTDEFINED.,.NOTDEFINED.);
#4777= IFCPROPERTYSINGLEVALUE('Assembly/Cast unit position code',$,IFCLABEL('211/I-H'),$);
#4778= IFCPROPERTYSET('2DxrqPzuPBR8MX5KXM9JWe',#5,'Tekla Assembly','Assembly Properties',(#48,#49,#50,#4456,#4457,#53,#4777,#4459));
#4779= IFCQUANTITYLENGTH('Width',$,$,164.585332737972);
#4780= IFCELEMENTQUANTITY('1i3Ml5JRTF59MGD33FNU3Z',#5,'BaseQuantities',$,$,(#4779));
#4781= IFCSHAPEREPRESENTATION(#12,'Body','Brep',(#206));
#4782= IFCPRODUCTDEFINITIONSHAPE($,$,(#4781));
#4783= IFCCARTESIANPOINT((-60425.572630641,-65584.6307836089,-49.0000070333338));
#4784= IFCAXIS2PLACEMENT3D(#4783,#9,#7);
#4785= IFCLOCALPLACEMENT(#4775,#4784);
#4786= IFCBEAM('1igwUmg$TEbvyZaHMbQFaV',#44,'Kamst\S\el','REBAR8',$,#4785,#4782,'ID6caba7b0-abf7-4e97-9f23-9115a568f91f');
#4787= IFCSHAPEREPRESENTATION(#12,'Body','Brep',(#206));
#4788= IFCPRODUCTDEFINITIONSHAPE($,$,(#4787));
#4789= IFCCARTESIANPOINT((-60425.5727353624,-65884.6307836089,-49.0000070333338));
#4790= IFCAXIS2PLACEMENT3D(#4789,#9,#7);
#4791= IFCLOCALPLACEMENT(#4775,#4790);
#4792= IFCBEAM('2rdCZvy7D9kf3YvSvp3GOo',#44,'Kamst\S\el','REBAR8',$,#4791,#4788,'IDb59cc8f9-f073-49ba-90e2-e5ce730d0632');
#4793= IFCSHAPEREPRESENTATION(#12,'Body','Brep',(#206));
#4794= IFCPRODUCTDEFINITIONSHAPE($,$,(#4793));
#4795= IFCCARTESIANPOINT((-60425.5728400838,-66184.6307836089,-49.0000070333338));
#4796= IFCAXIS2PLACEMENT3D(#4795,#9,#7);
#4797= IFCLOCALPLACEMENT(#4775,#4796);
#4798= IFCBEAM('16Dc8Tj3j0e95T3een_6O6',#44,'Kamst\S\el','REBAR8',$,#4797,#4794,'ID4636621d-b43b-40a0-915d-0e8a31f86606');
#4799= IFCSHAPEREPRESENTATION(#12,'Body','Brep',(#206));
#4800= IFCPRODUCTDEFINITIONSHAPE($,$,(#4799));
#4801= IFCCARTESIANPOINT((-60425.5729448052,-66484.6307836089,-49.0000070333338));
#4802= IFCAXIS2PLACEMENT3D(#4801,#9,#7);
#4803= IFCLOCALPLACEMENT(#4775,#4802);
#4804= IFCBEAM('2aoK41zDL00Bj4HFCIb8e_',#44,'Kamst\S\el','REBAR8',$,#4803,#4800,'IDa4c94101-f4d5-4000-bb44-44f312948a3e');
#4805= IFCLOCALPLACEMENT(#42,#10);
#4806= IFCELEMENTASSEMBLY('2n9X81O3TEf8PoNr9L3YKV',#44,'Drager',$,$,#4805,$,'d45',.NOTDEFINED.,.NOTDEFINED.);
#4807= IFCPROPERTYSINGLEVALUE('Assembly/Cast unit position code',$,IFCLABEL('212/I-H'),$);
#4808= IFCPROPERTYSET('3chFoOu8n04wF3Ci6DLFiE',#5,'Tekla Assembly','Assembly Properties',(#48,#49,#50,#4456,#4457,#53,#4807,#4459));
#4809= IFCQUANTITYLENGTH('Width',$,$,164.575984170833);
#4810= IFCELEMENTQUANTITY('1uOk5EUVP2YgbOMi$OOyS_',#5,'BaseQuantities',$,$,(#4809));
#4811= IFCSHAPEREPRESENTATION(#12,'Body','Brep',(#206));
#4812= IFCPRODUCTDEFINITIONSHAPE($,$,(#4811));
#4813= IFCCARTESIANPOINT((-64615.5874617129,-65584.6300523018,-49.0000070333338));
#4814= IFCAXIS2PLACEMENT3D(#4813,#9,#430);
#4815= IFCLOCALPLACEMENT(#4805,#4814);
#4816= IFCBEAM('2d_eeUUw10FvRSocbOR8TO',#44,'Kamst\S\el','REBAR8',$,#4815,#4812,'IDa7fa8a1e-7ba0-403f-96dc-ca69586c8758');
#4817= IFCQUANTITYLENGTH('Length',$,$,149.949976367214);
#4818= IFCELEMENTQUANTITY('16Pdy7pBz6Tugey8JFNaqh',#5,'BaseQuantities',$,$,(#4817,#238,#239,#240));
#4819= IFCSHAPEREPRESENTATION(#12,'Body','Brep',(#206));
#4820= IFCPRODUCTDEFINITIONSHAPE($,$,(#4819));
#4821= IFCCARTESIANPOINT((-64615.5874617129,-65884.6300523018,-49.0000070333338));
#4822= IFCAXIS2PLACEMENT3D(#4821,#9,#430);
#4823= IFCLOCALPLACEMENT(#4805,#4822);
#4824= IFCBEAM('3qmfYZ0KXCauWNc85UHxB3',#44,'Kamst\S\el','REBAR8',$,#4823,#4820,'IDf4c298a3-0148-4c93-8817-98815e47b2c3');
#4825= IFCSHAPEREPRESENTATION(#12,'Body','Brep',(#206));
#4826= IFCPRODUCTDEFINITIONSHAPE($,$,(#4825));
#4827= IFCCARTESIANPOINT((-64615.5874617129,-66184.6300523018,-49.0000070333338));
#4828= IFCAXIS2PLACEMENT3D(#4827,#9,#430);
#4829= IFCLOCALPLACEMENT(#4805,#4828);
#4830= IFCBEAM('3xEP2L8C93ow7rJUvI8aJ0',#44,'Kamst\S\el','REBAR8',$,#4829,#4826,'IDfb399095-20c2-43cb-a1f5-4dee522244c0');
#4831= IFCSHAPEREPRESENTATION(#12,'Body','Brep',(#206));
#4832= IFCPRODUCTDEFINITIONSHAPE($,$,(#4831));
#4833= IFCCARTESIANPOINT((-64615.5874617129,-66484.6300523018,-49.0000070333338));
#4834= IFCAXIS2PLACEMENT3D(#4833,#9,#430);
#4835= IFCLOCALPLACEMENT(#4805,#4834);
#4836= IFCBEAM('1$8x5q$PP5lvaea25NQq4p',#44,'Kamst\S\el','REBAR8',$,#4835,#4832,'ID7f23b174-fd96-45bf-9928-9021576b4133');
#4837= IFCLOCALPLACEMENT(#42,#10);
#4838= IFCELEMENTASSEMBLY('1K_lJmIK566g0x6y$4JJV9',#44,'Drager',$,$,#4837,$,'d46',.NOTDEFINED.,.NOTDEFINED.);
#4839= IFCPROPERTYSINGLEVALUE('Assembly/Cast unit position code',$,IFCLABEL('212-211/H'),$);
#4840= IFCPROPERTYSET('1GHWnV59P1kR2oXk$aCnlP',#5,'Tekla Assembly','Assembly Properties',(#48,#49,#50,#4524,#4457,#53,#4839,#4526));
#4841= IFCQUANTITYLENGTH('Width',$,$,164.576419884334);
#4842= IFCELEMENTQUANTITY('2wTfXlhzbEbOU2$qC8ler$',#5,'BaseQuantities',$,$,(#4841));
#4843= IFCSHAPEREPRESENTATION(#12,'Body','Brep',(#206));
#4844= IFCPRODUCTDEFINITIONSHAPE($,$,(#4843));
#4845= IFCCARTESIANPOINT((-64520.5845163638,-65469.6289181947,-49.000007033332));
#4846= IFCAXIS2PLACEMENT3D(#4845,#9,#8);
#4847= IFCLOCALPLACEMENT(#4837,#4846);
#4848= IFCBEAM('0z4ysGwpbBnxXTzlR4PvcW',#44,'Kamst\S\el','REBAR8',$,#4847,#4844,'ID3d13cd90-eb39-4bc7-b85d-f6f6c46799a0');
#4849= IFCQUANTITYLENGTH('Length',$,$,149.949976367396);
#4850= IFCELEMENTQUANTITY('2QGh7Yed5D6vZRDff3zbkP',#5,'BaseQuantities',$,$,(#4849,#238,#239,#240));
#4851= IFCSHAPEREPRESENTATION(#12,'Body','Brep',(#206));
#4852= IFCPRODUCTDEFINITIONSHAPE($,$,(#4851));
#4853= IFCCARTESIANPOINT((-64120.5845163638,-65469.6290578233,-49.000007033332));
#4854= IFCAXIS2PLACEMENT3D(#4853,#9,#8);
#4855= IFCLOCALPLACEMENT(#4837,#4854);
#4856= IFCBEAM('1x3aD9wdDFGAlLXzDYiwgF',#44,'Kamst\S\el','REBAR8',$,#4855,#4852,'ID7b0e4349-ea73-4f40-abd5-87d362b3aa8f');
#4857= IFCSHAPEREPRESENTATION(#12,'Body','Brep',(#206));
#4858= IFCPRODUCTDEFINITIONSHAPE($,$,(#4857));
#4859= IFCCARTESIANPOINT((-63720.5845163638,-65469.6291974518,-49.000007033332));
#4860= IFCAXIS2PLACEMENT3D(#4859,#9,#8);
#4861= IFCLOCALPLACEMENT(#4837,#4860);
#4862= IFCBEAM('2_4l_2Ibj0lBnaBnDbT9lw',#44,'Kamst\S\el','REBAR8',$,#4861,#4858,'IDbe12ff82-4a5b-40bc-bc64-2f1365749bfa');
#4863= IFCSHAPEREPRESENTATION(#12,'Body','Brep',(#206));
#4864= IFCPRODUCTDEFINITIONSHAPE($,$,(#4863));
#4865= IFCCARTESIANPOINT((-63320.5845163638,-65469.6293370803,-49.000007033332));
#4866= IFCAXIS2PLACEMENT3D(#4865,#9,#8);
#4867= IFCLOCALPLACEMENT(#4837,#4866);
#4868= IFCBEAM('0prYLP60n8ZhlV5$9y_ZMk',#44,'Kamst\S\el','REBAR8',$,#4867,#4864,'ID33d62559-180c-488e-bbdf-17f27cfa35ae');
#4869= IFCSHAPEREPRESENTATION(#12,'Body','Brep',(#206));
#4870= IFCPRODUCTDEFINITIONSHAPE($,$,(#4869));
#4871= IFCCARTESIANPOINT((-62920.5845163638,-65469.6294767089,-49.000007033332));
#4872= IFCAXIS2PLACEMENT3D(#4871,#9,#8);
#4873= IFCLOCALPLACEMENT(#4837,#4872);
#4874= IFCBEAM('1IWI4RdcTE_Aw7$5Et6Q4y',#44,'Kamst\S\el','REBAR8',$,#4873,#4870,'ID5281211b-9e67-4ef8-ae87-fc53b719a13c');
#4875= IFCQUANTITYLENGTH('Length',$,$,149.949976367403);
#4876= IFCELEMENTQUANTITY('2r34JC44LAnAEpqgHTwkk5',#5,'BaseQuantities',$,$,(#4875,#238,#239,#240));
#4877= IFCSHAPEREPRESENTATION(#12,'Body','Brep',(#206));
#4878= IFCPRODUCTDEFINITIONSHAPE($,$,(#4877));
#4879= IFCCARTESIANPOINT((-60520.5845163638,-65469.6303144801,-49.000007033332));
#4880= IFCAXIS2PLACEMENT3D(#4879,#9,#8);
#4881= IFCLOCALPLACEMENT(#4837,#4880);
#4882= IFCBEAM('2X$mDL_vDABvnENpablKY7',#44,'Kamst\S\el','REBAR8',$,#4881,#4878,'IDa1ff0355-fb93-4a2f-9c4e-5f3925bd4887');
#4883= IFCSHAPEREPRESENTATION(#12,'Body','Brep',(#206));
#4884= IFCPRODUCTDEFINITIONSHAPE($,$,(#4883));
#4885= IFCCARTESIANPOINT((-60920.5845163638,-65469.6301748516,-49.000007033332));
#4886= IFCAXIS2PLACEMENT3D(#4885,#9,#8);
#4887= IFCLOCALPLACEMENT(#4837,#4886);
#4888= IFCBEAM('0oogtAQN15aRBmIn6pl8JK',#44,'Kamst\S\el','REBAR8',$,#4887,#4884,'ID32caadca-6970-4591-b2f0-4b11b3bc84d4');
#4889= IFCSHAPEREPRESENTATION(#12,'Body','Brep',(#206));
#4890= IFCPRODUCTDEFINITIONSHAPE($,$,(#4889));
#4891= IFCCARTESIANPOINT((-61320.5845163638,-65469.630035223,-49.000007033332));
#4892= IFCAXIS2PLACEMENT3D(#4891,#9,#8);
#4893= IFCLOCALPLACEMENT(#4837,#4892);
#4894= IFCBEAM('0tTMjY4q14Xhn58lwsEEMY',#44,'Kamst\S\el','REBAR8',$,#4893,#4890,'ID37756b62-1340-4486-bc45-22feb638e5a2');
#4895= IFCSHAPEREPRESENTATION(#12,'Body','Brep',(#206));
#4896= IFCPRODUCTDEFINITIONSHAPE($,$,(#4895));
#4897= IFCCARTESIANPOINT((-61720.5845163638,-65469.6298955945,-49.000007033332));
#4898= IFCAXIS2PLACEMENT3D(#4897,#9,#8);
#4899= IFCLOCALPLACEMENT(#4837,#4898);
#4900= IFCBEAM('0UlTcbxxr8seW$7UFgc_dv',#44,'Kamst\S\el','REBAR8',$,#4899,#4896,'ID1ebdd9a5-efbd-48da-883f-1de3ea9be9f9');
#4901= IFCSHAPEREPRESENTATION(#12,'Body','Brep',(#206));
#4902= IFCPRODUCTDEFINITIONSHAPE($,$,(#4901));
#4903= IFCCARTESIANPOINT((-62120.5845163638,-65469.629755966,-49.000007033332));
#4904= IFCAXIS2PLACEMENT3D(#4903,#9,#8);
#4905= IFCLOCALPLACEMENT(#4837,#4904);
#4906= IFCBEAM('3wWAJlbIT94vzOFrT7RdhN',#44,'Kamst\S\el','REBAR8',$,#4905,#4902,'IDfa80a4ef-9527-4913-9f58-3f57476e7ad7');
#4907= IFCSHAPEREPRESENTATION(#12,'Body','Brep',(#206));
#4908= IFCPRODUCTDEFINITIONSHAPE($,$,(#4907));
#4909= IFCCARTESIANPOINT((-62520.5845163638,-65469.6296163374,-49.000007033332));
#4910= IFCAXIS2PLACEMENT3D(#4909,#9,#8);
#4911= IFCLOCALPLACEMENT(#4837,#4910);
#4912= IFCBEAM('1auQai5Z5FIBHl__XXx9OJ',#44,'Kamst\S\el','REBAR8',$,#4911,#4908,'ID64e1a92c-1631-4f48-b46f-fbe861ec9613');
#4913= IFCPLANE(#4100);
#4914= IFCHALFSPACESOLID(#4913,.T.);
#4915= IFCBOOLEANCLIPPINGRESULT(.DIFFERENCE.,#4099,#4914);
#4916= IFCPLANE(#695);
#4917= IFCHALFSPACESOLID(#4916,.F.);
#4918= IFCBOOLEANCLIPPINGRESULT(.DIFFERENCE.,#4915,#4917);
#4919= IFCSHAPEREPRESENTATION(#12,'Body','Clipping',(#4918));
#4920= IFCPRODUCTDEFINITIONSHAPE($,$,(#4919));
#4921= IFCCARTESIANPOINT((-27875.5960614695,-65884.6421485124,-35.0000070333153));
#4922= IFCAXIS2PLACEMENT3D(#4921,#9,#4111);
#4923= IFCLOCALPLACEMENT(#4397,#4922);
#4924= IFCBEAM('3hyf_B0WL6nRJo$oeGXIVM',#44,'Drager','L70*7',$,#4923,#4920,'d49');
#4925= IFCPLANE(#4027);
#4926= IFCHALFSPACESOLID(#4925,.T.);
#4927= IFCBOOLEANCLIPPINGRESULT(.DIFFERENCE.,#4025,#4926);
#4928= IFCPLANE(#695);
#4929= IFCHALFSPACESOLID(#4928,.F.);
#4930= IFCBOOLEANCLIPPINGRESULT(.DIFFERENCE.,#4927,#4929);
#4931= IFCSHAPEREPRESENTATION(#12,'Body','Clipping',(#4930));
#4932= IFCPRODUCTDEFINITIONSHAPE($,$,(#4931));
#4933= IFCCARTESIANPOINT((-28410.5946088939,-65849.6432690096,-35.0000070333117));
#4934= IFCAXIS2PLACEMENT3D(#4933,#9,#3999);
#4935= IFCLOCALPLACEMENT(#4397,#4934);
#4936= IFCBEAM('3GWxzF0HL9Ux_d1zi0Mbwr',#44,'Drager','L70*7',$,#4935,#4932,'IDd083bf4f-0115-497b-bfa7-07db005a5eb5');
#4937= IFCPLANE(#4056);
#4938= IFCHALFSPACESOLID(#4937,.F.);
#4939= IFCBOOLEANCLIPPINGRESULT(.DIFFERENCE.,#4054,#4938);
#4940= IFCPLANE(#1197);
#4941= IFCHALFSPACESOLID(#4940,.T.);
#4942= IFCBOOLEANCLIPPINGRESULT(.DIFFERENCE.,#4939,#4941);
#4943= IFCSHAPEREPRESENTATION(#12,'Body','Clipping',(#4942));
#4944= IFCPRODUCTDEFINITIONSHAPE($,$,(#4943));
#4945= IFCCARTESIANPOINT((-27910.5880773941,-66419.6351323285,-35.0000070333117));
#4946= IFCAXIS2PLACEMENT3D(#4945,#9,#430);
#4947= IFCLOCALPLACEMENT(#4397,#4946);
#4948= IFCBEAM('2K5ZFoBeP7Gwr4QWuI9agY',#44,'Drager','L70*7',$,#4947,#4944,'ID941633f2-2e86-4743-ad44-6a0e12264aa2');
#4949= IFCPLANE(#4078);
#4950= IFCHALFSPACESOLID(#4949,.F.);
#4951= IFCBOOLEANCLIPPINGRESULT(.DIFFERENCE.,#4077,#4950);
#4952= IFCPLANE(#1197);
#4953= IFCHALFSPACESOLID(#4952,.T.);
#4954= IFCBOOLEANCLIPPINGRESULT(.DIFFERENCE.,#4951,#4953);
#4955= IFCSHAPEREPRESENTATION(#12,'Body','Clipping',(#4954));
#4956= IFCPRODUCTDEFINITIONSHAPE($,$,(#4955));
#4957= IFCCARTESIANPOINT((-28445.5879248062,-66384.6351323285,-35.0000070333153));
#4958= IFCAXIS2PLACEMENT3D(#4957,#9,#8);
#4959= IFCLOCALPLACEMENT(#4397,#4958);
#4960= IFCBEAM('09aAHCcPP6XREo3R4p73OP',#44,'Drager','L70*7',$,#4959,#4956,'ID0990a44c-9996-4685-b3b2-0db1331c3619');
#4961= IFCLOCALPLACEMENT(#42,#10);
#4962= IFCELEMENTASSEMBLY('2LB6idnSvFEv_lDd7J_vxV',#44,'Drager',$,$,#4961,$,'d47',.NOTDEFINED.,.NOTDEFINED.);
#4963= IFCPROPERTYSINGLEVALUE('Assembly/Cast unit weight',$,IFCMASSMEASURE(4.7),$);
#4964= IFCPROPERTYSINGLEVALUE('Assembly/Cast unit position code',$,IFCLABEL('209/<L'),$);
#4965= IFCPROPERTYSINGLEVALUE('Assembly/Cast unit Mark',$,IFCLABEL('d47'),$);
#4966= IFCPROPERTYSET('3rEOA0JEr5YhcmqylI9kS7',#5,'Tekla Assembly','Assembly Properties',(#48,#49,#50,#4963,#4457,#53,#4964,#4965));
#4967= IFCQUANTITYLENGTH('Width',$,$,164.580492512345);
#4968= IFCELEMENTQUANTITY('2Bq0dRDR1EoPRi5T73anm$',#5,'BaseQuantities',$,$,(#4967));
#4969= IFCSHAPEREPRESENTATION(#12,'Body','Brep',(#206));
#4970= IFCPRODUCTDEFINITIONSHAPE($,$,(#4969));
#4971= IFCCARTESIANPOINT((-50360.5868892001,-95944.6324722249,-49.0000070333338));
#4972= IFCAXIS2PLACEMENT3D(#4971,#9,#7);
#4973= IFCLOCALPLACEMENT(#4961,#4972);
#4974= IFCBEAM('3XbIFysfvFQBpLon4mgyLi',#44,'Kamst\S\el','REBAR8',$,#4973,#4970,'IDe19523fc-da9e-4f68-bcd5-cb1130abc56c');
#4975= IFCQUANTITYLENGTH('Length',$,$,149.949976367374);
#4976= IFCELEMENTQUANTITY('10wSvEUfX1Ax0$rZ1fCGTR',#5,'BaseQuantities',$,$,(#4975,#238,#239,#240));
#4977= IFCSHAPEREPRESENTATION(#12,'Body','Brep',(#206));
#4978= IFCPRODUCTDEFINITIONSHAPE($,$,(#4977));
#4979= IFCCARTESIANPOINT((-50360.5868892001,-96294.6324722249,-49.0000070333338));
#4980= IFCAXIS2PLACEMENT3D(#4979,#9,#7);
#4981= IFCLOCALPLACEMENT(#4961,#4980);
#4982= IFCBEAM('0DTzOWDGH0GONRbeE9YM_u',#44,'Kamst\S\el','REBAR8',$,#4981,#4978,'ID0d77d620-3504-4041-85db-968389896fb8');
#4983= IFCSHAPEREPRESENTATION(#12,'Body','Brep',(#206));
#4984= IFCPRODUCTDEFINITIONSHAPE($,$,(#4983));
#4985= IFCCARTESIANPOINT((-50360.5868892001,-96644.6324722249,-49.0000070333338));
#4986= IFCAXIS2PLACEMENT3D(#4985,#9,#7);
#4987= IFCLOCALPLACEMENT(#4961,#4986);
#4988= IFCBEAM('2pFhxTF350tu0eBLEGyJJs',#44,'Kamst\S\el','REBAR8',$,#4987,#4984,'IDb33ebedd-3c31-40df-8028-2d5390f134f6');
#4989= IFCSHAPEREPRESENTATION(#12,'Body','Brep',(#206));
#4990= IFCPRODUCTDEFINITIONSHAPE($,$,(#4989));
#4991= IFCCARTESIANPOINT((-50360.5868892001,-95594.6324722249,-49.0000070333338));
#4992= IFCAXIS2PLACEMENT3D(#4991,#9,#7);
#4993= IFCLOCALPLACEMENT(#4961,#4992);
#4994= IFCBEAM('1VgoB5ZfT3mObtFTfAtQGO',#44,'Kamst\S\el','REBAR8',$,#4993,#4990,'ID5fab22c5-8e97-43c1-8977-3dda4adda418');
#4995= IFCLOCALPLACEMENT(#42,#10);
#4996= IFCELEMENTASSEMBLY('3IkjXMDTnA3QKV423zEFJl',#44,'Drager',$,$,#4995,$,'d47',.NOTDEFINED.,.NOTDEFINED.);
#4997= IFCPROPERTYSINGLEVALUE('Assembly/Cast unit position code',$,IFCLABEL('210-209/<L'),$);
#4998= IFCPROPERTYSET('25ST4nCzXC1eraWZGsCI1V',#5,'Tekla Assembly','Assembly Properties',(#48,#49,#50,#4963,#4457,#53,#4997,#4965));
#4999= IFCQUANTITYLENGTH('Width',$,$,164.580492512285);
#5000= IFCELEMENTQUANTITY('0XlL8cyi5BpuOjbkPY3SsD',#5,'BaseQuantities',$,$,(#4999));
#5001= IFCSHAPEREPRESENTATION(#12,'Body','Brep',(#206));
#5002= IFCPRODUCTDEFINITIONSHAPE($,$,(#5001));
#5003= IFCCARTESIANPOINT((-52650.5931107999,-95944.6324722249,-49.0000070333338));
#5004= IFCAXIS2PLACEMENT3D(#5003,#9,#430);
#5005= IFCLOCALPLACEMENT(#4995,#5004);
#5006= IFCBEAM('2hEhgtKbv959Rimx79icAi',#44,'Kamst\S\el','REBAR8',$,#5005,#5002,'IDab3abab7-525e-4914-96ec-c3b1c9b262ac');
#5007= IFCSHAPEREPRESENTATION(#12,'Body','Brep',(#206));
#5008= IFCPRODUCTDEFINITIONSHAPE($,$,(#5007));
#5009= IFCCARTESIANPOINT((-52650.5931107999,-96294.6324722249,-49.0000070333338));
#5010= IFCAXIS2PLACEMENT3D(#5009,#9,#430);
#5011= IFCLOCALPLACEMENT(#4995,#5010);
#5012= IFCBEAM('2l6xTFpU52KwTz6ed8v7Z9',#44,'Kamst\S\el','REBAR8',$,#5011,#5008,'IDaf1bb74f-cde1-4253-a77d-1a89c8e478c9');
#5013= IFCSHAPEREPRESENTATION(#12,'Body','Brep',(#206));
#5014= IFCPRODUCTDEFINITIONSHAPE($,$,(#5013));
#5015= IFCCARTESIANPOINT((-52650.5931107999,-96644.6324722249,-49.0000070333338));
#5016= IFCAXIS2PLACEMENT3D(#5015,#9,#430);
#5017= IFCLOCALPLACEMENT(#4995,#5016);
#5018= IFCBEAM('10wKso5kL7d9L0W60th$$8',#44,'Kamst\S\el','REBAR8',$,#5017,#5014,'ID40e94db2-16e5-479c-9540-806037afffc8');
#5019= IFCSHAPEREPRESENTATION(#12,'Body','Brep',(#206));
#5020= IFCPRODUCTDEFINITIONSHAPE($,$,(#5019));
#5021= IFCCARTESIANPOINT((-52650.5931107999,-95594.6324722249,-49.0000070333338));
#5022= IFCAXIS2PLACEMENT3D(#5021,#9,#430);
#5023= IFCLOCALPLACEMENT(#4995,#5022);
#5024= IFCBEAM('0sMFAqPi5AWBWgT0fvxE7n',#44,'Kamst\S\el','REBAR8',$,#5023,#5020,'ID3658f2b4-66c1-4a80-b82a-740a79ece1f1');
#5025= IFCLOCALPLACEMENT(#42,#10);
#5026= IFCELEMENTASSEMBLY('0X2mAfnpX3Bh_SE4HcK1JQ',#44,'Drager',$,$,#5025,$,'d48',.NOTDEFINED.,.NOTDEFINED.);
#5027= IFCPROPERTYSINGLEVALUE('Assembly/Cast unit weight',$,IFCMASSMEASURE(8.3),$);
#5028= IFCPROPERTYSINGLEVALUE('Assembly/Cast unit Mark',$,IFCLABEL('d48'),$);
#5029= IFCPROPERTYSET('2zM5yS8zDAUu20DLt72Pp3',#5,'Tekla Assembly','Assembly Properties',(#48,#49,#50,#5027,#4457,#53,#3615,#5028));
#5030= IFCQUANTITYLENGTH('Width',$,$,164.582264904789);
#5031= IFCELEMENTQUANTITY('1QidqceurES9kI9Qa$wQSa',#5,'BaseQuantities',$,$,(#5030));
#5032= IFCSHAPEREPRESENTATION(#12,'Body','Brep',(#206));
#5033= IFCPRODUCTDEFINITIONSHAPE($,$,(#5032));
#5034= IFCCARTESIANPOINT((-50455.5858543351,-95489.6266576478,-49.000007033332));
#5035= IFCAXIS2PLACEMENT3D(#5034,#9,#8);
#5036= IFCLOCALPLACEMENT(#5025,#5035);
#5037= IFCBEAM('1uGUe7JPDBDgtGwr7PDz4B',#44,'Kamst\S\el','REBAR8',$,#5036,#5033,'ID7841ea07-4d93-4b36-add0-eb51d937d10b');
#5038= IFCSHAPEREPRESENTATION(#12,'Body','Brep',(#206));
#5039= IFCPRODUCTDEFINITIONSHAPE($,$,(#5038));
#5040= IFCCARTESIANPOINT((-50805.5858543351,-95489.6266576478,-49.000007033332));
#5041= IFCAXIS2PLACEMENT3D(#5040,#9,#8);
#5042= IFCLOCALPLACEMENT(#5025,#5041);
#5043= IFCBEAM('2kmCKk07H3bh51ClAjaIDb',#44,'Kamst\S\el','REBAR8',$,#5042,#5039,'IDaec0c52e-0074-4396-b141-32f2ad912365');
#5044= IFCSHAPEREPRESENTATION(#12,'Body','Brep',(#206));
#5045= IFCPRODUCTDEFINITIONSHAPE($,$,(#5044));
#5046= IFCCARTESIANPOINT((-51155.5858543351,-95489.6266576478,-49.000007033332));
#5047= IFCAXIS2PLACEMENT3D(#5046,#9,#8);
#5048= IFCLOCALPLACEMENT(#5025,#5047);
#5049= IFCBEAM('1HRysXfoz4rxNVpuupLdya',#44,'Kamst\S\el','REBAR8',$,#5048,#5045,'ID516fcda1-a72f-44d7-b5df-cf8e33567f24');
#5050= IFCSHAPEREPRESENTATION(#12,'Body','Brep',(#206));
#5051= IFCPRODUCTDEFINITIONSHAPE($,$,(#5050));
#5052= IFCCARTESIANPOINT((-52555.5858543351,-95489.6266576478,-49.000007033332));
#5053= IFCAXIS2PLACEMENT3D(#5052,#9,#8);
#5054= IFCLOCALPLACEMENT(#5025,#5053);
#5055= IFCBEAM('07GogM_Mb5eRGuVrsa6GkV',#44,'Kamst\S\el','REBAR8',$,#5054,#5051,'ID07432a96-f969-45a1-b438-7f5da4190b9f');
#5056= IFCSHAPEREPRESENTATION(#12,'Body','Brep',(#206));
#5057= IFCPRODUCTDEFINITIONSHAPE($,$,(#5056));
#5058= IFCCARTESIANPOINT((-52205.5858543351,-95489.6266576478,-49.000007033332));
#5059= IFCAXIS2PLACEMENT3D(#5058,#9,#8);
#5060= IFCLOCALPLACEMENT(#5025,#5059);
#5061= IFCBEAM('0BUGlslwXEbvcrjy45_YHv',#44,'Kamst\S\el','REBAR8',$,#5060,#5057,'ID0b790bf6-bfa8-4e97-99b5-b7c105fa2479');
#5062= IFCSHAPEREPRESENTATION(#12,'Body','Brep',(#206));
#5063= IFCPRODUCTDEFINITIONSHAPE($,$,(#5062));
#5064= IFCCARTESIANPOINT((-51855.5858543351,-95489.6266576478,-49.000007033332));
#5065= IFCAXIS2PLACEMENT3D(#5064,#9,#8);
#5066= IFCLOCALPLACEMENT(#5025,#5065);
#5067= IFCBEAM('1DVWYsrKvDTeGZH1Gp4_Bf',#44,'Kamst\S\el','REBAR8',$,#5066,#5063,'ID4d7e08b6-d54e-4d76-8423-44143313e2e9');
#5068= IFCSHAPEREPRESENTATION(#12,'Body','Brep',(#206));
#5069= IFCPRODUCTDEFINITIONSHAPE($,$,(#5068));
#5070= IFCCARTESIANPOINT((-51505.5858543351,-95489.6266576478,-49.000007033332));
#5071= IFCAXIS2PLACEMENT3D(#5070,#9,#8);
#5072= IFCLOCALPLACEMENT(#5025,#5071);
#5073= IFCBEAM('1IC7fjlDP4B8z2gM$tJnKK',#44,'Kamst\S\el','REBAR8',$,#5072,#5069,'ID52307a6d-bcd6-442c-8f42-a96ff74f1514');
#5074= IFCLOCALPLACEMENT(#42,#10);
#5075= IFCELEMENTASSEMBLY('3E8wn$CDvD0QAPHfZ4PAYH',#44,'Drager',$,$,#5074,$,'d48',.NOTDEFINED.,.NOTDEFINED.);
#5076= IFCPROPERTYSET('2gTi714xH0ZQnrRS7w2oww',#5,'Tekla Assembly','Assembly Properties',(#48,#49,#50,#5027,#4457,#53,#4997,#5028));
#5077= IFCQUANTITYLENGTH('Width',$,$,164.574118839984);
#5078= IFCELEMENTQUANTITY('0fy44SNTXCVwMzjoyB3aW_',#5,'BaseQuantities',$,$,(#5077));
#5079= IFCSHAPEREPRESENTATION(#12,'Body','Brep',(#206));
#5080= IFCPRODUCTDEFINITIONSHAPE($,$,(#5079));
#5081= IFCCARTESIANPOINT((-50455.5858543351,-96749.6333423522,-49.000007033332));
#5082= IFCAXIS2PLACEMENT3D(#5081,#9,#620);
#5083= IFCLOCALPLACEMENT(#5074,#5082);
#5084= IFCBEAM('20hNiaW4TAVu2HA7XoNfZl',#44,'Kamst\S\el','REBAR8',$,#5083,#5080,'ID80ad7b24-8047-4a7f-8091-2878725e98ef');
#5085= IFCSHAPEREPRESENTATION(#12,'Body','Brep',(#206));
#5086= IFCPRODUCTDEFINITIONSHAPE($,$,(#5085));
#5087= IFCCARTESIANPOINT((-50805.5858543351,-96749.6333423522,-49.000007033332));
#5088= IFCAXIS2PLACEMENT3D(#5087,#9,#620);
#5089= IFCLOCALPLACEMENT(#5074,#5088);
#5090= IFCBEAM('15a_2MduP0bhCBvDXHS$7C',#44,'Kamst\S\el','REBAR8',$,#5089,#5086,'ID4593e096-9f86-4096-b30b-e4d85173f1cc');
#5091= IFCSHAPEREPRESENTATION(#12,'Body','Brep',(#206));
#5092= IFCPRODUCTDEFINITIONSHAPE($,$,(#5091));
#5093= IFCCARTESIANPOINT((-51155.5858543351,-96749.6333423522,-49.000007033332));
#5094= IFCAXIS2PLACEMENT3D(#5093,#9,#620);
#5095= IFCLOCALPLACEMENT(#5074,#5094);
#5096= IFCBEAM('0FkNMi6HT8lfprrb28Mh1T',#44,'Kamst\S\el','REBAR8',$,#5095,#5092,'ID0fb975ac-1917-48be-9cf5-d650885ab05d');
#5097= IFCSHAPEREPRESENTATION(#12,'Body','Brep',(#206));
#5098= IFCPRODUCTDEFINITIONSHAPE($,$,(#5097));
#5099= IFCCARTESIANPOINT((-52555.5858543351,-96749.6333423522,-49.000007033332));
#5100= IFCAXIS2PLACEMENT3D(#5099,#9,#620);
#5101= IFCLOCALPLACEMENT(#5074,#5100);
#5102= IFCBEAM('13X75RBUjCMvW5rqNg8oTj',#44,'Kamst\S\el','REBAR8',$,#5101,#5098,'ID4384715b-2deb-4c5b-9805-d745ea23276d');
#5103= IFCSHAPEREPRESENTATION(#12,'Body','Brep',(#206));
#5104= IFCPRODUCTDEFINITIONSHAPE($,$,(#5103));
#5105= IFCCARTESIANPOINT((-52205.5858543351,-96749.6333423522,-49.000007033332));
#5106= IFCAXIS2PLACEMENT3D(#5105,#9,#620);
#5107= IFCLOCALPLACEMENT(#5074,#5106);
#5108= IFCBEAM('0ur9BDPHb6lv8qcVHsLDGs',#44,'Kamst\S\el','REBAR8',$,#5107,#5104,'ID38d492cd-6519-46bf-9234-99f47654d436');
#5109= IFCSHAPEREPRESENTATION(#12,'Body','Brep',(#206));
#5110= IFCPRODUCTDEFINITIONSHAPE($,$,(#5109));
#5111= IFCCARTESIANPOINT((-51855.5858543351,-96749.6333423522,-49.000007033332));
#5112= IFCAXIS2PLACEMENT3D(#5111,#9,#620);
#5113= IFCLOCALPLACEMENT(#5074,#5112);
#5114= IFCBEAM('30rdUZp81Dzxxbx$VXFLrZ',#44,'Kamst\S\el','REBAR8',$,#5113,#5110,'IDc0d677a3-cc80-4df7-bee5-eff7e13d5d63');
#5115= IFCSHAPEREPRESENTATION(#12,'Body','Brep',(#206));
#5116= IFCPRODUCTDEFINITIONSHAPE($,$,(#5115));
#5117= IFCCARTESIANPOINT((-51505.5858543351,-96749.6333423522,-49.000007033332));
#5118= IFCAXIS2PLACEMENT3D(#5117,#9,#620);
#5119= IFCLOCALPLACEMENT(#5074,#5118);
#5120= IFCBEAM('0pmC$nz0X8S9ek3C6GX339',#44,'Kamst\S\el','REBAR8',$,#5119,#5116,'ID33c0cff1-f408-4870-9a2e-0cc1908430c9');
#5121= IFCCARTESIANPOINT((1297.94848453379,0.,0.));
#5122= IFCAXIS2PLACEMENT3D(#5121,#430,#620);
#5123= IFCEXTRUDEDAREASOLID(#4671,#5122,#9,1365.9);
#5124= IFCCARTESIANPOINT((1229.99847412106,-22.5,22.5000070333226));
#5125= IFCAXIS2PLACEMENT3D(#5124,#694,#1196);
#5126= IFCPLANE(#5125);
#5127= IFCHALFSPACESOLID(#5126,.T.);
#5128= IFCBOOLEANCLIPPINGRESULT(.DIFFERENCE.,#5123,#5127);
#5129= IFCAXIS2PLACEMENT3D(#4680,#692,#694);
#5130= IFCPLANE(#5129);
#5131= IFCHALFSPACESOLID(#5130,.F.);
#5132= IFCBOOLEANCLIPPINGRESULT(.DIFFERENCE.,#5128,#5131);
#5133= IFCSHAPEREPRESENTATION(#12,'Body','Clipping',(#5132));
#5134= IFCSTYLEDITEM(#5123,(#641),$);
#5135= IFCPRODUCTDEFINITIONSHAPE($,$,(#5133));
#5136= IFCCARTESIANPOINT((-50353.0942150879,-95504.6339160156,-22.5000070333226));
#5137= IFCAXIS2PLACEMENT3D(#5136,#9,#620);
#5138= IFCLOCALPLACEMENT(#4961,#5137);
#5139= IFCBEAM('2TgRDjblz53OFGyLNENaRv',#44,'Drager','L45*5',$,#5138,#5135,'d47');
#5140= IFCPROPERTYSINGLEVALUE('Weight',$,IFCMASSMEASURE(4.46),$);
#5141= IFCPROPERTYSINGLEVALUE('Gross footprint area',$,IFCAREAMEASURE(0.007),$);
#5142= IFCPROPERTYSINGLEVALUE('Net surface area',$,IFCAREAMEASURE(0.226),$);
#5143= IFCPROPERTYSINGLEVALUE('Length',$,IFCLENGTHMEASURE(1320.),$);
#5144= IFCPROPERTYSET('2gvbPleWX6uef39cHY4BtL',#5,'Tekla Quantity','Quantity Properties to Shared building elements',(#5140,#1209,#5141,#4697,#5142,#4699,#4700,#5143));
#5145= IFCPROPERTYSINGLEVALUE('Reference',$,IFCIDENTIFIER('d47'),$);
#5146= IFCPROPERTYSET('2OLAAqsZ16jP0eSmtq2ik1',#5,'Pset_BeamCommon','Common Properties to beam elements',(#234,#5145));
#5147= IFCQUANTITYLENGTH('Length',$,$,1319.99849475149);
#5148= IFCQUANTITYAREA('OuterSurfaceArea',$,$,0.229679731486767);
#5149= IFCQUANTITYVOLUME('NetVolume',$,$,0.000557587437682033);
#5150= IFCQUANTITYWEIGHT('NetWeight',$,$,4.37706138580396);
#5151= IFCELEMENTQUANTITY('07Hj7TWV57dw7VD8qWjl$6',#5,'BaseQuantities',$,$,(#5147,#5148,#5149,#5150));
#5152= IFCCARTESIANPOINT((2327.94984741212,0.,0.));
#5153= IFCAXIS2PLACEMENT3D(#5152,#430,#620);
#5154= IFCEXTRUDEDAREASOLID(#4671,#5153,#9,2395.9);
#5155= IFCCARTESIANPOINT((2259.99984741212,-22.5,22.5000070333226));
#5156= IFCAXIS2PLACEMENT3D(#5155,#649,#9);
#5157= IFCPLANE(#5156);
#5158= IFCHALFSPACESOLID(#5157,.F.);
#5159= IFCBOOLEANCLIPPINGRESULT(.DIFFERENCE.,#5154,#5158);
#5160= IFCPLANE(#4681);
#5161= IFCHALFSPACESOLID(#5160,.T.);
#5162= IFCBOOLEANCLIPPINGRESULT(.DIFFERENCE.,#5159,#5161);
#5163= IFCSHAPEREPRESENTATION(#12,'Body','Clipping',(#5162));
#5164= IFCSTYLEDITEM(#5154,(#641),$);
#5165= IFCPRODUCTDEFINITIONSHAPE($,$,(#5163));
#5166= IFCCARTESIANPOINT((-50375.5859375,-96757.1323901367,-22.5000070333226));
#5167= IFCAXIS2PLACEMENT3D(#5166,#9,#430);
#5168= IFCLOCALPLACEMENT(#5074,#5167);
#5169= IFCBEAM('2KJiohIPTFtQs3E6UC3Lot',#44,'Drager','L45*5',$,#5168,#5165,'d48');
#5170= IFCPROPERTYSINGLEVALUE('Weight',$,IFCMASSMEASURE(7.93),$);
#5171= IFCPROPERTYSINGLEVALUE('Gross footprint area',$,IFCAREAMEASURE(0.012),$);
#5172= IFCPROPERTYSINGLEVALUE('Net surface area',$,IFCAREAMEASURE(0.405),$);
#5173= IFCPROPERTYSINGLEVALUE('Length',$,IFCLENGTHMEASURE(2350.),$);
#5174= IFCPROPERTYSET('0wCdYq9nz3lA1dgt4pijsG',#5,'Tekla Quantity','Quantity Properties to Shared building elements',(#5170,#1209,#5171,#4697,#5172,#4699,#4700,#5173));
#5175= IFCPROPERTYSINGLEVALUE('Reference',$,IFCIDENTIFIER('d48'),$);
#5176= IFCPROPERTYSET('3jxxdXG253BerQ8pIgWn8t',#5,'Pset_BeamCommon','Common Properties to beam elements',(#234,#5175));
#5177= IFCQUANTITYLENGTH('Length',$,$,2349.99984741211);
#5178= IFCQUANTITYAREA('OuterSurfaceArea',$,$,0.408899961699708);
#5179= IFCQUANTITYVOLUME('NetVolume',$,$,0.00100125898910297);
#5180= IFCQUANTITYWEIGHT('NetWeight',$,$,7.85988306445834);
#5181= IFCELEMENTQUANTITY('3b2tu5DOD3RvwHzQFVmlAx',#5,'BaseQuantities',$,$,(#5177,#5178,#5179,#5180));
#5182= IFCDIRECTION((0.707107215984495,-0.707106346388333,0.));
#5183= IFCAXIS2PLACEMENT3D(#5155,#5182,#9);
#5184= IFCPLANE(#5183);
#5185= IFCHALFSPACESOLID(#5184,.F.);
#5186= IFCBOOLEANCLIPPINGRESULT(.DIFFERENCE.,#5154,#5185);
#5187= IFCPLANE(#4681);
#5188= IFCHALFSPACESOLID(#5187,.T.);
#5189= IFCBOOLEANCLIPPINGRESULT(.DIFFERENCE.,#5186,#5188);
#5190= IFCSHAPEREPRESENTATION(#12,'Body','Clipping',(#5189));
#5191= IFCPRODUCTDEFINITIONSHAPE($,$,(#5190));
#5192= IFCCARTESIANPOINT((-52635.585765923,-95482.1339160157,-22.5000070333244));
#5193= IFCAXIS2PLACEMENT3D(#5192,#9,#7);
#5194= IFCLOCALPLACEMENT(#5025,#5193);
#5195= IFCBEAM('3Vh9O3beDAgwf4HlqbUVz1',#44,'Drager','L45*5',$,#5194,#5191,'d48');
#5196= IFCQUANTITYLENGTH('Length',$,$,2349.99984526643);
#5197= IFCQUANTITYAREA('OuterSurfaceArea',$,$,0.40889996132636);
#5198= IFCELEMENTQUANTITY('0sXhEAt1PBXe9D7BzxBhDS',#5,'BaseQuantities',$,$,(#5196,#5197,#5179,#5180));
#5199= IFCAXIS2PLACEMENT3D(#5124,#649,#9);
#5200= IFCPLANE(#5199);
#5201= IFCHALFSPACESOLID(#5200,.F.);
#5202= IFCBOOLEANCLIPPINGRESULT(.DIFFERENCE.,#5123,#5201);
#5203= IFCPLANE(#4681);
#5204= IFCHALFSPACESOLID(#5203,.T.);
#5205= IFCBOOLEANCLIPPINGRESULT(.DIFFERENCE.,#5202,#5204);
#5206= IFCSHAPEREPRESENTATION(#12,'Body','Clipping',(#5205));
#5207= IFCPRODUCTDEFINITIONSHAPE($,$,(#5206));
#5208= IFCCARTESIANPOINT((-52658.0857849121,-96734.6323901367,-22.5000070333263));
#5209= IFCAXIS2PLACEMENT3D(#5208,#9,#8);
#5210= IFCLOCALPLACEMENT(#4995,#5209);
#5211= IFCBEAM('0_wlYTHATB88zF_lEJGGGv',#44,'Drager','L45*5',$,#5210,#5207,'d47');
#5212= IFCQUANTITYLENGTH('Length',$,$,1319.9984947515);
#5213= IFCQUANTITYAREA('OuterSurfaceArea',$,$,0.229679731486769);
#5214= IFCQUANTITYVOLUME('NetVolume',$,$,0.000557587437682034);
#5215= IFCQUANTITYWEIGHT('NetWeight',$,$,4.37706138580397);
#5216= IFCELEMENTQUANTITY('1e2qxp_xj05grD31pz1z2y',#5,'BaseQuantities',$,$,(#5212,#5213,#5214,#5215));
#5217= IFCLOCALPLACEMENT(#42,#10);
#5218= IFCELEMENTASSEMBLY('3dIWv8KlH9EO77$ZUfw$AY',#44,'Drager',$,$,#5217,$,'d47',.NOTDEFINED.,.NOTDEFINED.);
#5219= IFCPROPERTYSINGLEVALUE('Assembly/Cast unit position code',$,IFCLABEL('204/H>'),$);
#5220= IFCPROPERTYSET('3v4pwQv8z3K86Iyx98tm0j',#5,'Tekla Assembly','Assembly Properties',(#48,#49,#50,#4963,#4457,#53,#5219,#4965));
#5221= IFCSHAPEREPRESENTATION(#12,'Body','Brep',(#206));
#5222= IFCPRODUCTDEFINITIONSHAPE($,$,(#5221));
#5223= IFCCARTESIANPOINT((-25360.5868892001,-63774.6324722249,-49.0000070333338));
#5224= IFCAXIS2PLACEMENT3D(#5223,#9,#7);
#5225= IFCLOCALPLACEMENT(#5217,#5224);
#5226= IFCBEAM('3nlN3f72HFKRKFAGJqi7Tx',#44,'Kamst\S\el','REBAR8',$,#5225,#5222,'IDf1bd70e9-1c24-4f51-b50f-2904f4b0777b');
#5227= IFCQUANTITYLENGTH('Length',$,$,149.949976367305);
#5228= IFCELEMENTQUANTITY('1GjV$UCuj5vwxZxFvZXtaX',#5,'BaseQuantities',$,$,(#5227,#238,#239,#240));
#5229= IFCSHAPEREPRESENTATION(#12,'Body','Brep',(#206));
#5230= IFCPRODUCTDEFINITIONSHAPE($,$,(#5229));
#5231= IFCCARTESIANPOINT((-25360.5868892001,-64124.6324722249,-49.0000070333338));
#5232= IFCAXIS2PLACEMENT3D(#5231,#9,#7);
#5233= IFCLOCALPLACEMENT(#5217,#5232);
#5234= IFCBEAM('0JzyWU4dD4vB$mS3kFF4BS',#44,'Kamst\S\el','REBAR8',$,#5233,#5230,'ID13f7c81e-1273-44e4-bff0-703b8f3c42dc');
#5235= IFCSHAPEREPRESENTATION(#12,'Body','Brep',(#206));
#5236= IFCPRODUCTDEFINITIONSHAPE($,$,(#5235));
#5237= IFCCARTESIANPOINT((-25360.5868892001,-64474.6324722249,-49.0000070333338));
#5238= IFCAXIS2PLACEMENT3D(#5237,#9,#7);
#5239= IFCLOCALPLACEMENT(#5217,#5238);
#5240= IFCBEAM('0JHQiw7pTDzu8tUWnWJ0Zu',#44,'Kamst\S\el','REBAR8',$,#5239,#5236,'ID1345ab3a-1f37-4df7-8237-7a0c604c08f8');
#5241= IFCSHAPEREPRESENTATION(#12,'Body','Brep',(#206));
#5242= IFCPRODUCTDEFINITIONSHAPE($,$,(#5241));
#5243= IFCCARTESIANPOINT((-25360.5868892001,-63424.6324722249,-49.0000070333338));
#5244= IFCAXIS2PLACEMENT3D(#5243,#9,#7);
#5245= IFCLOCALPLACEMENT(#5217,#5244);
#5246= IFCBEAM('0WRYN32c52eBA_HJRyROqD',#44,'Kamst\S\el','REBAR8',$,#5245,#5242,'ID206e25c3-0a61-42a0-b2be-4536fc6d8d0d');
#5247= IFCLOCALPLACEMENT(#42,#10);
#5248= IFCELEMENTASSEMBLY('3ig$w67rTBcxwPFETl7mhS',#44,'Drager',$,$,#5247,$,'d47',.NOTDEFINED.,.NOTDEFINED.);
#5249= IFCPROPERTYSINGLEVALUE('Assembly/Cast unit position code',$,IFCLABEL('205-204/H>'),$);
#5250= IFCPROPERTYSET('2yIL8p$tP02AkLYh5Qu$XS',#5,'Tekla Assembly','Assembly Properties',(#48,#49,#50,#4963,#4457,#53,#5249,#4965));
#5251= IFCSHAPEREPRESENTATION(#12,'Body','Brep',(#206));
#5252= IFCPRODUCTDEFINITIONSHAPE($,$,(#5251));
#5253= IFCCARTESIANPOINT((-27650.5931107999,-63774.6324722249,-49.0000070333338));
#5254= IFCAXIS2PLACEMENT3D(#5253,#9,#430);
#5255= IFCLOCALPLACEMENT(#5247,#5254);
#5256= IFCBEAM('2rj8vCk7j3R8cXnS_DAnJ6',#44,'Kamst\S\el','REBAR8',$,#5255,#5252,'IDb5b48e4c-b87b-436c-89a1-c5cf8d2b14c6');
#5257= IFCSHAPEREPRESENTATION(#12,'Body','Brep',(#206));
#5258= IFCPRODUCTDEFINITIONSHAPE($,$,(#5257));
#5259= IFCCARTESIANPOINT((-27650.5931107999,-64124.6324722249,-49.0000070333338));
#5260= IFCAXIS2PLACEMENT3D(#5259,#9,#430);
#5261= IFCLOCALPLACEMENT(#5247,#5260);
#5262= IFCBEAM('0lyOkEUYnA8OC678NiibRk',#44,'Kamst\S\el','REBAR8',$,#5261,#5258,'ID2ff18b8e-7a2c-4a21-8306-1c85ecb256ee');
#5263= IFCSHAPEREPRESENTATION(#12,'Body','Brep',(#206));
#5264= IFCPRODUCTDEFINITIONSHAPE($,$,(#5263));
#5265= IFCCARTESIANPOINT((-27650.5931107999,-64474.6324722249,-49.0000070333338));
#5266= IFCAXIS2PLACEMENT3D(#5265,#9,#430);
#5267= IFCLOCALPLACEMENT(#5247,#5266);
#5268= IFCBEAM('0hs$Mt1l1DbQQcn0f$uun1',#44,'Kamst\S\el','REBAR8',$,#5267,#5264,'ID2bdbf5b7-06f0-4d95-a6a6-c40a7fe38c41');
#5269= IFCSHAPEREPRESENTATION(#12,'Body','Brep',(#206));
#5270= IFCPRODUCTDEFINITIONSHAPE($,$,(#5269));
#5271= IFCCARTESIANPOINT((-27650.5931107999,-63424.6324722249,-49.0000070333338));
#5272= IFCAXIS2PLACEMENT3D(#5271,#9,#430);
#5273= IFCLOCALPLACEMENT(#5247,#5272);
#5274= IFCBEAM('0v_NdFY$59RRCRNnENJaCA',#44,'Kamst\S\el','REBAR8',$,#5273,#5270,'ID39f979cf-8bf1-496d-b31b-5f13974e430a');
#5275= IFCPLANE(#5125);
#5276= IFCHALFSPACESOLID(#5275,.T.);
#5277= IFCBOOLEANCLIPPINGRESULT(.DIFFERENCE.,#5123,#5276);
#5278= IFCPLANE(#5129);
#5279= IFCHALFSPACESOLID(#5278,.F.);
#5280= IFCBOOLEANCLIPPINGRESULT(.DIFFERENCE.,#5277,#5279);
#5281= IFCSHAPEREPRESENTATION(#12,'Body','Clipping',(#5280));
#5282= IFCPRODUCTDEFINITIONSHAPE($,$,(#5281));
#5283= IFCCARTESIANPOINT((-25353.0942150879,-63334.6339160156,-22.5000070333226));
#5284= IFCAXIS2PLACEMENT3D(#5283,#9,#620);
#5285= IFCLOCALPLACEMENT(#5217,#5284);
#5286= IFCBEAM('2bYfHGPrTDBOhT33XHaU7q',#44,'Drager','L45*5',$,#5285,#5282,'d47');
#5287= IFCQUANTITYLENGTH('Length',$,$,1319.9984947515);
#5288= IFCQUANTITYAREA('OuterSurfaceArea',$,$,0.229679731486769);
#5289= IFCELEMENTQUANTITY('2D76SlTSP2Quhv7pXE5oGe',#5,'BaseQuantities',$,$,(#5287,#5288,#5149,#5150));
#5290= IFCLOCALPLACEMENT(#42,#10);
#5291= IFCELEMENTASSEMBLY('1VP9t_lZr15OMoxYICfqhv',#44,'Drager',$,$,#5290,$,'d48',.NOTDEFINED.,.NOTDEFINED.);
#5292= IFCPROPERTYSET('2qUX2ANh5F7OgqwYRrrtla',#5,'Tekla Assembly','Assembly Properties',(#48,#49,#50,#5027,#4457,#53,#5249,#5028));
#5293= IFCQUANTITYLENGTH('Width',$,$,164.582264912691);
#5294= IFCELEMENTQUANTITY('2UD379Wi1F8uWBSweW$Xaf',#5,'BaseQuantities',$,$,(#5293));
#5295= IFCSHAPEREPRESENTATION(#12,'Body','Brep',(#206));
#5296= IFCPRODUCTDEFINITIONSHAPE($,$,(#5295));
#5297= IFCCARTESIANPOINT((-25455.5858543351,-63319.6266576478,-49.000007033332));
#5298= IFCAXIS2PLACEMENT3D(#5297,#9,#8);
#5299= IFCLOCALPLACEMENT(#5290,#5298);
#5300= IFCBEAM('1DPs5ntbnFXxTteHAh8uc5',#44,'Kamst\S\el','REBAR8',$,#5299,#5296,'ID4d676171-de5c-4f87-b777-a112ab238985');
#5301= IFCSHAPEREPRESENTATION(#12,'Body','Brep',(#206));
#5302= IFCPRODUCTDEFINITIONSHAPE($,$,(#5301));
#5303= IFCCARTESIANPOINT((-25805.5858543351,-63319.6266576478,-49.000007033332));
#5304= IFCAXIS2PLACEMENT3D(#5303,#9,#8);
#5305= IFCLOCALPLACEMENT(#5290,#5304);
#5306= IFCBEAM('1B76GBwdH2$QENEBCLcXu0',#44,'Kamst\S\el','REBAR8',$,#5305,#5302,'ID4b1c640b-ea74-42fd-a397-38b3159a1e00');
#5307= IFCSHAPEREPRESENTATION(#12,'Body','Brep',(#206));
#5308= IFCPRODUCTDEFINITIONSHAPE($,$,(#5307));
#5309= IFCCARTESIANPOINT((-26155.5858543351,-63319.6266576478,-49.000007033332));
#5310= IFCAXIS2PLACEMENT3D(#5309,#9,#8);
#5311= IFCLOCALPLACEMENT(#5290,#5310);
#5312= IFCBEAM('39Dv$VbRX5OuP4QzjBuG7J',#44,'Kamst\S\el','REBAR8',$,#5311,#5308,'IDc9379fdf-95b8-4563-8644-6bdb4be101d3');
#5313= IFCSHAPEREPRESENTATION(#12,'Body','Brep',(#206));
#5314= IFCPRODUCTDEFINITIONSHAPE($,$,(#5313));
#5315= IFCCARTESIANPOINT((-27555.5858543351,-63319.6266576478,-49.000007033332));
#5316= IFCAXIS2PLACEMENT3D(#5315,#9,#8);
#5317= IFCLOCALPLACEMENT(#5290,#5316);
#5318= IFCBEAM('11p9xlWyT6tOxQKTXHVhsB',#44,'Kamst\S\el','REBAR8',$,#5317,#5314,'ID41cc9eef-83c7-46dd-8eda-51d8517ebd8b');
#5319= IFCSHAPEREPRESENTATION(#12,'Body','Brep',(#206));
#5320= IFCPRODUCTDEFINITIONSHAPE($,$,(#5319));
#5321= IFCCARTESIANPOINT((-27205.5858543351,-63319.6266576478,-49.000007033332));
#5322= IFCAXIS2PLACEMENT3D(#5321,#9,#8);
#5323= IFCLOCALPLACEMENT(#5290,#5322);
#5324= IFCBEAM('1V1Gj621b4YPgCMaJJl2eH',#44,'Kamst\S\el','REBAR8',$,#5323,#5320,'ID5f050b46-0819-4489-9a8c-5a44d3bc2a11');
#5325= IFCSHAPEREPRESENTATION(#12,'Body','Brep',(#206));
#5326= IFCPRODUCTDEFINITIONSHAPE($,$,(#5325));
#5327= IFCCARTESIANPOINT((-26855.5858543351,-63319.6266576478,-49.000007033332));
#5328= IFCAXIS2PLACEMENT3D(#5327,#9,#8);
#5329= IFCLOCALPLACEMENT(#5290,#5328);
#5330= IFCBEAM('3zxr$vXdP7iuNCSSB11bVT',#44,'Kamst\S\el','REBAR8',$,#5329,#5326,'IDfdef5ff9-8676-47b3-85cc-71c2c10657dd');
#5331= IFCSHAPEREPRESENTATION(#12,'Body','Brep',(#206));
#5332= IFCPRODUCTDEFINITIONSHAPE($,$,(#5331));
#5333= IFCCARTESIANPOINT((-26505.5858543351,-63319.6266576478,-49.000007033332));
#5334= IFCAXIS2PLACEMENT3D(#5333,#9,#8);
#5335= IFCLOCALPLACEMENT(#5290,#5334);
#5336= IFCBEAM('27k6uumJf6mRCMl0DyCe3M',#44,'Kamst\S\el','REBAR8',$,#5335,#5332,'ID87b86e38-c13a-46c1-b316-bc037c3280d6');
#5337= IFCLOCALPLACEMENT(#42,#10);
#5338= IFCELEMENTASSEMBLY('2zN8fQdub2$BSYKl2jy6a4',#44,'Drager',$,$,#5337,$,'d48',.NOTDEFINED.,.NOTDEFINED.);
#5339= IFCPROPERTYSET('3PeWPMBKL2FBu$3e2f470s',#5,'Tekla Assembly','Assembly Properties',(#48,#49,#50,#5027,#4457,#53,#3815,#5028));
#5340= IFCQUANTITYLENGTH('Width',$,$,164.574118839968);
#5341= IFCELEMENTQUANTITY('334nOfaX9DAPuhZz$PBHyC',#5,'BaseQuantities',$,$,(#5340));
#5342= IFCSHAPEREPRESENTATION(#12,'Body','Brep',(#206));
#5343= IFCPRODUCTDEFINITIONSHAPE($,$,(#5342));
#5344= IFCCARTESIANPOINT((-25455.5858543351,-64579.6333423522,-49.000007033332));
#5345= IFCAXIS2PLACEMENT3D(#5344,#9,#620);
#5346= IFCLOCALPLACEMENT(#5337,#5345);
#5347= IFCBEAM('0lXPnhFvf4XPT0JUX8OugR',#44,'Kamst\S\el','REBAR8',$,#5346,#5343,'ID2f859c6b-3f9a-4485-9740-4de848638a9b');
#5348= IFCSHAPEREPRESENTATION(#12,'Body','Brep',(#206));
#5349= IFCPRODUCTDEFINITIONSHAPE($,$,(#5348));
#5350= IFCCARTESIANPOINT((-25805.5858543351,-64579.6333423522,-49.000007033332));
#5351= IFCAXIS2PLACEMENT3D(#5350,#9,#620);
#5352= IFCLOCALPLACEMENT(#5337,#5351);
#5353= IFCBEAM('0DICVLKG91rePZbncdBUUw',#44,'Kamst\S\el','REBAR8',$,#5352,#5349,'ID0d48c7d5-5102-41d6-8663-9719a72de7ba');
#5354= IFCSHAPEREPRESENTATION(#12,'Body','Brep',(#206));
#5355= IFCPRODUCTDEFINITIONSHAPE($,$,(#5354));
#5356= IFCCARTESIANPOINT((-26155.5858543351,-64579.6333423522,-49.000007033332));
#5357= IFCAXIS2PLACEMENT3D(#5356,#9,#620);
#5358= IFCLOCALPLACEMENT(#5337,#5357);
#5359= IFCBEAM('1gpgpx6Gv40u2AR9dwceh1',#44,'Kamst\S\el','REBAR8',$,#5358,#5355,'ID6aceacfb-190e-4403-808a-6c99fa9a8ac1');
#5360= IFCSHAPEREPRESENTATION(#12,'Body','Brep',(#206));
#5361= IFCPRODUCTDEFINITIONSHAPE($,$,(#5360));
#5362= IFCCARTESIANPOINT((-27555.5858543351,-64579.6333423522,-49.000007033332));
#5363= IFCAXIS2PLACEMENT3D(#5362,#9,#620);
#5364= IFCLOCALPLACEMENT(#5337,#5363);
#5365= IFCBEAM('0C6VkjSn59wgaCXu6yk03U',#44,'Kamst\S\el','REBAR8',$,#5364,#5361,'ID0c19fbad-7311-49ea-a90c-8781bcb800de');
#5366= IFCSHAPEREPRESENTATION(#12,'Body','Brep',(#206));
#5367= IFCPRODUCTDEFINITIONSHAPE($,$,(#5366));
#5368= IFCCARTESIANPOINT((-27205.5858543351,-64579.6333423522,-49.000007033332));
#5369= IFCAXIS2PLACEMENT3D(#5368,#9,#620);
#5370= IFCLOCALPLACEMENT(#5337,#5369);
#5371= IFCBEAM('1OZ$$kue50cuQusI61mxIp',#44,'Kamst\S\el','REBAR8',$,#5370,#5367,'ID588fffee-e281-409b-86b8-d92181c3b4b3');
#5372= IFCSHAPEREPRESENTATION(#12,'Body','Brep',(#206));
#5373= IFCPRODUCTDEFINITIONSHAPE($,$,(#5372));
#5374= IFCCARTESIANPOINT((-26855.5858543351,-64579.6333423522,-49.000007033332));
#5375= IFCAXIS2PLACEMENT3D(#5374,#9,#620);
#5376= IFCLOCALPLACEMENT(#5337,#5375);
#5377= IFCBEAM('3OWfbTNUjAOeFPqF0_KHtk',#44,'Kamst\S\el','REBAR8',$,#5376,#5373,'IDd882995d-5deb-4a62-83d9-d0f03e511dee');
#5378= IFCLOCALPLACEMENT(#42,#10);
#5379= IFCELEMENTASSEMBLY('0$NuynsA1148WSmz1Gly5s',#44,'Drager',$,$,#5378,$,'d46',.NOTDEFINED.,.NOTDEFINED.);
#5380= IFCPROPERTYSET('1FtIxNjYnADgBOie$lalyh',#5,'Tekla Assembly','Assembly Properties',(#48,#49,#50,#4524,#4457,#53,#4124,#4526));
#5381= IFCSHAPEREPRESENTATION(#12,'Body','Brep',(#206));
#5382= IFCPRODUCTDEFINITIONSHAPE($,$,(#5381));
#5383= IFCCARTESIANPOINT((-64520.5847135895,-66599.6311254376,-49.000007033332));
#5384= IFCAXIS2PLACEMENT3D(#5383,#9,#620);
#5385= IFCLOCALPLACEMENT(#5378,#5384);
#5386= IFCBEAM('2QbE5hXTv7NhbQ3Nqv41Mb',#44,'Kamst\S\el','REBAR8',$,#5385,#5382,'ID9a94e16b-85de-475e-b95a-0d7d391015a5');
#5387= IFCQUANTITYLENGTH('Length',$,$,149.949976367323);
#5388= IFCELEMENTQUANTITY('2cEdQoNcj5xB51Vt5wJ8T3',#5,'BaseQuantities',$,$,(#5387,#238,#239,#240));
#5389= IFCSHAPEREPRESENTATION(#12,'Body','Brep',(#206));
#5390= IFCPRODUCTDEFINITIONSHAPE($,$,(#5389));
#5391= IFCCARTESIANPOINT((-64120.5847135895,-66599.6311254376,-49.000007033332));
#5392= IFCAXIS2PLACEMENT3D(#5391,#9,#620);
#5393= IFCLOCALPLACEMENT(#5378,#5392);
#5394= IFCBEAM('20CyDoY6v6D8W49TdtNMJd',#44,'Kamst\S\el','REBAR8',$,#5393,#5390,'ID8033c372-886e-4634-8804-25d9f75d64e7');
#5395= IFCSHAPEREPRESENTATION(#12,'Body','Brep',(#206));
#5396= IFCPRODUCTDEFINITIONSHAPE($,$,(#5395));
#5397= IFCCARTESIANPOINT((-63720.5847135895,-66599.6311254376,-49.000007033332));
#5398= IFCAXIS2PLACEMENT3D(#5397,#9,#620);
#5399= IFCLOCALPLACEMENT(#5378,#5398);
#5400= IFCBEAM('31p$a9oWz2a9rX44IpGfHL',#44,'Kamst\S\el','REBAR8',$,#5399,#5396,'IDc1cff909-ca0f-4290-9d61-1044b3429455');
#5401= IFCSHAPEREPRESENTATION(#12,'Body','Brep',(#206));
#5402= IFCPRODUCTDEFINITIONSHAPE($,$,(#5401));
#5403= IFCCARTESIANPOINT((-63320.5847135895,-66599.6311254376,-49.000007033332));
#5404= IFCAXIS2PLACEMENT3D(#5403,#9,#620);
#5405= IFCLOCALPLACEMENT(#5378,#5404);
#5406= IFCBEAM('0xHYqgu5P4GfGeY0PQANn_',#44,'Kamst\S\el','REBAR8',$,#5405,#5402,'ID3b462d2a-e056-4442-9428-88065a297c7e');
#5407= IFCSHAPEREPRESENTATION(#12,'Body','Brep',(#206));
#5408= IFCPRODUCTDEFINITIONSHAPE($,$,(#5407));
#5409= IFCCARTESIANPOINT((-62920.5847135895,-66599.6311254376,-49.000007033332));
#5410= IFCAXIS2PLACEMENT3D(#5409,#9,#620);
#5411= IFCLOCALPLACEMENT(#5378,#5410);
#5412= IFCBEAM('0nBXYbQ1zDZflKHksMfgWb',#44,'Kamst\S\el','REBAR8',$,#5411,#5408,'ID312e18a5-681f-4d8e-9bd4-46ed96a6a825');
#5413= IFCSHAPEREPRESENTATION(#12,'Body','Brep',(#206));
#5414= IFCPRODUCTDEFINITIONSHAPE($,$,(#5413));
#5415= IFCCARTESIANPOINT((-60520.5847135895,-66599.6311254376,-49.000007033332));
#5416= IFCAXIS2PLACEMENT3D(#5415,#9,#620);
#5417= IFCLOCALPLACEMENT(#5378,#5416);
#5418= IFCBEAM('03ZiJG4S92nBDZHdzo33Sn',#44,'Kamst\S\el','REBAR8',$,#5417,#5414,'ID038ec4d0-11c2-42c4-b363-467f720c3731');
#5419= IFCSHAPEREPRESENTATION(#12,'Body','Brep',(#206));
#5420= IFCPRODUCTDEFINITIONSHAPE($,$,(#5419));
#5421= IFCCARTESIANPOINT((-60920.5847135895,-66599.6311254376,-49.000007033332));
#5422= IFCAXIS2PLACEMENT3D(#5421,#9,#620);
#5423= IFCLOCALPLACEMENT(#5378,#5422);
#5424= IFCBEAM('0PEizKTYjD1uck8914mITS',#44,'Kamst\S\el','REBAR8',$,#5423,#5420,'ID193acf54-762b-4d07-89ae-209044c1275c');
#5425= IFCSHAPEREPRESENTATION(#12,'Body','Brep',(#206));
#5426= IFCPRODUCTDEFINITIONSHAPE($,$,(#5425));
#5427= IFCCARTESIANPOINT((-61320.5847135895,-66599.6311254376,-49.000007033332));
#5428= IFCAXIS2PLACEMENT3D(#5427,#9,#620);
#5429= IFCLOCALPLACEMENT(#5378,#5428);
#5430= IFCBEAM('3HqRFAvj53nOMNAWl$V5ok',#44,'Kamst\S\el','REBAR8',$,#5429,#5426,'IDd1d1b3ca-e6d1-43c5-8597-2a0bff7c5cae');
#5431= IFCSHAPEREPRESENTATION(#12,'Body','Brep',(#206));
#5432= IFCPRODUCTDEFINITIONSHAPE($,$,(#5431));
#5433= IFCCARTESIANPOINT((-61720.5847135895,-66599.6311254376,-49.000007033332));
#5434= IFCAXIS2PLACEMENT3D(#5433,#9,#620);
#5435= IFCLOCALPLACEMENT(#5378,#5434);
#5436= IFCBEAM('1Zm15rbQz7OvHO7Fi_Srwk',#44,'Kamst\S\el','REBAR8',$,#5435,#5432,'ID63c01175-95af-4763-9458-1cfb3e735eae');
#5437= IFCSHAPEREPRESENTATION(#12,'Body','Brep',(#206));
#5438= IFCPRODUCTDEFINITIONSHAPE($,$,(#5437));
#5439= IFCCARTESIANPOINT((-62120.5847135895,-66599.6311254376,-49.000007033332));
#5440= IFCAXIS2PLACEMENT3D(#5439,#9,#620);
#5441= IFCLOCALPLACEMENT(#5378,#5440);
#5442= IFCBEAM('2F87rYKezFUv_MWYlCV4Ci',#44,'Kamst\S\el','REBAR8',$,#5441,#5438,'ID8f207d62-528f-4f7b-9f96-822bcc7c432c');
#5443= IFCSHAPEREPRESENTATION(#12,'Body','Brep',(#206));
#5444= IFCPRODUCTDEFINITIONSHAPE($,$,(#5443));
#5445= IFCCARTESIANPOINT((-62520.5847135895,-66599.6311254376,-49.000007033332));
#5446= IFCAXIS2PLACEMENT3D(#5445,#9,#620);
#5447= IFCLOCALPLACEMENT(#5378,#5446);
#5448= IFCBEAM('2K0UB$GzzBjhHS_52XAP4l',#44,'Kamst\S\el','REBAR8',$,#5447,#5444,'ID9401e2ff-43df-4bb6-b45c-f850a129912f');
#5449= IFCSHAPEREPRESENTATION(#12,'Body','Brep',(#206));
#5450= IFCPRODUCTDEFINITIONSHAPE($,$,(#5449));
#5451= IFCCARTESIANPOINT((-26505.5858543351,-64579.6333423522,-49.000007033332));
#5452= IFCAXIS2PLACEMENT3D(#5451,#9,#620);
#5453= IFCLOCALPLACEMENT(#5337,#5452);
#5454= IFCBEAM('1Bg1wa5ur7MPXVKJrtLsD5',#44,'Kamst\S\el','REBAR8',$,#5453,#5450,'ID4ba81ea4-178d-4759-985f-513d77576345');
#5455= IFCPLANE(#5156);
#5456= IFCHALFSPACESOLID(#5455,.F.);
#5457= IFCBOOLEANCLIPPINGRESULT(.DIFFERENCE.,#5154,#5456);
#5458= IFCPLANE(#4681);
#5459= IFCHALFSPACESOLID(#5458,.T.);
#5460= IFCBOOLEANCLIPPINGRESULT(.DIFFERENCE.,#5457,#5459);
#5461= IFCSHAPEREPRESENTATION(#12,'Body','Clipping',(#5460));
#5462= IFCPRODUCTDEFINITIONSHAPE($,$,(#5461));
#5463= IFCCARTESIANPOINT((-25375.5859375,-64587.1323901367,-22.5000070333226));
#5464= IFCAXIS2PLACEMENT3D(#5463,#9,#430);
#5465= IFCLOCALPLACEMENT(#5337,#5464);
#5466= IFCBEAM('3J7gsCnRL0Gg5ne3qWXMsw',#44,'Drager','L45*5',$,#5465,#5462,'d48');
#5467= IFCPLANE(#5183);
#5468= IFCHALFSPACESOLID(#5467,.F.);
#5469= IFCBOOLEANCLIPPINGRESULT(.DIFFERENCE.,#5154,#5468);
#5470= IFCPLANE(#4681);
#5471= IFCHALFSPACESOLID(#5470,.T.);
#5472= IFCBOOLEANCLIPPINGRESULT(.DIFFERENCE.,#5469,#5471);
#5473= IFCSHAPEREPRESENTATION(#12,'Body','Clipping',(#5472));
#5474= IFCPRODUCTDEFINITIONSHAPE($,$,(#5473));
#5475= IFCCARTESIANPOINT((-27635.585765923,-63312.1339160156,-22.5000070333244));
#5476= IFCAXIS2PLACEMENT3D(#5475,#9,#7);
#5477= IFCLOCALPLACEMENT(#5290,#5476);
#5478= IFCBEAM('3r92_uWBL1jQeuZcacufX9',#44,'Drager','L45*5',$,#5477,#5474,'d48');
#5479= IFCPLANE(#5199);
#5480= IFCHALFSPACESOLID(#5479,.F.);
#5481= IFCBOOLEANCLIPPINGRESULT(.DIFFERENCE.,#5123,#5480);
#5482= IFCPLANE(#4681);
#5483= IFCHALFSPACESOLID(#5482,.T.);
#5484= IFCBOOLEANCLIPPINGRESULT(.DIFFERENCE.,#5481,#5483);
#5485= IFCSHAPEREPRESENTATION(#12,'Body','Clipping',(#5484));
#5486= IFCPRODUCTDEFINITIONSHAPE($,$,(#5485));
#5487= IFCCARTESIANPOINT((-27658.0857849121,-64564.6323901367,-22.5000070333263));
#5488= IFCAXIS2PLACEMENT3D(#5487,#9,#8);
#5489= IFCLOCALPLACEMENT(#5247,#5488);
#5490= IFCBEAM('3Y65aXHLL3NxqMAUIlTMmc',#44,'Drager','L45*5',$,#5489,#5486,'d47');
#5491= IFCPLANE(#4676);
#5492= IFCHALFSPACESOLID(#5491,.F.);
#5493= IFCBOOLEANCLIPPINGRESULT(.DIFFERENCE.,#4674,#5492);
#5494= IFCPLANE(#4681);
#5495= IFCHALFSPACESOLID(#5494,.T.);
#5496= IFCBOOLEANCLIPPINGRESULT(.DIFFERENCE.,#5493,#5495);
#5497= IFCSHAPEREPRESENTATION(#12,'Body','Clipping',(#5496));
#5498= IFCPRODUCTDEFINITIONSHAPE($,$,(#5497));
#5499= IFCCARTESIANPOINT((-60440.5847967544,-66607.1301732221,-22.5000070333226));
#5500= IFCAXIS2PLACEMENT3D(#5499,#9,#430);
#5501= IFCLOCALPLACEMENT(#5378,#5500);
#5502= IFCBEAM('05xLl8FP59JghR4N4WaV17',#44,'Drager','L45*5',$,#5501,#5498,'d46');
#5503= IFCPLANE(#4714);
#5504= IFCHALFSPACESOLID(#5503,.F.);
#5505= IFCBOOLEANCLIPPINGRESULT(.DIFFERENCE.,#4712,#5504);
#5506= IFCPLANE(#4681);
#5507= IFCHALFSPACESOLID(#5506,.T.);
#5508= IFCBOOLEANCLIPPINGRESULT(.DIFFERENCE.,#5505,#5507);
#5509= IFCSHAPEREPRESENTATION(#12,'Body','Clipping',(#5508));
#5510= IFCPRODUCTDEFINITIONSHAPE($,$,(#5509));
#5511= IFCCARTESIANPOINT((-60418.0847967544,-65484.6336064497,-22.5000070333244));
#5512= IFCAXIS2PLACEMENT3D(#5511,#9,#620);
#5513= IFCLOCALPLACEMENT(#4775,#5512);
#5514= IFCBEAM('0wjiREPnbA_ep1AjqNwLNx',#44,'Drager','L45*5',$,#5513,#5510,'d45');
#5515= IFCQUANTITYLENGTH('Length',$,$,1189.99654820897);
#5516= IFCQUANTITYAREA('OuterSurfaceArea',$,$,0.207059393438378);
#5517= IFCELEMENTQUANTITY('0r$xFf0Mb0XfLVHqxBnM6X',#5,'BaseQuantities',$,$,(#5515,#5516,#4737,#4738));
#5518= IFCPLANE(#4676);
#5519= IFCHALFSPACESOLID(#5518,.F.);
#5520= IFCBOOLEANCLIPPINGRESULT(.DIFFERENCE.,#4674,#5519);
#5521= IFCPLANE(#4681);
#5522= IFCHALFSPACESOLID(#5521,.T.);
#5523= IFCBOOLEANCLIPPINGRESULT(.DIFFERENCE.,#5520,#5522);
#5524= IFCSHAPEREPRESENTATION(#12,'Body','Clipping',(#5523));
#5525= IFCPRODUCTDEFINITIONSHAPE($,$,(#5524));
#5526= IFCCARTESIANPOINT((-64600.5846338504,-65462.131699101,-22.5000070333244));
#5527= IFCAXIS2PLACEMENT3D(#5526,#9,#7);
#5528= IFCLOCALPLACEMENT(#4837,#5527);
#5529= IFCBEAM('3FA7sM48f0nRjxW0JLAjWC',#44,'Drager','L45*5',$,#5528,#5525,'d46');
#5530= IFCPLANE(#4756);
#5531= IFCHALFSPACESOLID(#5530,.F.);
#5532= IFCBOOLEANCLIPPINGRESULT(.DIFFERENCE.,#4754,#5531);
#5533= IFCPLANE(#4681);
#5534= IFCHALFSPACESOLID(#5533,.T.);
#5535= IFCBOOLEANCLIPPINGRESULT(.DIFFERENCE.,#5532,#5534);
#5536= IFCSHAPEREPRESENTATION(#12,'Body','Clipping',(#5535));
#5537= IFCPRODUCTDEFINITIONSHAPE($,$,(#5536));
#5538= IFCCARTESIANPOINT((-64623.0846441665,-66584.6301732221,-22.5000070333263));
#5539= IFCAXIS2PLACEMENT3D(#5538,#9,#8);
#5540= IFCLOCALPLACEMENT(#4805,#5539);
#5541= IFCBEAM('1Cgl6f5RnCt957U5de91Ci',#44,'Drager','L45*5',$,#5540,#5537,'d45');
#5542= IFCPLANE(#2970);
#5543= IFCHALFSPACESOLID(#5542,.F.);
#5544= IFCBOOLEANCLIPPINGRESULT(.DIFFERENCE.,#2967,#5543);
#5545= IFCPLANE(#2977);
#5546= IFCHALFSPACESOLID(#5545,.F.);
#5547= IFCBOOLEANCLIPPINGRESULT(.DIFFERENCE.,#5544,#5546);
#5548= IFCSHAPEREPRESENTATION(#12,'Body','Clipping',(#5547));
#5549= IFCPRODUCTDEFINITIONSHAPE($,$,(#5548));
#5550= IFCCARTESIANPOINT((-25505.5880011001,-65834.6320805708,-120.000007033319));
#5551= IFCAXIS2PLACEMENT3D(#5550,#2927,#430);
#5552= IFCLOCALPLACEMENT(#3008,#5551);
#5553= IFCBEAM('3_WTvgEan2quHH5cjL7FHI',#44,'Drager','HEA120',$,#5552,#5549,'d44');
#5554= IFCRELAGGREGATES('0jRrMEG0n1$xFSMiHuVSU2',#5,$,$,#36,(#38));
#5555= IFCRELAGGREGATES('3VOJVwnzn41e6FZnuYZIMp',#5,$,$,#38,(#41));
#5556= IFCRELAGGREGATES('1524HAB5fDzf0PQEC0_j9Z',#5,$,$,#41,(#43));
#5557= IFCRELAGGREGATES('3OMi94LTvEfOawFYjxVmL0',#5,$,$,#47,(#1141,#326,#320,#314,#308,#302,#296,#290,#284,#278,#272,#266,#260,#254,#248,#213));
#5558= IFCRELAGGREGATES('1JnSae8lHCK8looqvRVs77',#5,$,$,#328,(#1164,#422,#416,#410,#404,#398,#392,#386,#380,#374,#368,#362,#356,#350,#344,#338));
#5559= IFCRELAGGREGATES('2rbE2hlf18be0F5$AqPlUN',#5,$,$,#424,(#1187,#517,#511,#505,#499,#493,#487,#481,#475,#469,#463,#457,#451,#445,#439,#433));
#5560= IFCRELAGGREGATES('3x$AVZERz6UROXtwW3ChvO',#5,$,$,#519,(#1181,#609,#603,#597,#591,#585,#579,#573,#567,#561,#555,#549,#543,#537,#531,#525));
#5561= IFCRELAGGREGATES('3QN3055x58GgCKGAWHvFmD',#5,$,$,#611,(#1207,#705,#688,#661,#637,#631,#623));
#5562= IFCRELAGGREGATES('0vj$1DmjXDw8meLIU$f6e1',#5,$,$,#714,(#1226,#808,#802,#796,#790,#784,#778,#772,#766,#760,#754,#748,#742,#736,#730,#722));
#5563= IFCRELAGGREGATES('0kTKXMw$X8tACymSaaBwKM',#5,$,$,#810,(#1232,#902,#896,#890,#884,#878,#872,#866,#860,#854,#848,#842,#836,#830,#824,#818));
#5564= IFCRELAGGREGATES('01hFp0k2b1SvTSvdg3hMJ8',#5,$,$,#904,(#1244,#994,#988,#982,#976,#970,#964,#958,#952,#946,#940,#934,#928,#922,#916,#910));
#5565= IFCRELAGGREGATES('2gcgDtjXr2IgHRrlz1rOw$',#5,$,$,#996,(#1238,#1086,#1080,#1074,#1068,#1062,#1056,#1050,#1044,#1038,#1032,#1026,#1020,#1014,#1008,#1002));
#5566= IFCRELAGGREGATES('2n9iG0raXFNxxf49nU0BKp',#5,$,$,#1088,(#1257,#1131,#1122,#1116,#1107,#1101,#1095));
#5567= IFCRELAGGREGATES('2MkAlamrb7Ox1c5XhScS47',#5,$,$,#1264,(#2108,#1360,#1354,#1348,#1342,#1336,#1330,#1324,#1318,#1312,#1306,#1300,#1294,#1288,#1282,#1274));
#5568= IFCRELAGGREGATES('3DDC$FXHn1qBdiAbZzQ2oO',#5,$,$,#1362,(#2114,#1454,#1448,#1442,#1436,#1430,#1424,#1418,#1412,#1406,#1400,#1394,#1388,#1382,#1376,#1370));
#5569= IFCRELAGGREGATES('1Ityufby11EAqdRmUKy8sN',#5,$,$,#1456,(#2126,#1546,#1540,#1534,#1528,#1522,#1516,#1510,#1504,#1498,#1492,#1486,#1480,#1474,#1468,#1462));
#5570= IFCRELAGGREGATES('12pOO228j5HO4sgBgF8a9p',#5,$,$,#1548,(#2120,#1638,#1632,#1626,#1620,#1614,#1608,#1602,#1596,#1590,#1584,#1578,#1572,#1566,#1560,#1554));
#5571= IFCRELAGGREGATES('1YEMj42ArDlgcf60LdaHAZ',#5,$,$,#1640,(#2138,#1683,#1674,#1668,#1659,#1653,#1647));
#5572= IFCRELAGGREGATES('2Vi4jlw3LE4ePe3b27UQDJ',#5,$,$,#1685,(#2144,#1779,#1773,#1767,#1761,#1755,#1749,#1743,#1737,#1731,#1725,#1719,#1713,#1707,#1701,#1693));
#5573= IFCRELAGGREGATES('13kJ8RUg59CfHrGhB7pBn3',#5,$,$,#1781,(#2150,#1873,#1867,#1861,#1855,#1849,#1843,#1837,#1831,#1825,#1819,#1813,#1807,#1801,#1795,#1789));
#5574= IFCRELAGGREGATES('3lvTWSFjz4D8jai3qyksMn',#5,$,$,#1875,(#2162,#1965,#1959,#1953,#1947,#1941,#1935,#1929,#1923,#1917,#1911,#1905,#1899,#1893,#1887,#1881));
#5575= IFCRELAGGREGATES('19TOwdcdH48hUN7qqkeCKN',#5,$,$,#1967,(#2156,#2057,#2051,#2045,#2039,#2033,#2027,#2021,#2015,#2009,#2003,#1997,#1991,#1985,#1979,#1973));
#5576= IFCRELAGGREGATES('3rzwKPVwTE_wq4ucadsL1K',#5,$,$,#2059,(#2174,#2102,#2093,#2087,#2078,#2072,#2066));
#5577= IFCRELAGGREGATES('1fFJGEeXjFNu4RmUC1rg$R',#5,$,$,#2176,(#2601,#2270,#2264,#2258,#2252,#2246,#2240,#2234,#2228,#2222,#2216,#2210,#2204,#2198,#2192,#2184));
#5578= IFCRELAGGREGATES('3zodkqTS94txRSmzJdsRuW',#5,$,$,#2272,(#2607,#2364,#2358,#2352,#2346,#2340,#2334,#2328,#2322,#2316,#2310,#2304,#2298,#2292,#2286,#2280));
#5579= IFCRELAGGREGATES('2dgYEkfpPB_x7jMacL8VKd',#5,$,$,#2366,(#2619,#2458,#2452,#2446,#2440,#2434,#2428,#2422,#2416,#2410,#2404,#2398,#2392,#2386,#2380,#2372));
#5580= IFCRELAGGREGATES('0734jHXPbEdhQvh3vW8FRl',#5,$,$,#2460,(#2613,#2550,#2544,#2538,#2532,#2526,#2520,#2514,#2508,#2502,#2496,#2490,#2484,#2478,#2472,#2466));
#5581= IFCRELAGGREGATES('2_o6gKzvv98hLxL6s4tIzu',#5,$,$,#2552,(#2631,#2595,#2586,#2580,#2571,#2565,#2559));
#5582= IFCRELAGGREGATES('2kiLn6T9f6YgP11_AQXFgS',#5,$,$,#2633,(#2987,#2959,#2930,#2911,#2905,#2899,#2873,#2853,#2847,#2830,#2824,#2818,#2791,#2757,#2674));
#5583= IFCRELAGGREGATES('2dZCKcn9HDUQ8pc9wgP6Ci',#5,$,$,#3009,(#5553,#3101,#3092,#3083,#3077,#3071,#3065,#3059,#3053,#3047,#3041,#3035,#3029,#3023,#3017));
#5584= IFCRELAGGREGATES('3zLqBIvGv3DwFPixou0pHs',#5,$,$,#3103,(#3528,#3199,#3193,#3187,#3181,#3175,#3169,#3163,#3157,#3151,#3145,#3139,#3133,#3127,#3121,#3113));
#5585= IFCRELAGGREGATES('0BNqZ4JPb1dRuSu0O$nquV',#5,$,$,#3201,(#3534,#3293,#3287,#3281,#3275,#3269,#3263,#3257,#3251,#3245,#3239,#3233,#3227,#3221,#3215,#3209));
#5586= IFCRELAGGREGATES('2nOruZdob94Q8GfEGPGeD1',#5,$,$,#3295,(#3546,#3385,#3379,#3373,#3367,#3361,#3355,#3349,#3343,#3337,#3331,#3325,#3319,#3313,#3307,#3301));
#5587= IFCRELAGGREGATES('0mIPQDxrTFaPOLxBRab$yt',#5,$,$,#3387,(#3540,#3477,#3471,#3465,#3459,#3453,#3447,#3441,#3435,#3429,#3423,#3417,#3411,#3405,#3399,#3393));
#5588= IFCRELAGGREGATES('1GwHmfzw97dOAjg3nWuyFE',#5,$,$,#3479,(#3561,#3522,#3513,#3507,#3498,#3492,#3486));
#5589= IFCRELAGGREGATES('03a6ZP$aLDmQk7gUz3TZRK',#5,$,$,#3563,(#3735,#3612,#3606,#3600,#3594,#3588,#3582,#3574));
#5590= IFCRELAGGREGATES('3ekV3k6Fn9kBl7pn0h6YnU',#5,$,$,#3614,(#3791,#3717,#3711,#3646,#3640,#3634,#3628,#3622));
#5591= IFCRELAGGREGATES('2fGdm1iTT8hQbp_Si6PRYi',#5,$,$,#3648,(#3766,#3678,#3672,#3666,#3660));
#5592= IFCRELAGGREGATES('2nASw1oRfDRhYvQtq40ifa',#5,$,$,#3680,(#3807,#3705,#3699,#3693,#3687));
#5593= IFCRELAGGREGATES('2ad4yVja15z9sIif95y0wc',#5,$,$,#3814,(#3872,#3860,#3854,#3848,#3842,#3836,#3830,#3822));
#5594= IFCRELAGGREGATES('2T9Ixy4VXAPwc_MAiu4Ysp',#5,$,$,#3877,(#4384,#4372,#4366,#3912,#3906,#3900,#3892,#3884));
#5595= IFCRELAGGREGATES('1RPHez0jXEHfagYhgqgt22',#5,$,$,#3914,(#3955,#3943,#3937,#3929,#3921));
#5596= IFCRELAGGREGATES('1RYBXpNwr4JhfSGmQYe1On',#5,$,$,#3960,(#4114,#4091,#4069,#4040,#4022,#4016,#4010,#4002,#3995,#3987,#3980,#3972));
#5597= IFCRELAGGREGATES('01KLeysTzF29RYMhyQuGJ7',#5,$,$,#4123,(#4225,#4213,#4201,#4189,#4177,#4171,#4165,#4159,#4153,#4147,#4141,#4133));
#5598= IFCRELAGGREGATES('3L5fSm_YD9Y8YGAouCOODk',#5,$,$,#4227,(#4332,#4320,#4308,#4296,#4284,#4278,#4272,#4264,#4258,#4250,#4244,#4236));
#5599= IFCRELAGGREGATES('0jNJgQEMv9AuhfWeZo09T0',#5,$,$,#4334,(#4396,#4360,#4354,#4346,#4340));
#5600= IFCRELAGGREGATES('0d0db_uXbEPRPnWz38Ufrb',#5,$,$,#4398,(#4960,#4948,#4936,#4924,#4453,#4447,#4439,#4431,#4425,#4419,#4413,#4407));
#5601= IFCRELAGGREGATES('1Vp1_jq595ogtWhOgztKFO',#5,$,$,#4455,(#4727,#4491,#4485,#4479,#4468));
#5602= IFCRELAGGREGATES('0AArp3CDn7qgjjCicVMZdT',#5,$,$,#4493,(#4769,#4521,#4515,#4509,#4503));
#5603= IFCRELAGGREGATES('3IPI7_qUzCTBJMe8B$xtB_',#5,$,$,#4523,(#4751,#4597,#4591,#4585,#4579,#4573,#4567,#4561,#4555,#4549,#4543,#4535));
#5604= IFCRELAGGREGATES('3vOBCqoPf0hwgyK0kLO$M8',#5,$,$,#4599,(#4691,#4670,#4664,#4658,#4652,#4646,#4640,#4634,#4628,#4622,#4616,#4608));
#5605= IFCRELAGGREGATES('015QXCIvT5JgSlip4UswsE',#5,$,$,#4776,(#5514,#4804,#4798,#4792,#4786));
#5606= IFCRELAGGREGATES('26eWoEJDDAwvGyN6UUiZlq',#5,$,$,#4806,(#5541,#4836,#4830,#4824,#4816));
#5607= IFCRELAGGREGATES('03$_IEZjz90u3gp1HSBRaz',#5,$,$,#4838,(#5529,#4912,#4906,#4900,#4894,#4888,#4882,#4874,#4868,#4862,#4856,#4848));
#5608= IFCRELAGGREGATES('393IZ6Wy5BVuWmJh6hX_UJ',#5,$,$,#4962,(#5139,#4994,#4988,#4982,#4974));
#5609= IFCRELAGGREGATES('0TsPApxQf8nOkZ31tvm1Aw',#5,$,$,#4996,(#5211,#5024,#5018,#5012,#5006));
#5610= IFCRELAGGREGATES('3KmYJl4N11bP87xMHW2vM6',#5,$,$,#5026,(#5195,#5073,#5067,#5061,#5055,#5049,#5043,#5037));
#5611= IFCRELAGGREGATES('0EpdFqJnj1EOQ1cRbJeVqc',#5,$,$,#5075,(#5169,#5120,#5114,#5108,#5102,#5096,#5090,#5084));
#5612= IFCRELAGGREGATES('0l6oytx_bFmBif3cYQZfDk',#5,$,$,#5218,(#5286,#5246,#5240,#5234,#5226));
#5613= IFCRELAGGREGATES('18WQbjcbT9fxBLxGZdG8Sa',#5,$,$,#5248,(#5490,#5274,#5268,#5262,#5256));
#5614= IFCRELAGGREGATES('216boiKXr1N8jtBCt8Xoqw',#5,$,$,#5291,(#5478,#5336,#5330,#5324,#5318,#5312,#5306,#5300));
#5615= IFCRELAGGREGATES('2SPLMwKafCcupWUSAuL4s$',#5,$,$,#5338,(#5466,#5454,#5377,#5371,#5365,#5359,#5353,#5347));
#5616= IFCRELAGGREGATES('15uLN11gX9qBSw_gzxaVDZ',#5,$,$,#5379,(#5502,#5448,#5442,#5436,#5430,#5424,#5418,#5412,#5406,#5400,#5394,#5386));
#5617= IFCRELCONTAINEDINSPATIALSTRUCTURE('1L8zGf$5j7QfNfagEF5Ord',#5,$,$,(#5379,#5338,#5291,#5248,#5218,#5075,#5026,#4996,#4962,#4838,#4806,#4776,#4599,#4523,#4493,#4455,#4398,#4334,#4227,#4123,#3960,#3914,#3877,#3814,#3680,#3648,#3614,#3563,#3479,#3387,#3295,#3201,#3103,#3009,#2633,#2552,#2460,#2366,#2272,#2176,#2059,#1967,#1875,#1781,#1685,#1640,#1548,#1456,#1362,#1264,#1088,#996,#904,#810,#714,#611,#519,#424,#328,#47),#43);
#5618= IFCRELDEFINESBYPROPERTIES('2BPys_xQXAvvGfBVPTdkm5',#5,$,$,(#519,#47),#56);
#5619= IFCRELDEFINESBYPROPERTIES('1Z_HKujAfDrPBDV7Csv_Ro',#5,$,$,(#810,#714,#328,#47),#58);
#5620= IFCRELDEFINESBYPROPERTIES('2jsa5d0hjCPuoRH7SVxsdX',#5,$,$,(#5553,#5541,#5529,#5514,#5502,#5490,#5478,#5466,#5454,#5448,#5442,#5436,#5430,#5424,#5418,#5412,#5406,#5400,#5394,#5386,#5377,#5371,#5365,#5359,#5353,#5347,#5336,#5330,#5324,#5318,#5312,#5306,#5300,#5286,#5274,#5268,#5262,#5256,#5246,#5240,#5234,#5226,#5211,#5195,#5169,#5139,#5120,#5114,#5108,#5102,#5096,#5090,#5084,#5073,#5067,#5061,#5055,#5049,#5043,#5037,#5024,#5018,#5012,#5006,#4994,#4988,#4982,#4974,#4960,#4948,#4936,#4924,#4912,#4906,#4900,#4894,#4888,#4882,#4874,#4868,#4862,#4856,#4848,#4836,#4830,#4824,#4816,#4804,#4798,#4792,#4786,#4769,#4751,#4727,#4691,#4670,#4664,#4658,#4652,#4646,#4640,#4634,#4628,#4622,#4616,#4608,#4597,#4591,#4585,#4579,#4573,#4567,#4561,#4555,#4549,#4543,#4535,#4521,#4515,#4509,#4503,#4491,#4485,#4479,#4468,#4453,#4447,#4439,#4431,#4425,#4419,#4413,#4407,#4396,#4384,#4372,#4366,#4360,#4354,#4346,#4340,#4332,#4320,#4308,#4296,#4284,#4278,#4272,#4264,#4258,#4250,#4244,#4236,#4225,#4213,#4201,#4189,#4177,#4171,#4165,#4159,#4153,#4147,#4141,#4133,#4114,#4091,#4069,#4040,#4022,#4016,#4010,#4002,#3995,#3987,#3980,#3972,#3955,#3943,#3937,#3929,#3921,#3912,#3906,#3900,#3892,#3884,#3872,#3860,#3854,#3848,#3842,#3836,#3830,#3822,#3807,#3791,#3766,#3735,#3717,#3711,#3705,#3699,#3693,#3687,#3678,#3672,#3666,#3660,#3646,#3640,#3634,#3628,#3622,#3612,#3606,#3600,#3594,#3588,#3582,#3574,#3561,#3546,#3540,#3534,#3528,#3522,#3513,#3507,#3498,#3492,#3486,#3477,#3471,#3465,#3459,#3453,#3447,#3441,#3435,#3429,#3423,#3417,#3411,#3405,#3399,#3393,#3385,#3379,#3373,#3367,#3361,#3355,#3349,#3343,#3337,#3331,#3325,#3319,#3313,#3307,#3301,#3293,#3287,#3281,#3275,#3269,#3263,#3257,#3251,#3245,#3239,#3233,#3227,#3221,#3215,#3209,#3199,#3193,#3187,#3181,#3175,#3169,#3163,#3157,#3151,#3145,#3139,#3133,#3127,#3121,#3113,#3101,#3092,#3083,#3077,#3071,#3065,#3059,#3047,#2987,#2959,#2930,#2911,#2905,#2899,#2873,#2830,#2791,#2631,#2619,#2613,#2607,#2601,#2595,#2586,#2580,#2571,#2565,#2559,#2550,#2544,#2538,#2532,#2526,#2520,#2514,#2508,#2502,#2496,#2490,#2484,#2478,#2472,#2466,#2458,#2452,#2446,#2440,#2434,#2428,#2422,#2416,#2410,#2404,#2398,#2392,#2386,#2380,#2372,#2364,#2358,#2352,#2346,#2340,#2334,#2328,#2322,#2316,#2310,#2304,#2298,#2292,#2286,#2280,#2270,#2264,#2258,#2252,#2246,#2240,#2234,#2228,#2222,#2216,#2210,#2204,#2198,#2192,#2184,#2174,#2162,#2156,#2150,#2144,#2138,#2126,#2120,#2114,#2108,#2102,#2093,#2087,#2078,#2072,#2066,#2057,#2051,#2045,#2039,#2033,#2027,#2021,#2015,#2009,#2003,#1997,#1991,#1985,#1979,#1973,#1965,#1959,#1953,#1947,#1941,#1935,#1929,#1923,#1917,#1911,#1905,#1899,#1893,#1887,#1881,#1873,#1867,#1861,#1855,#1849,#1843,#1837,#1831,#1825,#1819,#1813,#1807,#1801,#1795,#1789,#1779,#1773,#1767,#1761,#1755,#1749,#1743,#1737,#1731,#1725,#1719,#1713,#1707,#1701,#1693,#1683,#1674,#1668,#1659,#1653,#1647,#1638,#1632,#1626,#1620,#1614,#1608,#1602,#1596,#1590,#1584,#1578,#1572,#1566,#1560,#1554,#1546,#1540,#1534,#1528,#1522,#1516,#1510,#1504,#1498,#1492,#1486,#1480,#1474,#1468,#1462,#1454,#1448,#1442,#1436,#1430,#1424,#1418,#1412,#1406,#1400,#1394,#1388,#1382,#1376,#1370,#1360,#1354,#1348,#1342,#1336,#1330,#1324,#1318,#1312,#1306,#1300,#1294,#1288,#1282,#1274,#1257,#1244,#1238,#1232,#1226,#1207,#1187,#1181,#1164,#1141,#1131,#1122,#1116,#1107,#1101,#1095,#1086,#1080,#1074,#1068,#1062,#1056,#1050,#1044,#1038,#1032,#1026,#1020,#1014,#1008,#1002,#994,#988,#982,#976,#970,#964,#958,#952,#946,#940,#934,#928,#922,#916,#910,#902,#896,#890,#884,#878,#872,#866,#860,#854,#848,#842,#836,#830,#824,#818,#808,#802,#796,#790,#784,#778,#772,#766,#760,#754,#748,#742,#736,#730,#722,#705,#688,#661,#637,#631,#623,#609,#603,#597,#591,#585,#579,#573,#567,#561,#555,#549,#543,#537,#531,#525,#517,#511,#505,#499,#493,#487,#481,#475,#469,#463,#457,#451,#445,#439,#433,#422,#416,#410,#404,#398,#392,#386,#380,#374,#368,#362,#356,#350,#344,#338,#326,#320,#314,#308,#302,#296,#290,#284,#278,#272,#266,#260,#254,#248,#213),#216);
#5621= IFCRELDEFINESBYPROPERTIES('3v7BUPtuX83hOYqA3Y6I$v',#5,$,$,(#4453,#4447,#4439,#4431,#4425,#4419,#4413,#4407,#4372,#4366,#4360,#4354,#4346,#4340,#4284,#4278,#4272,#4264,#4258,#4250,#4244,#4236,#4177,#4171,#4165,#4159,#4153,#4147,#4141,#4133,#4022,#4016,#4010,#4002,#3995,#3987,#3980,#3972,#3943,#3937,#3929,#3921,#3912,#3906,#3900,#3892,#3884,#3860,#3854,#3848,#3842,#3836,#3830,#3822,#3717,#3711,#3705,#3699,#3693,#3687,#3678,#3672,#3666,#3660,#3646,#3640,#3634,#3628,#3622,#3612,#3606,#3600,#3594,#3588,#3582,#3574,#3513,#3498,#3492,#3486,#3477,#3471,#3465,#3459,#3453,#3447,#3441,#3435,#3429,#3423,#3417,#3411,#3405,#3399,#3393,#3385,#3379,#3373,#3367,#3361,#3355,#3349,#3343,#3337,#3331,#3325,#3319,#3313,#3307,#3301,#3293,#3287,#3281,#3275,#3269,#3263,#3257,#3251,#3245,#3239,#3233,#3227,#3221,#3215,#3209,#3199,#3193,#3187,#3181,#3175,#3169,#3163,#3157,#3151,#3145,#3139,#3133,#3127,#3121,#3113,#2586,#2571,#2565,#2559,#2550,#2544,#2538,#2532,#2526,#2520,#2514,#2508,#2502,#2496,#2490,#2484,#2478,#2472,#2466,#2458,#2452,#2446,#2440,#2434,#2428,#2422,#2416,#2410,#2404,#2398,#2392,#2386,#2380,#2372,#2364,#2358,#2352,#2346,#2340,#2334,#2328,#2322,#2316,#2310,#2304,#2298,#2292,#2286,#2280,#2270,#2264,#2258,#2252,#2246,#2240,#2234,#2228,#2222,#2216,#2210,#2204,#2198,#2192,#2184,#2093,#2078,#2072,#2066,#2057,#2051,#2045,#2039,#2033,#2027,#2021,#2015,#2009,#2003,#1997,#1991,#1985,#1979,#1973,#1965,#1959,#1953,#1947,#1941,#1935,#1929,#1923,#1917,#1911,#1905,#1899,#1893,#1887,#1881,#1873,#1867,#1861,#1855,#1849,#1843,#1837,#1831,#1825,#1819,#1813,#1807,#1801,#1795,#1789,#1779,#1773,#1767,#1761,#1755,#1749,#1743,#1737,#1731,#1725,#1719,#1713,#1707,#1701,#1693,#1674,#1659,#1653,#1647,#1638,#1632,#1626,#1620,#1614,#1608,#1602,#1596,#1590,#1584,#1578,#1572,#1566,#1560,#1554,#1546,#1540,#1534,#1528,#1522,#1516,#1510,#1504,#1498,#1492,#1486,#1480,#1474,#1468,#1462,#1454,#1448,#1442,#1436,#1430,#1424,#1418,#1412,#1406,#1400,#1394,#1388,#1382,#1376,#1370,#1360,#1354,#1348,#1342,#1336,#1330,#1324,#1318,#1312,#1306,#1300,#1294,#1288,#1282,#1274,#1122,#1107,#1101,#1095,#1086,#1080,#1074,#1068,#1062,#1056,#1050,#1044,#1038,#1032,#1026,#1020,#1014,#1008,#1002,#994,#988,#982,#976,#970,#964,#958,#952,#946,#940,#934,#928,#922,#916,#910,#902,#896,#890,#884,#878,#872,#866,#860,#854,#848,#842,#836,#830,#824,#818,#808,#802,#796,#790,#784,#778,#772,#766,#760,#754,#748,#742,#736,#730,#722,#688,#637,#631,#623,#609,#603,#597,#591,#585,#579,#573,#567,#561,#555,#549,#543,#537,#531,#525,#517,#511,#505,#499,#493,#487,#481,#475,#469,#463,#457,#451,#445,#439,#433,#422,#416,#410,#404,#398,#392,#386,#380,#374,#368,#362,#356,#350,#344,#338,#326,#320,#314,#308,#302,#296,#290,#284,#278,#272,#266,#260,#254,#248,#213),#224);
#5622= IFCRELDEFINESBYPROPERTIES('24dVvO_mz86OOawm8JCBrp',#5,$,$,(#5454,#5448,#5442,#5436,#5430,#5424,#5418,#5412,#5406,#5400,#5394,#5386,#5377,#5371,#5365,#5359,#5353,#5347,#5336,#5330,#5324,#5318,#5312,#5306,#5300,#5274,#5268,#5262,#5256,#5246,#5240,#5234,#5226,#5120,#5114,#5108,#5102,#5096,#5090,#5084,#5073,#5067,#5061,#5055,#5049,#5043,#5037,#5024,#5018,#5012,#5006,#4994,#4988,#4982,#4974,#4912,#4906,#4900,#4894,#4888,#4882,#4874,#4868,#4862,#4856,#4848,#4836,#4830,#4824,#4816,#4804,#4798,#4792,#4786,#4670,#4664,#4658,#4652,#4646,#4640,#4634,#4628,#4622,#4616,#4608,#4597,#4591,#4585,#4579,#4573,#4567,#4561,#4555,#4549,#4543,#4535,#4521,#4515,#4509,#4503,#4491,#4485,#4479,#4468,#4453,#4447,#4439,#4431,#4425,#4419,#4413,#4407,#4372,#4366,#4360,#4354,#4346,#4340,#4284,#4278,#4272,#4264,#4258,#4250,#4244,#4236,#4177,#4171,#4165,#4159,#4153,#4147,#4141,#4133,#4022,#4016,#4010,#4002,#3995,#3987,#3980,#3972,#3943,#3937,#3929,#3921,#3912,#3906,#3900,#3892,#3884,#3860,#3854,#3848,#3842,#3836,#3830,#3822,#3717,#3711,#3705,#3699,#3693,#3687,#3678,#3672,#3666,#3660,#3646,#3640,#3634,#3628,#3622,#3612,#3606,#3600,#3594,#3588,#3582,#3574,#3513,#3498,#3492,#3486,#3477,#3471,#3465,#3459,#3453,#3447,#3441,#3435,#3429,#3423,#3417,#3411,#3405,#3399,#3393,#3385,#3379,#3373,#3367,#3361,#3355,#3349,#3343,#3337,#3331,#3325,#3319,#3313,#3307,#3301,#3293,#3287,#3281,#3275,#3269,#3263,#3257,#3251,#3245,#3239,#3233,#3227,#3221,#3215,#3209,#3199,#3193,#3187,#3181,#3175,#3169,#3163,#3157,#3151,#3145,#3139,#3133,#3127,#3121,#3113,#2586,#2571,#2565,#2559,#2550,#2544,#2538,#2532,#2526,#2520,#2514,#2508,#2502,#2496,#2490,#2484,#2478,#2472,#2466,#2458,#2452,#2446,#2440,#2434,#2428,#2422,#2416,#2410,#2404,#2398,#2392,#2386,#2380,#2372,#2364,#2358,#2352,#2346,#2340,#2334,#2328,#2322,#2316,#2310,#2304,#2298,#2292,#2286,#2280,#2270,#2264,#2258,#2252,#2246,#2240,#2234,#2228,#2222,#2216,#2210,#2204,#2198,#2192,#2184,#2093,#2078,#2072,#2066,#2057,#2051,#2045,#2039,#2033,#2027,#2021,#2015,#2009,#2003,#1997,#1991,#1985,#1979,#1973,#1965,#1959,#1953,#1947,#1941,#1935,#1929,#1923,#1917,#1911,#1905,#1899,#1893,#1887,#1881,#1873,#1867,#1861,#1855,#1849,#1843,#1837,#1831,#1825,#1819,#1813,#1807,#1801,#1795,#1789,#1779,#1773,#1767,#1761,#1755,#1749,#1743,#1737,#1731,#1725,#1719,#1713,#1707,#1701,#1693,#1674,#1659,#1653,#1647,#1638,#1632,#1626,#1620,#1614,#1608,#1602,#1596,#1590,#1584,#1578,#1572,#1566,#1560,#1554,#1546,#1540,#1534,#1528,#1522,#1516,#1510,#1504,#1498,#1492,#1486,#1480,#1474,#1468,#1462,#1454,#1448,#1442,#1436,#1430,#1424,#1418,#1412,#1406,#1400,#1394,#1388,#1382,#1376,#1370,#1360,#1354,#1348,#1342,#1336,#1330,#1324,#1318,#1312,#1306,#1300,#1294,#1288,#1282,#1274,#1122,#1107,#1101,#1095,#1086,#1080,#1074,#1068,#1062,#1056,#1050,#1044,#1038,#1032,#1026,#1020,#1014,#1008,#1002,#994,#988,#982,#976,#970,#964,#958,#952,#946,#940,#934,#928,#922,#916,#910,#902,#896,#890,#884,#878,#872,#866,#860,#854,#848,#842,#836,#830,#824,#818,#808,#802,#796,#790,#784,#778,#772,#766,#760,#754,#748,#742,#736,#730,#722,#688,#637,#631,#623,#609,#603,#597,#591,#585,#579,#573,#567,#561,#555,#549,#543,#537,#531,#525,#517,#511,#505,#499,#493,#487,#481,#475,#469,#463,#457,#451,#445,#439,#433,#422,#416,#410,#404,#398,#392,#386,#380,#374,#368,#362,#356,#350,#344,#338,#326,#320,#314,#308,#302,#296,#290,#284,#278,#272,#266,#260,#254,#248,#213),#233);
#5623= IFCRELDEFINESBYPROPERTIES('0onnRn7GLCUROWGyiY6X$z',#5,$,$,(#5454,#5448,#5442,#5436,#5430,#5424,#5418,#5412,#5406,#5400,#5394,#5386,#5377,#5371,#5365,#5359,#5353,#5347,#5336,#5330,#5324,#5318,#5312,#5306,#5300,#5274,#5268,#5262,#5256,#5246,#5240,#5234,#5226,#5120,#5114,#5108,#5102,#5096,#5090,#5084,#5073,#5067,#5061,#5055,#5049,#5043,#5037,#5024,#5018,#5012,#5006,#4994,#4988,#4982,#4974,#4912,#4906,#4900,#4894,#4888,#4882,#4874,#4868,#4862,#4856,#4848,#4836,#4830,#4824,#4816,#4804,#4798,#4792,#4786,#4670,#4664,#4658,#4652,#4646,#4640,#4634,#4628,#4622,#4616,#4608,#4597,#4591,#4585,#4579,#4573,#4567,#4561,#4555,#4549,#4543,#4535,#4521,#4515,#4509,#4503,#4491,#4485,#4479,#4468,#4453,#4447,#4439,#4431,#4425,#4419,#4413,#4407,#4372,#4366,#4360,#4354,#4346,#4340,#4284,#4278,#4272,#4264,#4258,#4250,#4244,#4236,#4177,#4171,#4165,#4159,#4153,#4147,#4141,#4133,#4022,#4016,#4010,#4002,#3995,#3987,#3980,#3972,#3943,#3937,#3929,#3921,#3912,#3906,#3900,#3892,#3884,#3860,#3854,#3848,#3842,#3836,#3830,#3822,#3717,#3711,#3705,#3699,#3693,#3687,#3678,#3672,#3666,#3660,#3646,#3640,#3634,#3628,#3622,#3612,#3606,#3600,#3594,#3588,#3582,#3574,#3513,#3498,#3492,#3486,#3477,#3471,#3465,#3459,#3453,#3447,#3441,#3435,#3429,#3423,#3417,#3411,#3405,#3399,#3393,#3385,#3379,#3373,#3367,#3361,#3355,#3349,#3343,#3337,#3331,#3325,#3319,#3313,#3307,#3301,#3293,#3287,#3281,#3275,#3269,#3263,#3257,#3251,#3245,#3239,#3233,#3227,#3221,#3215,#3209,#3199,#3193,#3187,#3181,#3175,#3169,#3163,#3157,#3151,#3145,#3139,#3133,#3127,#3121,#3113,#2586,#2571,#2565,#2559,#2550,#2544,#2538,#2532,#2526,#2520,#2514,#2508,#2502,#2496,#2490,#2484,#2478,#2472,#2466,#2458,#2452,#2446,#2440,#2434,#2428,#2422,#2416,#2410,#2404,#2398,#2392,#2386,#2380,#2372,#2364,#2358,#2352,#2346,#2340,#2334,#2328,#2322,#2316,#2310,#2304,#2298,#2292,#2286,#2280,#2270,#2264,#2258,#2252,#2246,#2240,#2234,#2228,#2222,#2216,#2210,#2204,#2198,#2192,#2184,#2093,#2078,#2072,#2066,#2057,#2051,#2045,#2039,#2033,#2027,#2021,#2015,#2009,#2003,#1997,#1991,#1985,#1979,#1973,#1965,#1959,#1953,#1947,#1941,#1935,#1929,#1923,#1917,#1911,#1905,#1899,#1893,#1887,#1881,#1873,#1867,#1861,#1855,#1849,#1843,#1837,#1831,#1825,#1819,#1813,#1807,#1801,#1795,#1789,#1779,#1773,#1767,#1761,#1755,#1749,#1743,#1737,#1731,#1725,#1719,#1713,#1707,#1701,#1693,#1674,#1659,#1653,#1647,#1638,#1632,#1626,#1620,#1614,#1608,#1602,#1596,#1590,#1584,#1578,#1572,#1566,#1560,#1554,#1546,#1540,#1534,#1528,#1522,#1516,#1510,#1504,#1498,#1492,#1486,#1480,#1474,#1468,#1462,#1454,#1448,#1442,#1436,#1430,#1424,#1418,#1412,#1406,#1400,#1394,#1388,#1382,#1376,#1370,#1360,#1354,#1348,#1342,#1336,#1330,#1324,#1318,#1312,#1306,#1300,#1294,#1288,#1282,#1274,#1122,#1107,#1101,#1095,#1086,#1080,#1074,#1068,#1062,#1056,#1050,#1044,#1038,#1032,#1026,#1020,#1014,#1008,#1002,#994,#988,#982,#976,#970,#964,#958,#952,#946,#940,#934,#928,#922,#916,#910,#902,#896,#890,#884,#878,#872,#866,#860,#854,#848,#842,#836,#830,#824,#818,#808,#802,#796,#790,#784,#778,#772,#766,#760,#754,#748,#742,#736,#730,#722,#688,#637,#631,#623,#609,#603,#597,#591,#585,#579,#573,#567,#561,#555,#549,#543,#537,#531,#525,#517,#511,#505,#499,#493,#487,#481,#475,#469,#463,#457,#451,#445,#439,#433,#422,#416,#410,#404,#398,#392,#386,#380,#374,#368,#362,#356,#350,#344,#338,#326,#320,#314,#308,#302,#296,#290,#284,#278,#272,#266,#260,#254,#248,#213),#236);
#5624= IFCRELDEFINESBYPROPERTIES('1_8EOYSGfDUAoaSqTCFpIf',#5,$,$,(#1674,#1638,#1632,#1626,#1620,#1614,#1608,#1602,#1596,#1590,#1584,#1578,#1572,#1566,#1560,#1554,#1546,#1540,#1534,#1528,#1522,#1516,#1510,#1504,#1498,#1492,#1486,#1480,#1474,#1468,#1462,#688,#637,#609,#603,#597,#591,#585,#579,#573,#567,#561,#555,#549,#543,#537,#531,#525,#517,#511,#505,#499,#493,#487,#481,#475,#469,#463,#457,#451,#445,#439,#433,#422,#416,#410,#404,#398,#392,#386,#380,#374,#368,#362,#356,#350,#344,#338,#326,#320,#314,#308,#302,#296,#290,#284,#278,#272,#266,#260,#254,#248,#213),#241);
#5625= IFCRELDEFINESBYPROPERTIES('1AkluOzkD4OwEcE7UOUuLF',#5,$,$,(#424,#328),#332);
#5626= IFCRELDEFINESBYPROPERTIES('3PptGEXDr1VB5HJzmgl8Fr',#5,$,$,(#3877,#3814,#3680,#3614,#996,#904,#519,#424),#426);
#5627= IFCRELDEFINESBYPROPERTIES('3eFFm3zoj6QfnrCN9qZTi$',#5,$,$,(#611),#614);
#5628= IFCRELDEFINESBYPROPERTIES('1ntlxsJRX4e9rO7GCKTUVW',#5,$,$,(#3479,#2552,#2059,#1640,#1088,#611),#616);
#5629= IFCRELDEFINESBYPROPERTIES('3nH8joZWH3txJcFEzFmq2$',#5,$,$,(#5073,#5067,#5061,#5055,#5049,#5043,#5037,#3705,#3699,#3693,#3687,#3678,#3672,#3666,#3660,#3492,#3486,#2565,#2559,#2072,#2066,#1653,#1647,#1101,#1095,#631,#623),#625);
#5630= IFCRELDEFINESBYPROPERTIES('0eZwG6DWP0W83IUnzdpDvn',#5,$,$,(#4960,#4948,#4936,#4924,#4396,#4384,#4332,#4320,#4308,#4296,#4225,#4213,#4201,#4189,#4114,#4091,#4069,#4040,#3955,#3872,#3807,#3791,#3766,#3735,#3561,#3546,#3540,#3534,#3528,#3522,#3507,#2631,#2619,#2613,#2607,#2601,#2595,#2580,#2174,#2162,#2156,#2150,#2144,#2138,#2126,#2120,#2114,#2108,#2102,#2087,#1683,#1668,#1257,#1244,#1238,#1232,#1226,#1207,#1187,#1181,#1164,#1141,#1131,#1116,#705,#661),#666);
#5631= IFCRELDEFINESBYPROPERTIES('1Tu$lZItL91wIPZdjIvZoH',#5,$,$,(#3522,#3507,#2595,#2580,#2102,#2087,#1683,#1668,#1131,#1116,#705,#661),#674);
#5632= IFCRELDEFINESBYPROPERTIES('3Lzx8zKXD3LQZfJPURh9Xq',#5,$,$,(#3522,#2580,#2102,#1668,#1131,#661),#676);
#5633= IFCRELDEFINESBYPROPERTIES('3JbPpa4XH2wxLAwl3zAE3B',#5,$,$,(#3522,#2580,#2102,#1668,#1131,#661),#681);
#5634= IFCRELDEFINESBYPROPERTIES('1NFH7pmOz4Bf7UjzDfPfiF',#5,$,$,(#3507,#2595,#2087,#1683,#1116,#705),#707);
#5635= IFCRELDEFINESBYPROPERTIES('3uRzgf7EXBu8uofzCr1eP_',#5,$,$,(#3507,#2595,#2087,#1683,#1116,#705),#712);
#5636= IFCRELDEFINESBYPROPERTIES('1lR8HJD6r7ceQjxcrCKQNp',#5,$,$,(#996,#714),#716);
#5637= IFCRELDEFINESBYPROPERTIES('2EKp2mEjz5DeosnhrCwaFA',#5,$,$,(#4284,#4278,#4177,#4171,#2093,#2057,#2051,#2045,#2039,#2033,#2027,#2021,#2015,#2009,#2003,#1997,#1991,#1985,#1979,#1973,#1965,#1959,#1953,#1947,#1941,#1935,#1929,#1923,#1917,#1911,#1905,#1899,#1893,#1887,#1881,#1122,#1107,#1086,#1080,#1074,#1068,#1062,#1056,#1050,#1044,#1038,#1032,#1026,#1020,#1014,#1008,#1002,#994,#988,#982,#976,#970,#964,#958,#952,#946,#940,#934,#928,#922,#916,#910,#902,#896,#890,#884,#878,#872,#866,#860,#854,#848,#842,#836,#830,#824,#818,#808,#802,#796,#790,#784,#778,#772,#766,#760,#754,#748,#742,#736,#730,#722),#724);
#5638= IFCRELDEFINESBYPROPERTIES('0GwK3Y_ET069vYKOoNkTAU',#5,$,$,(#904,#810),#812);
#5639= IFCRELDEFINESBYPROPERTIES('2$bvg0nCXBGQy733_c1DXO',#5,$,$,(#1088),#1089);
#5640= IFCRELDEFINESBYPROPERTIES('3hsG_t25D8UvAs9b9tH21g',#5,$,$,(#3540,#3528,#2613,#2601,#2156,#2144,#2120,#2108,#1238,#1226,#1181,#1141),#1147);
#5641= IFCRELDEFINESBYPROPERTIES('13GjNuX0n6txB_fNiPBYe_',#5,$,$,(#3540,#3528,#2613,#2601,#2156,#2144,#2120,#2108,#1238,#1226,#1181,#1141),#1149);
#5642= IFCRELDEFINESBYPROPERTIES('2NZ2QYzaf61RmgH4pX3zFH',#5,$,$,(#3540,#3528,#2613,#2601,#2156,#2144,#2120,#2108,#1238,#1226,#1181,#1141),#1154);
#5643= IFCRELDEFINESBYPROPERTIES('05epuFj815GelOlPgxpvXh',#5,$,$,(#3546,#3534,#2619,#2607,#2162,#2150,#2126,#2114,#1244,#1232,#1187,#1164),#1168);
#5644= IFCRELDEFINESBYPROPERTIES('3AbNJXYS10cwv$WPONrNKc',#5,$,$,(#3546,#3534,#2619,#2607,#2162,#2150,#2126,#2114,#1244,#1232,#1187,#1164),#1170);
#5645= IFCRELDEFINESBYPROPERTIES('3AEfxNc1f5fvbJUhh6ZNtq',#5,$,$,(#3534,#2619,#2607,#2162,#2150,#2126,#2114,#1244,#1232,#1187,#1164),#1175);
#5646= IFCRELDEFINESBYPROPERTIES('1z8pjm3RT1ufO5V1_s3lJu',#5,$,$,(#3561,#2631,#2174,#2138,#1257,#1207),#1213);
#5647= IFCRELDEFINESBYPROPERTIES('2zrGQNQ_z8kugN1uYszRyu',#5,$,$,(#3561,#2631,#2174,#2138,#1257,#1207),#1215);
#5648= IFCRELDEFINESBYPROPERTIES('0xeXGduk5EGRz6jyXGAMPF',#5,$,$,(#2631,#2138,#1207),#1220);
#5649= IFCRELDEFINESBYPROPERTIES('3oJH9hJDD5mv0CEFB5Xfqs',#5,$,$,(#3561,#2174,#1257),#1262);
#5650= IFCRELDEFINESBYPROPERTIES('01z828gH54FBlz0Z02uplA',#5,$,$,(#1548,#1264),#1266);
#5651= IFCRELDEFINESBYPROPERTIES('1XWPJLOXLBJOFlw7GAvLsN',#5,$,$,(#4334,#3914,#3387,#3295,#3201,#2460,#2366,#2272,#2176,#1967,#1875,#1781,#1685,#1548,#1456,#1362,#1264),#1268);
#5652= IFCRELDEFINESBYPROPERTIES('3UspE2jLj6F938EBkW3PVL',#5,$,$,(#1659,#1454,#1448,#1442,#1436,#1430,#1424,#1418,#1412,#1406,#1400,#1394,#1388,#1382,#1376,#1370,#1360,#1354,#1348,#1342,#1336,#1330,#1324,#1318,#1312,#1306,#1300,#1294,#1288,#1282,#1274),#1276);
#5653= IFCRELDEFINESBYPROPERTIES('30jyDx4B16ReX8gFnTpI$u',#5,$,$,(#1456,#1362),#1364);
#5654= IFCRELDEFINESBYPROPERTIES('2AcMQWlBjDxvEmYBmVD0B4',#5,$,$,(#1640),#1641);
#5655= IFCRELDEFINESBYPROPERTIES('2P7hV15QfEauoe6LX6TPvL',#5,$,$,(#1967,#1685),#1687);
#5656= IFCRELDEFINESBYPROPERTIES('1b2hwOpkf7Eesi_P79xBiY',#5,$,$,(#2078,#1873,#1867,#1861,#1855,#1849,#1843,#1837,#1831,#1825,#1819,#1813,#1807,#1801,#1795,#1789,#1779,#1773,#1767,#1761,#1755,#1749,#1743,#1737,#1731,#1725,#1719,#1713,#1707,#1701,#1693),#1695);
#5657= IFCRELDEFINESBYPROPERTIES('2wKRnYdkHBHfxrceopZMZn',#5,$,$,(#1875,#1781),#1783);
#5658= IFCRELDEFINESBYPROPERTIES('3mK1qSxwv4phz0j291gfB0',#5,$,$,(#2059),#2060);
#5659= IFCRELDEFINESBYPROPERTIES('0IsRE4unTEDfMK8tipLYrx',#5,$,$,(#2460,#2176),#2178);
#5660= IFCRELDEFINESBYPROPERTIES('0zm0ahe754Lv8$FwJxUdH4',#5,$,$,(#2571,#2364,#2358,#2352,#2346,#2340,#2334,#2328,#2322,#2316,#2310,#2304,#2298,#2292,#2286,#2280,#2270,#2264,#2258,#2252,#2246,#2240,#2234,#2228,#2222,#2216,#2210,#2204,#2198,#2192,#2184),#2186);
#5661= IFCRELDEFINESBYPROPERTIES('1DdaCxOu9DQBcDIAfxr6GQ',#5,$,$,(#2366,#2272),#2274);
#5662= IFCRELDEFINESBYPROPERTIES('1$jGNANPv6$A9vbkyVfH7X',#5,$,$,(#2586,#2550,#2544,#2538,#2532,#2526,#2520,#2514,#2508,#2502,#2496,#2490,#2484,#2478,#2472,#2466,#2458,#2452,#2446,#2440,#2434,#2428,#2422,#2416,#2410,#2404,#2398,#2392,#2386,#2380,#2372),#2374);
#5663= IFCRELDEFINESBYPROPERTIES('1FBbGdmIP67Ak46NKua96_',#5,$,$,(#2552),#2553);
#5664= IFCRELDEFINESBYPROPERTIES('1rYvqz6cP0wQjvOJoZ5Zyb',#5,$,$,(#2633),#2639);
#5665= IFCRELDEFINESBYPROPERTIES('0kt_ZTHoH2bQg_aV_RX7tD',#5,$,$,(#3009,#2633),#2641);
#5666= IFCRELDEFINESBYPROPERTIES('0JdCfyYzPEuBfRDceRBsae',#5,$,$,(#3035,#3029,#3023,#3017,#2853,#2847,#2818,#2674),#2692);
#5667= IFCRELDEFINESBYPROPERTIES('2CAMYVdPvBpOc6u84_2BH9',#5,$,$,(#3053,#3041,#2824,#2757),#2771);
#5668= IFCRELDEFINESBYPROPERTIES('3du4FHheL9QP_S$MCJSinc',#5,$,$,(#3059,#3047,#2830,#2791),#2796);
#5669= IFCRELDEFINESBYPROPERTIES('0ZxTCw5Yf19fSSRHVlGcy2',#5,$,$,(#3059,#3047,#2830,#2791),#2803);
#5670= IFCRELDEFINESBYPROPERTIES('0Qoy$9phb4XRGpfoRdnUuK',#5,$,$,(#3059,#3047,#2830,#2791),#2805);
#5671= IFCRELDEFINESBYPROPERTIES('3wUfrBADv5R8RHbPac5o9v',#5,$,$,(#2791),#2812);
#5672= IFCRELDEFINESBYPROPERTIES('2FJY0vbMn8CeQxKjeo70YL',#5,$,$,(#3059,#3047,#2830),#2833);
#5673= IFCRELDEFINESBYPROPERTIES('0tnnDXD3P0JvvZbclbVs8$',#5,$,$,(#3083,#3077,#3071,#3065,#2911,#2905,#2899,#2873),#2878);
#5674= IFCRELDEFINESBYPROPERTIES('2xWCmQJXz04xG0ctfgTf6u',#5,$,$,(#3083,#3077,#3071,#3065,#2911,#2905,#2899,#2873),#2884);
#5675= IFCRELDEFINESBYPROPERTIES('12RCcEWFf2wgmncGXu2daa',#5,$,$,(#3083,#3077,#3071,#3065,#2911,#2905,#2899,#2873),#2886);
#5676= IFCRELDEFINESBYPROPERTIES('1bFfB071190g4ltNO$MxlG',#5,$,$,(#3083,#3077,#3071,#3065,#2911,#2905,#2899,#2873),#2893);
#5677= IFCRELDEFINESBYPROPERTIES('2MJZTULsf20Bif$5vJAdSJ',#5,$,$,(#3101,#3092,#2959,#2930),#2934);
#5678= IFCRELDEFINESBYPROPERTIES('1XxpNjQM13hfN1h7MrOHC7',#5,$,$,(#3101,#3092,#2959,#2930),#2942);
#5679= IFCRELDEFINESBYPROPERTIES('0$KtlUVJX1IA8gi1Nk0Glt',#5,$,$,(#3101,#3092,#2959,#2930),#2944);
#5680= IFCRELDEFINESBYPROPERTIES('0hAScgS15CS8UZQ$RxwvRB',#5,$,$,(#2930),#2949);
#5681= IFCRELDEFINESBYPROPERTIES('0Qip1__Lz01e0Xb81shWBF',#5,$,$,(#3101,#3092,#2959),#2963);
#5682= IFCRELDEFINESBYPROPERTIES('0wt2i9OVD8hfJH_SAt9Wtl',#5,$,$,(#5553,#2987),#2991);
#5683= IFCRELDEFINESBYPROPERTIES('308XqcA2DDBAgxJtoeQgIa',#5,$,$,(#5553,#2987),#3000);
#5684= IFCRELDEFINESBYPROPERTIES('2CvRPbPwP4jfk3RwI1Qt5O',#5,$,$,(#5553,#2987),#3002);
#5685= IFCRELDEFINESBYPROPERTIES('2PUYMVbKX0_BZ$YaiCDFp4',#5,$,$,(#5553,#2987),#3007);
#5686= IFCRELDEFINESBYPROPERTIES('3yqKaiOQ15Kfq1Mtno7PUu',#5,$,$,(#3009),#3011);
#5687= IFCRELDEFINESBYPROPERTIES('1dd3HU61P3KASMetddP90Z',#5,$,$,(#3387,#3103),#3105);
#5688= IFCRELDEFINESBYPROPERTIES('1bF_xTBz1EuxVy5pfRLBWZ',#5,$,$,(#3103),#3107);
#5689= IFCRELDEFINESBYPROPERTIES('0Ubuqhx$PEWQiajomx6h_F',#5,$,$,(#3513,#3498,#3477,#3471,#3465,#3459,#3453,#3447,#3441,#3435,#3429,#3423,#3417,#3411,#3405,#3399,#3393,#3385,#3379,#3373,#3367,#3361,#3355,#3349,#3343,#3337,#3331,#3325,#3319,#3313,#3307,#3301,#3293,#3287,#3281,#3275,#3269,#3263,#3257,#3251,#3245,#3239,#3233,#3227,#3221,#3215,#3209,#3199,#3193,#3187,#3181,#3175,#3169,#3163,#3157,#3151,#3145,#3139,#3133,#3127,#3121,#3113),#3115);
#5690= IFCRELDEFINESBYPROPERTIES('3KmGZ6LoHAwv6SexLn_RUV',#5,$,$,(#3295,#3201),#3203);
#5691= IFCRELDEFINESBYPROPERTIES('3DnVLJ5FrCXgZsBiuw$ls3',#5,$,$,(#3479),#3480);
#5692= IFCRELDEFINESBYPROPERTIES('3YWEkGmznASwsX7ftEkPX_',#5,$,$,(#3546),#3549);
#5693= IFCRELDEFINESBYPROPERTIES('0ScuiZkqP9WhmEn1bvRqWw',#5,$,$,(#3563),#3566);
#5694= IFCRELDEFINESBYPROPERTIES('3GYTPvpJnCyRB6RFhOPtN2',#5,$,$,(#3563),#3568);
#5695= IFCRELDEFINESBYPROPERTIES('1ewznh1m12R9EK3I0gPOfs',#5,$,$,(#5120,#5114,#5108,#5102,#5096,#5090,#5084,#3717,#3711,#3646,#3640,#3634,#3628,#3622,#3612,#3606,#3600,#3594,#3588,#3582,#3574),#3576);
#5696= IFCRELDEFINESBYPROPERTIES('1M8Entcd12eQjkWP3LlmH4',#5,$,$,(#3614),#3616);
#5697= IFCRELDEFINESBYPROPERTIES('0D1bDPFlX2lvDRDikbAUDh',#5,$,$,(#3648),#3652);
#5698= IFCRELDEFINESBYPROPERTIES('2MovFolCPDN9UvraU_$7dT',#5,$,$,(#3648),#3654);
#5699= IFCRELDEFINESBYPROPERTIES('2b1bmlLqv9tviMLWP4a_5j',#5,$,$,(#3680),#3681);
#5700= IFCRELDEFINESBYPROPERTIES('2Vl$zMGJb2CfEiQle3cxWN',#5,$,$,(#4384,#3872,#3791,#3735),#3741);
#5701= IFCRELDEFINESBYPROPERTIES('0vaC0027P048pZvZAqSzBY',#5,$,$,(#4384,#3872,#3791,#3735),#3743);
#5702= IFCRELDEFINESBYPROPERTIES('3DUWXUTpL0lhnPn05b12I4',#5,$,$,(#3735),#3748);
#5703= IFCRELDEFINESBYPROPERTIES('0MgiZ01ZD4yB9SCLhLh8Bp',#5,$,$,(#4396,#3955,#3807,#3766),#3771);
#5704= IFCRELDEFINESBYPROPERTIES('2y_65JCAjDNOBeynkZUdXr',#5,$,$,(#4396,#3955,#3807,#3766),#3773);
#5705= IFCRELDEFINESBYPROPERTIES('2_U4sMla9Co9TyZ$WutLHb',#5,$,$,(#3766),#3778);
#5706= IFCRELDEFINESBYPROPERTIES('038Zi2dJHC6PodjUCCAA1c',#5,$,$,(#4384,#3791),#3794);
#5707= IFCRELDEFINESBYPROPERTIES('2pBz9F$RT8nxYzJumlzc48',#5,$,$,(#4396,#3807),#3812);
#5708= IFCRELDEFINESBYPROPERTIES('0QqDDfY$HBgQpExzsll6Ed',#5,$,$,(#3814),#3816);
#5709= IFCRELDEFINESBYPROPERTIES('2DkRXWb0j5MxnhhgScbIxX',#5,$,$,(#3860,#3854,#3848,#3842,#3836,#3830,#3822),#3824);
#5710= IFCRELDEFINESBYPROPERTIES('1Sdn$NcHTA8xuWUDTu2nu8',#5,$,$,(#3872),#3875);
#5711= IFCRELDEFINESBYPROPERTIES('2E2vQfFQPEIQPLT$i02d67',#5,$,$,(#3877),#3878);
#5712= IFCRELDEFINESBYPROPERTIES('2BqOgjl8r4JRnvJbBPtJrQ',#5,$,$,(#4366,#3906,#3900,#3884),#3886);
#5713= IFCRELDEFINESBYPROPERTIES('0ZWVQLcaP0KB6pCBBirJL3',#5,$,$,(#4447,#4372,#3912,#3892),#3894);
#5714= IFCRELDEFINESBYPROPERTIES('2HDFIdkgD4Ov$clR7n98V3',#5,$,$,(#4334,#3914),#3915);
#5715= IFCRELDEFINESBYPROPERTIES('1O5QTSHyn9pgqOM4AaGW97',#5,$,$,(#4340,#3921),#3923);
#5716= IFCRELDEFINESBYPROPERTIES('0RbXE2sYTCy9vJbU8xqZTk',#5,$,$,(#3943,#3937,#3929),#3931);
#5717= IFCRELDEFINESBYPROPERTIES('3XymH0VED7_O6sGLqm5huo',#5,$,$,(#3955),#3958);
#5718= IFCRELDEFINESBYPROPERTIES('1ChG_tT8rE$uYs5e_2ZT1y',#5,$,$,(#3960),#3964);
#5719= IFCRELDEFINESBYPROPERTIES('0S1Q2cQVXBivItsBx44shV',#5,$,$,(#3960),#3966);
#5720= IFCRELDEFINESBYPROPERTIES('0IbkRCXXH1I8DbbQ8v3JyU',#5,$,$,(#5454,#5377,#5371,#5365,#5359,#5353,#5347,#5336,#5330,#5324,#5318,#5312,#5306,#5300,#4521,#4515,#4509,#4503,#4022,#4016,#3980,#3972),#3974);
#5721= IFCRELDEFINESBYPROPERTIES('1808qBqLT3pRXNrjFHTIap',#5,$,$,(#4425,#4153,#4147,#3995,#3987),#3989);
#5722= IFCRELDEFINESBYPROPERTIES('2IclQDw$L0YPPjDW9uVI1F',#5,$,$,(#4165,#4159,#4010,#4002),#4004);
#5723= IFCRELDEFINESBYPROPERTIES('1mT2BxjyT3FQ8LXbqgCLB8',#5,$,$,(#4960,#4948,#4936,#4924,#4332,#4320,#4308,#4296,#4225,#4213,#4201,#4189,#4114,#4091,#4069,#4040),#4044);
#5724= IFCRELDEFINESBYPROPERTIES('0LY3_LH3z5hhctkmnYfF4W',#5,$,$,(#4960,#4948,#4936,#4320,#4308,#4296,#4213,#4201,#4189,#4091,#4069,#4040),#4046);
#5725= IFCRELDEFINESBYPROPERTIES('3dXMM9P2jDmwk$$rsBvvff',#5,$,$,(#4936,#4296,#4189,#4040),#4051);
#5726= IFCRELDEFINESBYPROPERTIES('0T0GiJIbL8rBDgjSoYsR99',#5,$,$,(#4948,#4308,#4201,#4069),#4074);
#5727= IFCRELDEFINESBYPROPERTIES('37LwX$Sv1DH8CJ0z3fqGJe',#5,$,$,(#4960,#4320,#4213,#4091),#4096);
#5728= IFCRELDEFINESBYPROPERTIES('1Xbv8rQDfELPtjgf__NHOo',#5,$,$,(#4924,#4332,#4225,#4114),#4116);
#5729= IFCRELDEFINESBYPROPERTIES('1SWX8zFH93QBB0mTiDsEOt',#5,$,$,(#4924,#4332,#4225,#4114),#4121);
#5730= IFCRELDEFINESBYPROPERTIES('2rVC7icaHCrRLzwP77fgvJ',#5,$,$,(#4123),#4125);
#5731= IFCRELDEFINESBYPROPERTIES('0bd1XkaFPFHe25WbPVt9Iw',#5,$,$,(#4123),#4127);
#5732= IFCRELDEFINESBYPROPERTIES('2huaWo7y54_8a08_yXCoim',#5,$,$,(#4141,#4133),#4135);
#5733= IFCRELDEFINESBYPROPERTIES('1Urj3eo2PDUgCmovO9kNBw',#5,$,$,(#4227),#4228);
#5734= IFCRELDEFINESBYPROPERTIES('3slj_G62X4Cw89HESlbJN5',#5,$,$,(#4227),#4230);
#5735= IFCRELDEFINESBYPROPERTIES('1sB7jDDgz0kBw4jdyrGmEX',#5,$,$,(#4244,#4236),#4238);
#5736= IFCRELDEFINESBYPROPERTIES('3_Ye46L095UxyUUvFDf$my',#5,$,$,(#4419,#4258,#4250),#4252);
#5737= IFCRELDEFINESBYPROPERTIES('0BlOdwjRr6WulQ$UEHN7MO',#5,$,$,(#4272,#4264),#4266);
#5738= IFCRELDEFINESBYPROPERTIES('3MbhV9XNLD8QJa9T51QgEK',#5,$,$,(#4453,#4413,#4407,#4360,#4354,#4346),#4348);
#5739= IFCRELDEFINESBYPROPERTIES('1nuBwSFoj8UA$Ao0X9oaf6',#5,$,$,(#4398),#4399);
#5740= IFCRELDEFINESBYPROPERTIES('2cc4CQYmL2J9oKqbW0g0RQ',#5,$,$,(#4398),#4401);
#5741= IFCRELDEFINESBYPROPERTIES('2PHS9nZI1548SCKsPbfW19',#5,$,$,(#4431),#4433);
#5742= IFCRELDEFINESBYPROPERTIES('1fEg74FBTAHQwj7n8JbhlT',#5,$,$,(#4439),#4441);
#5743= IFCRELDEFINESBYPROPERTIES('2Dor6uegrDyBS$6PzUleqQ',#5,$,$,(#4455),#4460);
#5744= IFCRELDEFINESBYPROPERTIES('2YPh74rKj1UuglsQKkTvkh',#5,$,$,(#4455),#4462);
#5745= IFCRELDEFINESBYPROPERTIES('15YCFK8xz4YQEF69muRYfn',#5,$,$,(#5454,#5448,#5442,#5436,#5430,#5424,#5418,#5412,#5406,#5400,#5394,#5386,#5377,#5371,#5365,#5359,#5353,#5347,#5336,#5330,#5324,#5318,#5312,#5306,#5300,#5274,#5268,#5262,#5256,#5246,#5240,#5234,#5226,#5120,#5114,#5108,#5102,#5096,#5090,#5084,#5073,#5067,#5061,#5055,#5049,#5043,#5037,#5024,#5018,#5012,#5006,#4994,#4988,#4982,#4974,#4912,#4906,#4900,#4894,#4888,#4882,#4874,#4868,#4862,#4856,#4848,#4836,#4830,#4824,#4816,#4804,#4798,#4792,#4786,#4670,#4664,#4658,#4652,#4646,#4640,#4634,#4628,#4622,#4616,#4608,#4597,#4591,#4585,#4579,#4573,#4567,#4561,#4555,#4549,#4543,#4535,#4521,#4515,#4509,#4503,#4491,#4485,#4479,#4468),#4471);
#5746= IFCRELDEFINESBYPROPERTIES('0Rod9aQN9BXuCOCH$u10kX',#5,$,$,(#4804,#4798,#4792,#4786,#4491,#4485,#4479,#4468),#4473);
#5747= IFCRELDEFINESBYPROPERTIES('3LioZgJg15uwoolIblTukm',#5,$,$,(#4493),#4495);
#5748= IFCRELDEFINESBYPROPERTIES('2PskkZrEXAQf2HlOuJQC_D',#5,$,$,(#4493),#4497);
#5749= IFCRELDEFINESBYPROPERTIES('0j9gLaGD9AkR2GZGffXMP3',#5,$,$,(#4523),#4527);
#5750= IFCRELDEFINESBYPROPERTIES('17royhdaT9Ew$v39r3991V',#5,$,$,(#4523),#4529);
#5751= IFCRELDEFINESBYPROPERTIES('3BPJ$HA255AgbMIj3BwjJI',#5,$,$,(#4597,#4591,#4585,#4579,#4573,#4567,#4561,#4555,#4549,#4543,#4535),#4537);
#5752= IFCRELDEFINESBYPROPERTIES('2W6Hct$HP5$95yMvW7Vbam',#5,$,$,(#4599),#4600);
#5753= IFCRELDEFINESBYPROPERTIES('1fE72nNd9DT92FonxcMgsX',#5,$,$,(#4599),#4602);
#5754= IFCRELDEFINESBYPROPERTIES('2RdmdBMHjC6QM7qxHfvkWZ',#5,$,$,(#4670,#4664,#4658,#4652,#4646,#4640,#4634,#4628,#4622,#4616,#4608),#4610);
#5755= IFCRELDEFINESBYPROPERTIES('1x$BFzAQr06RDtrgMuY76$',#5,$,$,(#5541,#5529,#5514,#5502,#5490,#5478,#5466,#5286,#5211,#5195,#5169,#5139,#4769,#4751,#4727,#4691),#4694);
#5756= IFCRELDEFINESBYPROPERTIES('0XMbUidvP0kA38CMcRWsQK',#5,$,$,(#5529,#5502,#4751,#4691),#4702);
#5757= IFCRELDEFINESBYPROPERTIES('3YPDseT8v9Wh$tS$19$wjI',#5,$,$,(#5529,#5502,#4751,#4691),#4704);
#5758= IFCRELDEFINESBYPROPERTIES('2wG3AOc8r3_88nTP17WCAg',#5,$,$,(#5529,#5502,#4751,#4691),#4709);
#5759= IFCRELDEFINESBYPROPERTIES('2P_D9XR$1AleIPPpsQlVie',#5,$,$,(#5541,#5514,#4769,#4727),#4732);
#5760= IFCRELDEFINESBYPROPERTIES('09FoNkwhLDWwze6ofMp_AH',#5,$,$,(#5541,#5514,#4769,#4727),#4734);
#5761= IFCRELDEFINESBYPROPERTIES('3Z25q6Za134OKdTZtKFRjS',#5,$,$,(#4727),#4739);
#5762= IFCRELDEFINESBYPROPERTIES('12TGYKM7vA$RDyGFqNxEIi',#5,$,$,(#5541,#4769),#4774);
#5763= IFCRELDEFINESBYPROPERTIES('0Tx8dED_H7YB7za1SAsw5b',#5,$,$,(#4776),#4778);
#5764= IFCRELDEFINESBYPROPERTIES('1NaYeh2Hv3AOp4O89ofwN5',#5,$,$,(#4776),#4780);
#5765= IFCRELDEFINESBYPROPERTIES('3ScREBSjr4A8Y8K$fmOr6w',#5,$,$,(#4806),#4808);
#5766= IFCRELDEFINESBYPROPERTIES('3isYMs_Bb7$827mLmSl$Lr',#5,$,$,(#4806),#4810);
#5767= IFCRELDEFINESBYPROPERTIES('1pOYA7rOnDU9WF2JguETmz',#5,$,$,(#4836,#4830,#4824,#4816),#4818);
#5768= IFCRELDEFINESBYPROPERTIES('004JK6tHv1VRiOCirDS9tM',#5,$,$,(#4838),#4840);
#5769= IFCRELDEFINESBYPROPERTIES('1N0m1Grnz06BgrA$m6Pz8l',#5,$,$,(#4838),#4842);
#5770= IFCRELDEFINESBYPROPERTIES('2iYbM49SP6DBwYLd9LWr6H',#5,$,$,(#4900,#4894,#4888,#4882,#4868,#4862,#4856,#4848),#4850);
#5771= IFCRELDEFINESBYPROPERTIES('0bwtbVsYX3vww3KKnF1HdF',#5,$,$,(#4912,#4906,#4874),#4876);
#5772= IFCRELDEFINESBYPROPERTIES('0x_MOfQu57T8w3V1_a53tL',#5,$,$,(#4962),#4966);
#5773= IFCRELDEFINESBYPROPERTIES('345PDoVyDDGuBlennEECk$',#5,$,$,(#4962),#4968);
#5774= IFCRELDEFINESBYPROPERTIES('3JtguP0qPATuC8kRSLd6fm',#5,$,$,(#5024,#5018,#5012,#5006,#4994,#4988,#4982,#4974),#4976);
#5775= IFCRELDEFINESBYPROPERTIES('1fMYqiELPDVv9Y$Wz_d09_',#5,$,$,(#4996),#4998);
#5776= IFCRELDEFINESBYPROPERTIES('2GkAjOpZH9GgHeD$w9TzAG',#5,$,$,(#5248,#5218,#4996),#5000);
#5777= IFCRELDEFINESBYPROPERTIES('1$BjluoY92YfvKujvm7SvJ',#5,$,$,(#5026),#5029);
#5778= IFCRELDEFINESBYPROPERTIES('354sddsmbFneAK8Wo8iPst',#5,$,$,(#5026),#5031);
#5779= IFCRELDEFINESBYPROPERTIES('2LVwkqtPn2dxjwZ_wUPgJA',#5,$,$,(#5075),#5076);
#5780= IFCRELDEFINESBYPROPERTIES('20HQhLfm5F98tTlZUaxtXc',#5,$,$,(#5075),#5078);
#5781= IFCRELDEFINESBYPROPERTIES('01ITef8t5BevWXj4l5eFGo',#5,$,$,(#5490,#5286,#5211,#5139),#5144);
#5782= IFCRELDEFINESBYPROPERTIES('2tyahC7ubAvvNHaeUSBhVc',#5,$,$,(#5490,#5286,#5211,#5139),#5146);
#5783= IFCRELDEFINESBYPROPERTIES('307LhlPRr0bQSeaSvoglt3',#5,$,$,(#5139),#5151);
#5784= IFCRELDEFINESBYPROPERTIES('2JI$aDcB54AA7xglr5A5b5',#5,$,$,(#5478,#5466,#5195,#5169),#5174);
#5785= IFCRELDEFINESBYPROPERTIES('2jpWYJ1jX3vxf$HHq0YDzA',#5,$,$,(#5478,#5466,#5195,#5169),#5176);
#5786= IFCRELDEFINESBYPROPERTIES('3GB0m4aJfBSRDlzNaOTIHO',#5,$,$,(#5169),#5181);
#5787= IFCRELDEFINESBYPROPERTIES('2f9EGSwKz0EwA1grrTUAgj',#5,$,$,(#5478,#5466,#5195),#5198);
#5788= IFCRELDEFINESBYPROPERTIES('3HTwUutKD7_9co7R7OoNpO',#5,$,$,(#5490,#5211),#5216);
#5789= IFCRELDEFINESBYPROPERTIES('1vuZxsEsj0ofmf9lIQHYbP',#5,$,$,(#5218),#5220);
#5790= IFCRELDEFINESBYPROPERTIES('3ahIxHTxf8Uu5v1OF7Dw_D',#5,$,$,(#5274,#5268,#5262,#5256,#5246,#5240,#5234,#5226),#5228);
#5791= IFCRELDEFINESBYPROPERTIES('2GFtmULc9COg2TdQQG7EXB',#5,$,$,(#5248),#5250);
#5792= IFCRELDEFINESBYPROPERTIES('1rVmuHkMj3x8haNgc23awi',#5,$,$,(#5286),#5289);
#5793= IFCRELDEFINESBYPROPERTIES('0w_4L5kx14Z8Qm6GP417ku',#5,$,$,(#5291),#5292);
#5794= IFCRELDEFINESBYPROPERTIES('1rEBFAXXzC1OVlvw$UlMMZ',#5,$,$,(#5291),#5294);
#5795= IFCRELDEFINESBYPROPERTIES('3KIMIlaCf7lQl5Ihx9Q4C_',#5,$,$,(#5338),#5339);
#5796= IFCRELDEFINESBYPROPERTIES('0leEsIjXX3KfYqNP5xWyXh',#5,$,$,(#5379,#5338),#5341);
#5797= IFCRELDEFINESBYPROPERTIES('2vcZKHbfz8QOX4wxGwMySu',#5,$,$,(#5379),#5380);
#5798= IFCRELDEFINESBYPROPERTIES('16S_JAYln1GA3o6rgw7xxW',#5,$,$,(#5448,#5442,#5436,#5430,#5424,#5418,#5412,#5406,#5400,#5394,#5386),#5388);
#5799= IFCRELDEFINESBYPROPERTIES('3gHsMjxjb93PyyOeSrc7iV',#5,$,$,(#5514),#5517);
#5800= IFCRELDEFINESBYTYPE('27rClzOWz0KwM$id4kRtRT',#5,$,$,(#5454,#5448,#5442,#5436,#5430,#5424,#5418,#5412,#5406,#5400,#5394,#5386,#5377,#5371,#5365,#5359,#5353,#5347,#5336,#5330,#5324,#5318,#5312,#5306,#5300,#5274,#5268,#5262,#5256,#5246,#5240,#5234,#5226,#5120,#5114,#5108,#5102,#5096,#5090,#5084,#5073,#5067,#5061,#5055,#5049,#5043,#5037,#5024,#5018,#5012,#5006,#4994,#4988,#4982,#4974,#4912,#4906,#4900,#4894,#4888,#4882,#4874,#4868,#4862,#4856,#4848,#4836,#4830,#4824,#4816,#4804,#4798,#4792,#4786,#4670,#4664,#4658,#4652,#4646,#4640,#4634,#4628,#4622,#4616,#4608,#4597,#4591,#4585,#4579,#4573,#4567,#4561,#4555,#4549,#4543,#4535,#4521,#4515,#4509,#4503,#4491,#4485,#4479,#4468,#4453,#4447,#4439,#4431,#4425,#4419,#4413,#4407,#4372,#4366,#4360,#4354,#4346,#4340,#4284,#4278,#4272,#4264,#4258,#4250,#4244,#4236,#4177,#4171,#4165,#4159,#4153,#4147,#4141,#4133,#4022,#4016,#4010,#4002,#3995,#3987,#3980,#3972,#3943,#3937,#3929,#3921,#3912,#3906,#3900,#3892,#3884,#3860,#3854,#3848,#3842,#3836,#3830,#3822,#3717,#3711,#3705,#3699,#3693,#3687,#3678,#3672,#3666,#3660,#3646,#3640,#3634,#3628,#3622,#3612,#3606,#3600,#3594,#3588,#3582,#3574,#3513,#3498,#3492,#3486,#3477,#3471,#3465,#3459,#3453,#3447,#3441,#3435,#3429,#3423,#3417,#3411,#3405,#3399,#3393,#3385,#3379,#3373,#3367,#3361,#3355,#3349,#3343,#3337,#3331,#3325,#3319,#3313,#3307,#3301,#3293,#3287,#3281,#3275,#3269,#3263,#3257,#3251,#3245,#3239,#3233,#3227,#3221,#3215,#3209,#3199,#3193,#3187,#3181,#3175,#3169,#3163,#3157,#3151,#3145,#3139,#3133,#3127,#3121,#3113,#2586,#2571,#2565,#2559,#2550,#2544,#2538,#2532,#2526,#2520,#2514,#2508,#2502,#2496,#2490,#2484,#2478,#2472,#2466,#2458,#2452,#2446,#2440,#2434,#2428,#2422,#2416,#2410,#2404,#2398,#2392,#2386,#2380,#2372,#2364,#2358,#2352,#2346,#2340,#2334,#2328,#2322,#2316,#2310,#2304,#2298,#2292,#2286,#2280,#2270,#2264,#2258,#2252,#2246,#2240,#2234,#2228,#2222,#2216,#2210,#2204,#2198,#2192,#2184,#2093,#2078,#2072,#2066,#2057,#2051,#2045,#2039,#2033,#2027,#2021,#2015,#2009,#2003,#1997,#1991,#1985,#1979,#1973,#1965,#1959,#1953,#1947,#1941,#1935,#1929,#1923,#1917,#1911,#1905,#1899,#1893,#1887,#1881,#1873,#1867,#1861,#1855,#1849,#1843,#1837,#1831,#1825,#1819,#1813,#1807,#1801,#1795,#1789,#1779,#1773,#1767,#1761,#1755,#1749,#1743,#1737,#1731,#1725,#1719,#1713,#1707,#1701,#1693,#1674,#1659,#1653,#1647,#1638,#1632,#1626,#1620,#1614,#1608,#1602,#1596,#1590,#1584,#1578,#1572,#1566,#1560,#1554,#1546,#1540,#1534,#1528,#1522,#1516,#1510,#1504,#1498,#1492,#1486,#1480,#1474,#1468,#1462,#1454,#1448,#1442,#1436,#1430,#1424,#1418,#1412,#1406,#1400,#1394,#1388,#1382,#1376,#1370,#1360,#1354,#1348,#1342,#1336,#1330,#1324,#1318,#1312,#1306,#1300,#1294,#1288,#1282,#1274,#1122,#1107,#1101,#1095,#1086,#1080,#1074,#1068,#1062,#1056,#1050,#1044,#1038,#1032,#1026,#1020,#1014,#1008,#1002,#994,#988,#982,#976,#970,#964,#958,#952,#946,#940,#934,#928,#922,#916,#910,#902,#896,#890,#884,#878,#872,#866,#860,#854,#848,#842,#836,#830,#824,#818,#808,#802,#796,#790,#784,#778,#772,#766,#760,#754,#748,#742,#736,#730,#722,#688,#637,#631,#623,#609,#603,#597,#591,#585,#579,#573,#567,#561,#555,#549,#543,#537,#531,#525,#517,#511,#505,#499,#493,#487,#481,#475,#469,#463,#457,#451,#445,#439,#433,#422,#416,#410,#404,#398,#392,#386,#380,#374,#368,#362,#356,#350,#344,#338,#326,#320,#314,#308,#302,#296,#290,#284,#278,#272,#266,#260,#254,#248,#213),#214);
#5801= IFCRELDEFINESBYTYPE('1WSW6GnNDF98A655J9wZTO',#5,$,$,(#4960,#4948,#4936,#4924,#4396,#4384,#4332,#4320,#4308,#4296,#4225,#4213,#4201,#4189,#4114,#4091,#4069,#4040,#3955,#3872,#3807,#3791,#3766,#3735,#3561,#3546,#3540,#3534,#3528,#3522,#3507,#2631,#2619,#2613,#2607,#2601,#2595,#2580,#2174,#2162,#2156,#2150,#2144,#2138,#2126,#2120,#2114,#2108,#2102,#2087,#1683,#1668,#1257,#1244,#1238,#1232,#1226,#1207,#1187,#1181,#1164,#1141,#1131,#1116,#705,#661),#662);
#5802= IFCRELDEFINESBYTYPE('2SHVuRiE1FuAU_w9X6W9KO',#5,$,$,(#3053,#3041,#3035,#3029,#3023,#3017,#2853,#2847,#2824,#2818,#2757,#2674),#2675);
#5803= IFCRELDEFINESBYTYPE('13XyX6A9H6MPLLtaPrMNpo',#5,$,$,(#3059,#3047,#2830,#2791),#2792);
#5804= IFCRELDEFINESBYTYPE('0oftdiZbr9yuBNHNGeHlex',#5,$,$,(#3083,#3077,#3071,#3065,#2911,#2905,#2899,#2873),#2874);
#5805= IFCRELDEFINESBYTYPE('2uec54od9BHvlEGlHK4zRi',#5,$,$,(#3101,#3092,#2959,#2930),#2931);
#5806= IFCRELDEFINESBYTYPE('3Up5uTGHz2qv5kcHsngqS4',#5,$,$,(#5553,#2987),#2988);
#5807= IFCRELDEFINESBYTYPE('3q2lh7$yr0AurL2Bfs9Ni1',#5,$,$,(#5541,#5529,#5514,#5502,#5490,#5478,#5466,#5286,#5211,#5195,#5169,#5139,#4769,#4751,#4727,#4691),#4692);
#5808= IFCRELASSOCIATESMATERIAL('3VTJgBf8HAnOY$glmfegGm',#5,$,$,(#5454,#5448,#5442,#5436,#5430,#5424,#5418,#5412,#5406,#5400,#5394,#5386,#5377,#5371,#5365,#5359,#5353,#5347,#5336,#5330,#5324,#5318,#5312,#5306,#5300,#5274,#5268,#5262,#5256,#5246,#5240,#5234,#5226,#5120,#5114,#5108,#5102,#5096,#5090,#5084,#5073,#5067,#5061,#5055,#5049,#5043,#5037,#5024,#5018,#5012,#5006,#4994,#4988,#4982,#4974,#4912,#4906,#4900,#4894,#4888,#4882,#4874,#4868,#4862,#4856,#4848,#4836,#4830,#4824,#4816,#4804,#4798,#4792,#4786,#4670,#4664,#4658,#4652,#4646,#4640,#4634,#4628,#4622,#4616,#4608,#4597,#4591,#4585,#4579,#4573,#4567,#4561,#4555,#4549,#4543,#4535,#4521,#4515,#4509,#4503,#4491,#4485,#4479,#4468,#4453,#4447,#4439,#4431,#4425,#4419,#4413,#4407,#4372,#4366,#4360,#4354,#4346,#4340,#4284,#4278,#4272,#4264,#4258,#4250,#4244,#4236,#4177,#4171,#4165,#4159,#4153,#4147,#4141,#4133,#4022,#4016,#4010,#4002,#3995,#3987,#3980,#3972,#3943,#3937,#3929,#3921,#3912,#3906,#3900,#3892,#3884,#3860,#3854,#3848,#3842,#3836,#3830,#3822,#3717,#3711,#3705,#3699,#3693,#3687,#3678,#3672,#3666,#3660,#3646,#3640,#3634,#3628,#3622,#3612,#3606,#3600,#3594,#3588,#3582,#3574,#3513,#3498,#3492,#3486,#3477,#3471,#3465,#3459,#3453,#3447,#3441,#3435,#3429,#3423,#3417,#3411,#3405,#3399,#3393,#3385,#3379,#3373,#3367,#3361,#3355,#3349,#3343,#3337,#3331,#3325,#3319,#3313,#3307,#3301,#3293,#3287,#3281,#3275,#3269,#3263,#3257,#3251,#3245,#3239,#3233,#3227,#3221,#3215,#3209,#3199,#3193,#3187,#3181,#3175,#3169,#3163,#3157,#3151,#3145,#3139,#3133,#3127,#3121,#3113,#2586,#2571,#2565,#2559,#2550,#2544,#2538,#2532,#2526,#2520,#2514,#2508,#2502,#2496,#2490,#2484,#2478,#2472,#2466,#2458,#2452,#2446,#2440,#2434,#2428,#2422,#2416,#2410,#2404,#2398,#2392,#2386,#2380,#2372,#2364,#2358,#2352,#2346,#2340,#2334,#2328,#2322,#2316,#2310,#2304,#2298,#2292,#2286,#2280,#2270,#2264,#2258,#2252,#2246,#2240,#2234,#2228,#2222,#2216,#2210,#2204,#2198,#2192,#2184,#2093,#2078,#2072,#2066,#2057,#2051,#2045,#2039,#2033,#2027,#2021,#2015,#2009,#2003,#1997,#1991,#1985,#1979,#1973,#1965,#1959,#1953,#1947,#1941,#1935,#1929,#1923,#1917,#1911,#1905,#1899,#1893,#1887,#1881,#1873,#1867,#1861,#1855,#1849,#1843,#1837,#1831,#1825,#1819,#1813,#1807,#1801,#1795,#1789,#1779,#1773,#1767,#1761,#1755,#1749,#1743,#1737,#1731,#1725,#1719,#1713,#1707,#1701,#1693,#1674,#1659,#1653,#1647,#1638,#1632,#1626,#1620,#1614,#1608,#1602,#1596,#1590,#1584,#1578,#1572,#1566,#1560,#1554,#1546,#1540,#1534,#1528,#1522,#1516,#1510,#1504,#1498,#1492,#1486,#1480,#1474,#1468,#1462,#1454,#1448,#1442,#1436,#1430,#1424,#1418,#1412,#1406,#1400,#1394,#1388,#1382,#1376,#1370,#1360,#1354,#1348,#1342,#1336,#1330,#1324,#1318,#1312,#1306,#1300,#1294,#1288,#1282,#1274,#1122,#1107,#1101,#1095,#1086,#1080,#1074,#1068,#1062,#1056,#1050,#1044,#1038,#1032,#1026,#1020,#1014,#1008,#1002,#994,#988,#982,#976,#970,#964,#958,#952,#946,#940,#934,#928,#922,#916,#910,#902,#896,#890,#884,#878,#872,#866,#860,#854,#848,#842,#836,#830,#824,#818,#808,#802,#796,#790,#784,#778,#772,#766,#760,#754,#748,#742,#736,#730,#722,#688,#637,#631,#623,#609,#603,#597,#591,#585,#579,#573,#567,#561,#555,#549,#543,#537,#531,#525,#517,#511,#505,#499,#493,#487,#481,#475,#469,#463,#457,#451,#445,#439,#433,#422,#416,#410,#404,#398,#392,#386,#380,#374,#368,#362,#356,#350,#344,#338,#326,#320,#314,#308,#302,#296,#290,#284,#278,#272,#266,#260,#254,#248,#213),#242);
#5809= IFCRELASSOCIATESMATERIAL('1DaoElRqv6bgig4oQGbuCf',#5,$,$,(#5553,#5541,#5529,#5514,#5502,#5490,#5478,#5466,#5286,#5211,#5195,#5169,#5139,#4960,#4948,#4936,#4924,#4769,#4751,#4727,#4691,#4396,#4384,#4332,#4320,#4308,#4296,#4225,#4213,#4201,#4189,#4114,#4091,#4069,#4040,#3955,#3872,#3807,#3791,#3766,#3735,#3561,#3546,#3540,#3534,#3528,#3522,#3507,#3083,#3077,#3071,#3065,#3059,#3047,#2987,#2911,#2905,#2899,#2873,#2830,#2791,#2631,#2619,#2613,#2607,#2601,#2595,#2580,#2174,#2162,#2156,#2150,#2144,#2138,#2126,#2120,#2114,#2108,#2102,#2087,#1683,#1668,#1257,#1244,#1238,#1232,#1226,#1207,#1187,#1181,#1164,#1141,#1131,#1116,#705,#661),#682);
#5810= IFCRELASSOCIATESMATERIAL('1I2FZCOgrBJ9zWgfFWcpVP',#5,$,$,(#3035,#3029,#3023,#3017,#2853,#2847,#2818,#2674),#2693);
#5811= IFCRELASSOCIATESMATERIAL('2fHUNJgmb33eTJgfJ00ful',#5,$,$,(#3053,#3041,#2824,#2757),#2772);
#5812= IFCRELASSOCIATESMATERIAL('2sq5AZfpX2lucsuXb7uUGL',#5,$,$,(#3101,#3092,#2959,#2930),#2950);
#5813= IFCPRESENTATIONLAYERASSIGNMENT('Kamst\S\el',$,(#208,#243,#249,#255,#261,#267,#273,#279,#285,#291,#297,#303,#309,#315,#321,#333,#339,#345,#351,#357,#363,#369,#375,#381,#387,#393,#399,#405,#411,#417,#427,#434,#440,#446,#452,#458,#464,#470,#476,#482,#488,#494,#500,#506,#512,#520,#526,#532,#538,#544,#550,#556,#562,#568,#574,#580,#586,#592,#598,#604,#617,#626,#632,#683,#717,#725,#731,#737,#743,#749,#755,#761,#767,#773,#779,#785,#791,#797,#803,#813,#819,#825,#831,#837,#843,#849,#855,#861,#867,#873,#879,#885,#891,#897,#905,#911,#917,#923,#929,#935,#941,#947,#953,#959,#965,#971,#977,#983,#989,#997,#1003,#1009,#1015,#1021,#1027,#1033,#1039,#1045,#1051,#1057,#1063,#1069,#1075,#1081,#1090,#1096,#1102,#1117,#1269,#1277,#1283,#1289,#1295,#1301,#1307,#1313,#1319,#1325,#1331,#1337,#1343,#1349,#1355,#1365,#1371,#1377,#1383,#1389,#1395,#1401,#1407,#1413,#1419,#1425,#1431,#1437,#1443,#1449,#1457,#1463,#1469,#1475,#1481,#1487,#1493,#1499,#1505,#1511,#1517,#1523,#1529,#1535,#1541,#1549,#1555,#1561,#1567,#1573,#1579,#1585,#1591,#1597,#1603,#1609,#1615,#1621,#1627,#1633,#1642,#1648,#1654,#1669,#1688,#1696,#1702,#1708,#1714,#1720,#1726,#1732,#1738,#1744,#1750,#1756,#1762,#1768,#1774,#1784,#1790,#1796,#1802,#1808,#1814,#1820,#1826,#1832,#1838,#1844,#1850,#1856,#1862,#1868,#1876,#1882,#1888,#1894,#1900,#1906,#1912,#1918,#1924,#1930,#1936,#1942,#1948,#1954,#1960,#1968,#1974,#1980,#1986,#1992,#1998,#2004,#2010,#2016,#2022,#2028,#2034,#2040,#2046,#2052,#2061,#2067,#2073,#2088,#2179,#2187,#2193,#2199,#2205,#2211,#2217,#2223,#2229,#2235,#2241,#2247,#2253,#2259,#2265,#2275,#2281,#2287,#2293,#2299,#2305,#2311,#2317,#2323,#2329,#2335,#2341,#2347,#2353,#2359,#2367,#2375,#2381,#2387,#2393,#2399,#2405,#2411,#2417,#2423,#2429,#2435,#2441,#2447,#2453,#2461,#2467,#2473,#2479,#2485,#2491,#2497,#2503,#2509,#2515,#2521,#2527,#2533,#2539,#2545,#2554,#2560,#2566,#2581,#3108,#3116,#3122,#3128,#3134,#3140,#3146,#3152,#3158,#3164,#3170,#3176,#3182,#3188,#3194,#3204,#3210,#3216,#3222,#3228,#3234,#3240,#3246,#3252,#3258,#3264,#3270,#3276,#3282,#3288,#3296,#3302,#3308,#3314,#3320,#3326,#3332,#3338,#3344,#3350,#3356,#3362,#3368,#3374,#3380,#3388,#3394,#3400,#3406,#3412,#3418,#3424,#3430,#3436,#3442,#3448,#3454,#3460,#3466,#3472,#3481,#3487,#3493,#3508,#3569,#3577,#3583,#3589,#3595,#3601,#3607,#3617,#3623,#3629,#3635,#3641,#3655,#3661,#3667,#3673,#3682,#3688,#3694,#3700,#3706,#3712,#3817,#3825,#3831,#3837,#3843,#3849,#3855,#3879,#3887,#3895,#3901,#3907,#3916,#3924,#3932,#3938,#3967,#3975,#3981,#3990,#3996,#4005,#4011,#4017,#4128,#4136,#4142,#4148,#4154,#4160,#4166,#4172,#4231,#4239,#4245,#4253,#4259,#4267,#4273,#4279,#4335,#4341,#4349,#4355,#4361,#4367,#4402,#4408,#4414,#4420,#4426,#4434,#4442,#4448,#4463,#4474,#4480,#4486,#4498,#4504,#4510,#4516,#4530,#4538,#4544,#4550,#4556,#4562,#4568,#4574,#4580,#4586,#4592,#4603,#4611,#4617,#4623,#4629,#4635,#4641,#4647,#4653,#4659,#4665,#4781,#4787,#4793,#4799,#4811,#4819,#4825,#4831,#4843,#4851,#4857,#4863,#4869,#4877,#4883,#4889,#4895,#4901,#4907,#4969,#4977,#4983,#4989,#5001,#5007,#5013,#5019,#5032,#5038,#5044,#5050,#5056,#5062,#5068,#5079,#5085,#5091,#5097,#5103,#5109,#5115,#5221,#5229,#5235,#5241,#5251,#5257,#5263,#5269,#5295,#5301,#5307,#5313,#5319,#5325,#5331,#5342,#5348,#5354,#5360,#5366,#5372,#5381,#5389,#5395,#5401,#5407,#5413,#5419,#5425,#5431,#5437,#5443,#5449),$);
#5814= IFCPRESENTATIONLAYERASSIGNMENT('Drager',$,(#655,#699,#1111,#1126,#1135,#1158,#1176,#1182,#1201,#1221,#1227,#1233,#1239,#1252,#1663,#1678,#2082,#2097,#2103,#2109,#2115,#2121,#2133,#2139,#2145,#2151,#2157,#2169,#2575,#2590,#2596,#2602,#2608,#2614,#2626,#2981,#3502,#3517,#3523,#3529,#3535,#3541,#3556,#3729,#3760,#3786,#3802,#3867,#3950,#4034,#4063,#4085,#4107,#4184,#4196,#4208,#4220,#4291,#4303,#4315,#4327,#4379,#4391,#4685,#4721,#4746,#4763,#4919,#4931,#4943,#4955,#5133,#5163,#5190,#5206,#5281,#5461,#5473,#5485,#5497,#5509,#5524,#5536,#5548),$);
#5815= IFCPRESENTATIONLAYERASSIGNMENT('BoltArray',$,(#2669,#2752,#2813,#2819,#2842,#2848,#3012,#3018,#3024,#3030,#3036,#3048),$);
#5816= IFCPRESENTATIONLAYERASSIGNMENT('Fladst\S\el',$,(#2785,#2825,#3042,#3054),$);
#5817= IFCPRESENTATIONLAYERASSIGNMENT('Afstivning',$,(#2867,#2894,#2900,#2906,#3060,#3066,#3072,#3078),$);
#5818= IFCPRESENTATIONLAYERASSIGNMENT('Konsol',$,(#2923,#2954,#3087,#3096),$);
ENDSEC;

END-ISO-10303-21;
